case_id,pmcid,gender,age,case_text
PMC6689839_01,PMC6689839,Female,4.0,"A 4 years old girl, was brought by the parents to the emergency unit of the ""Hopital Saint Jean de Dieu"" in Tanguieta, north of Benin at lunchtime. The parents referred abdominal pain and tenderness, fever, vomiting and anorexia since 48 hours, treated with local herbs infuse. The patient was agitated but confused, Glasgow Coma Scale 12 (E3, V4, M5), arterial blood pressure 75/50 mm Hg, heart rate of 135 beats/min, body temperature 38.9 C and respiratory rate of 22 cycles/min. Abdominal test revealed a remarkable symmetrical distention, with bulging flanks, positive fluid thrill. Crying on every attempt of abdominal palpation, which revealed tenderness and pain on all the abdomen. The percussion of the abdomen was dull on all the quadrants, no peristalsis. The patient was tachypnoic with no particular findings on the thorax examination. Abdominal ultrasound exam revealed diffuse and massive ascites of mixed liquid/solid content. Laboratory findings included a normal cell counts: white blood cells 1300 cells/mm3 (normal value 5000-10000 cells/mm3), hemoglobin 7.7 g/dl (normal value 12-15 g/dl), sodium 136 mEq/L (normal value 135-145 mEq/L), potassium 5.6 mEq/L (normal value 3.5-5.1 mEq/L), ESR 44 mm/h (normal value 3-13 mm/h). Obtained the consent from the parents, nasogastric and vescical catheters were positioned, and the patient was brought to the operatory room, candidate to emergency explorative laparotomy. Under general endotracheal anesthesia with halothane, the emergency laparotomy with midline incision, revealed 4 liters of purulent/alimentary free peritoneal fluid, massive retroperitoneal lymphomegaly, multiple caseous nodes diffuse on the peritoneum and the bowel, measuring about 0.5 to 4 mm of diameter, and some bigger nodules (up to 1.5 cm) covered by caseous mucus with the suspect aspect of miliary peritoneal tuberculosis. On the middle jejunum 3 major perforations on the antimesenteric side of the bowel were identified, surrounded by hyperemic and inflamated tissue with the typical aspect of typhoid bowel perforation.
Some intestinal hyperemic intestinal typhoid lesions were also present, but not perforated yet. The surgical findings are shown in Figure 1, Figure 2. The surgical procedure included a lavage of the abdominal cavity and exploration of all the bowel for small lesion or perforations. A primary closure of the 3 perforations was performed with a separate stitch technique always used in the hospital: a single-layer suture with 6 large vicryl 2/0 ""U"" stitches, through the seromuscular layer at 1cm from the perforation, to use the healthy tissue to close the perforation in a part of the bowel where there was less inflammatory involvement, with introflection of the perforation itself. A sample of the purulent material was taken for analysis, together with 2 peritoneal nodules. Considering the severity of the abdominal contamination, a delayed primary closure was planned, 3 drains were placed and a laparostomy was done fixing a grease gauze to the open aponeurosis with a continuous non-absorbable suture covered with sterile sponges. The samples sent for laboratory analysis showed a high load of acid fast bacilli on Ziehl-Neelsen staining and positive serology for Salmonella tiphy bacillus. The patient was very unstable throughout all the procedure, requiring correction of fluid and electrolyte imbalance, and one blood transfusion. A combined therapy of ciprofloxacine and metronidazole was administered intravenously ad the end of the surgical procedure for the treatment of the typhoid fever clearly recognized by the experienced local surgeon. A specifical treatment for the miliary peritoneal tuberculosis was not started due to the not certain origin of the peritoneal lesions. The general condition of the patient got worse hour by hour with a progressive septic shock and multi-organ failure. The young girl died 18 hours after the surgical procedure."
PMC5574469_01,PMC5574469,Male,12.0,"A 12-year-old Indian boy was admitted to our institution with a prolonged fever of 1 month duration, with maximum temperatures above 40 C. This was associated with watery, nonbloody diarrhea, with intermittent vomiting and abdominal pain. There was a travel history to India for 1 month, and the patient had returned to Singapore 1 week prior to the admission. The patient had visited several rural areas in Kerala and Bangalore during his travel. There was no history of raw food intake or animal contact. His vaccinations were up-to-date according to the national immunization schedule, but he had not received the typhoid vaccine prior to travel. At this time, his 21-year-old older sister was also admitted to another hospital with fever and diarrhea. There was no prior treatment with antibiotics. No significant past illnesses were reported.
On admission, the child was alert and oriented and no pallor or jaundice was noted. Mucosal membranes appeared dry but perfusion was good with a capillary-refill time of less than 2 seconds. His temperature was 38.2 C, with a pulse rate of 150 bpm and a blood pressure of 90/48 mm Hg. On examination, his heart sounds were dual and breath sounds were vesicular, with no added sounds. His abdomen was soft, with mild tenderness over the right hypochondrium, and there was no guarding or rigidity. He had no hepatomegaly or splenomegaly. There was no rash or eschar noted. The rest of the systemic examination was unremarkable. Heart rate and blood pressure responded well to a fluid bolus given in the emergency department and subsequently remained stable. He was started empirically on intravenous ceftriaxone 100 mg/kg/day for presumptive enteric fever.
The aerobic and anaerobic blood cultures grew Salmonella typhi, which were sensitive to ampicillin, co-trimoxazole and ceftriaxone. Widal Weil Felix (WWF) serology showed titers of 1/160 for S typhi O-AB, 1/640 for S typhi H-AB, 1/80 for Salmonella paratyphi A O-AB, 1/320 for S paratyphi A H-AB, and 1/80 for S paratyphi B O-AB. Proteus OXK AB and Proteus OX19 AB were not detected. The full blood count showed pancytopenia, with a hemoglobin level of 8.7 g/dL, white blood cell count of 3.47 x 109/L and a platelet count of 90 x 109/L. Liver function tests revealed elevated transaminases with an alanine transaminase level of 188 U/L and an aspartate transaminase level of 186 U/L. An ultrasound of the abdomen showed cecal and terminal ileal bowel wall thickening with enlargement of mesenteric lymph nodes.
The patient continued to be persistently febrile despite 9 days of intravenous ceftriaxone. Repeat blood cultures were negative for bacterial growth. Oral co-trimoxazole 4 mg/kg BD was added to provide added cover for typhoid fever. Table 1 shows the timeline of his hematological and biochemical investigations. Microbiological investigations performed are summarized in Table 2.
On day 16 of ceftriaxone and oral co-trimoxazole, the patient remained persistently febrile. Diarrhea was also persistent although noted to be on an improving trend. At this point, a further infective workup was done, which included blood film for malaria parasite, Rickettsia typhi serology and Orientia tsutsugamushi serology. Two days later, Orientia tsutsugamushi serology results returned positive at IgG >=64. The patient was started on oral doxycycline 100 mg twice daily. Ceftriaxone and co-trimoxazole were stopped. Fever resolved on day 2 of doxycycline, and the patient was discharged after being afebrile for more than 24 hours, to complete a 7-day course of doxycycline. Subsequent follow-up revealed a well child with complete resolution of fever and symptoms."
PMC6850740_02,PMC6850740,Female,74.0,"A 74-year-old woman, living in Tunis, Tunisia, was admitted for an investigation of fever evolving since weeks accompanied by sweating and chills. Oral temperature ranging from 38 to 39 C had been regularly measured. She also complained of fatigue, diarrhea, unclear abdominal pain and occasional non-productive cough. Her sole medical history was a well-controlled hypertension. Physical examination was poor, revealing a palpable spleen just below the left costal margin after deep inspiration. A well-circumscribed, erythematous plaque with a thin rolled border and large erosions and crusts on the surface A single well-defined, ulcer surrounded by erythematous edging, with serous oozing (3x3cm in size), was observed at her right arm near the axilla (<PMC6850740_PAMJ-34-8-g001_A_1_2.webp>). The patient reported that the lesion was painless without tendency to heal, but could not precisely recall when it had first appeared (2 or 3 years). The rest of the physical examination was essentially normal. Otherwise, the patient presented neither risk factors of HIV infection nor chronic disease, transfusion or immunosuppressive therapy. Laboratory findings on admission demonstrated in the blood count a pancytopenia with normocytic normochromic anemia (hemoglobin of 8.7 g/dL), leucocytopenia (2900/mm3) and thrombocytopenia (113000/mm3). Sedimentation rate was 115mm (1st hour), C-reactive protein 215mg/l and procalcitonine <0.5 ng/ml. Serum Protein Electrophoresis displayed an abnormal pattern with a hypoalbuminemia at 31.1 g/l and a monoclonal hypergammaglobulinemia at 38.4 g/l. Her renal, liver and hemostasis function tests were normal. Chest imaging and cardiac ultrasounds were within normal limits. However, abdomino-pelvic imaging (ultrasound and scan) revealed the presence of a homogenous hepatosplenomegaly. Initially differential diagnosis mainly included brucellosis, typhoid fever, visceral leishmaniasis and hematological malignancies. Bacteriological cultures of blood (3 series), stool and urine revealed all negative. Hepatitis B Virus, Salmonella and Brucella antibody tests were also unrevealing. However, Leishmania rk39 immuno-chromatography test was positive, consistent with a VL diagnosis. A bone marrow aspiration was performed. Its parasitological examination revealed the presence of Leishmania amastigote forms. The patient serum was also positive for Leishmania anti-bodies by immunofluorescence antibody test (titer = 1/400). Blood parasite load determined by a real time quantitative PCR (qPCR) targeting the Leishmania kinetoplast was 400 parasites/ml.
On another hand, direct microscopic examination performed on skin smears showed no Leishmania amastigotes. However, Leishmania DNA amplification was obtained from the dermal DNA extract, using the same qPCR. Molecular typing of isolates obtained from both samples (blood and skin) was carried out by sequence analysis of ribosomal internal transcribed spacer 1 (ITS1) region of rRNA gene. This analysis showed that the Leishmania strains from the arm cutaneous lesion and the blood corresponded to the species L. infantum and were 100% identical. Visceral Leishmaniasis diagnosis was retained and a course of anti-leishmanial therapy with intravenous amphotericin B deoxycholate at a dose of 1 g/kg/day every 2 days was started. The patient developed a mild renal failure, which was corrected after spacing the cures and rehydration. The response to treatment was rapidly favorable with apyrexia and an improvement in general conditions including resolution of fatigue and increased appetite. The splenomegaly resolved and blood count levels returned to reference ranges. Real-time PCR in blood after 28 days of treatment revealed negative. However, the skin lesion did not improve although Leishmania qPCR on dermal sample became negative. The physician reconsidered CL diagnosis and recommended a skin biopsy which was refused by the patient. A year later, the lesion was clinically almost the same (<PMC6850740_PAMJ-34-8-g001_B_2_2.webp>). A polarized dermoscopy examination revealed ulcerations and short, fine arborizing vessels (<PMC6850740_PAMJ-34-8-g002_undivided_1_1.webp>), evocative of a basal cell carcinoma. Histopathology examination of the skin lesion biopsy, finally accepted by the patient, confirmed the diagnosis of basal cell carcinoma. A complete excision of the tumor was performed and the evolution was good."
PMC9922567_04,PMC9922567,Male,,"The patient's SARS-CoV-2 Reverse Transcriptase -Polymerase Chain Reaction (RT-PCR) was sent, which was negative. However, SARS CoV-2 total antibodies report was positive [81,360 reference interval, 1000 index (S/C)] with SARS CoV-2 IgM positive. On admission patient's complete Blood count was normal. His renal function test was deranged with a creatinine of 2.5 mg/dl and urea of 74 mg/dl. The liver function tests were deranged with alanine transaminase of [944 U/L; reference interval 7 to 55 U/Lt] and aspartate transaminase of [1138 U/L; reference interval 8-48 U/Lt]. The patient's Inflammatory markers were as follows C-Reactive Protein- [16.2 mg/L reference interval low cardiovascular risk <2.0 mg/L], Ferritin- [794.12 ng/ml; male reference interval 21.81-274.66], d-dimer- 1612 ng/ml, which increased up to [>10,000 ng/ml; reference interval 0 to 500 ng/ml] on the fifth day of admission in subsequent days and serum Lactate Dehydrogenase [1674 U/L; reference interval 85 to 227 U/Lt]. The patient's Troponin I level was normal, and Creatinine Kinase MB (CKMB) was [78 IU/mL; reference interval < 24 U/Lt] interleukin-6 levels were done on day three of admission and were high at [12.94 pg/mL; reference interval < 7 pg/mL] The patient thyroid profile showed an elevated Thyroid Stimulating Hormone (TSH) of [37.25 microIU/mL; reference interval 0.35 to 4.94 microIU/mL, normal T3 and T4, but positive Anti-Thyroid Peroxidase antibodies [191.69 IU/mL; reference interval <5.61 IU/mL] (table 1). The patient was non-diabetic and was negative for dengue, typhoid, Leptospira, and Malaria serologies; in such a scenario, diagnosis of post-COVID-19, Multisystem inflammatory syndrome-Adult was considered as he fulfilled the validated clinical criteria. The patient's blood and urine cultures showed no growth of any micro-organisms."
PMC9975493_01,PMC9975493,Male,9.0,"A 9-year-old ethnically Lao boy was referred from a private clinic to a central hospital's emergency department (ED) in Vientiane, the capital city of Lao PDR, on December 20th, 2021, with a typical presentation of MIS-C. He had an 8-day-history of fever and a 5-day-history of abdominal pain in the setting of having family members recently test positive by PCR for COVID-19 on November 23rd, 2021.
His first symptom (day 0) was an intermittent ""high grade"" fever (the mother did not measure his temperature) associated with chills and daily intermittent mild sore throat, relieved with paracetamol. On days 2-4, he developed mild intermittent periumbilical cramping pain and yellow watery stools without melena/hematochezia which progressed to vomiting with anorexia. He was found to have a 1-2 cm swollen area on his left posterior neck that spread to the right side over 2-3 days. This area was not red nor warm nor tender. His parent brought him to a private clinic (PC1) where he was diagnosed with tonsillitis and given amoxicillin without improvement. On day 5, he was more fatigued and developed bilateral nonexudative conjunctival injections, red lips, and increased anorexia. On day 6, the fever became persistent despite antipyretics. His abdominal pain, vomiting, and diarrhea worsened. His family brought him to an emergency department (ED) at a central hospital (CH1). He was diagnosed with acute gastroenteritis without dehydration and was discharged with oral rehydration solution and analgesia/antipyretics. On day 7, he returned to PC1, with no change in diagnosis nor treatment (timeline in Figure 1).
On the day of admission (day 8), his symptoms had not improved, and his family brought him to a new private clinic (PC2) where he was diagnosed with suspected severe sepsis with concerns for typhoid fever. At PC2, he had lymphopenia of 0.6 x 109/L-5%, granulocytosis of 11.8 x 109/L-91.8%, slightly raised CRP, negative dengue, and scrub typhus antigen testing, as well as a normal abdominal ultrasound. Subsequently, he was referred to the ED. His fever, fatigue, anorexia, and decreased urination continued, but the diarrhea decreased to once a day. He developed an occasional dry cough.
He did not have any flank pain, urinary symptoms, other upper respiratory tract infection symptoms, chest pain, shortness of breath, hypogeusia/ageusia, change in senses of smell/anosmia, altered level of consciousness, headache, dizziness, visual disturbances, focal neurological symptoms, joint/muscle/bone pain or swelling, rash/eschar.
His mother and youngest sister had positive PCR results for COVID-19 three weeks prior. During that time, he had a low-grade fever and mild respiratory symptoms (runny nose and cough), but he was not tested for COVID-19. Two weeks prior to his illness, he travelled to Vang Vieng, a vacation area, where he swam in a shallow river. The family denied other recent travel.
The patient was previously healthy with normal development. He had completed the basic Lao national immunization schedule but had no COVID-19 immunization. He did not take any regular medications and had no known allergies, nor surgical history. There was no family history of allergy and auto-immune diseases. Based on his family's report of the average nominal monthly consumption per capita (KIP), the child's family wealth quintile was reported to be at the 5th quintile (most wealthy).
At admission his vital signs were: temperature = 39.4  C; respiratory rate = 50 bpm, heart rate = 150 bpm (regular), SpO2 = 95% on room air. His blood pressure was not recorded. His weight was 28.3 kg (weight for age = -0.4 SD) and height was 124 cm (height for age = -1.9 SD). The patient was fatigued, but alert, orientated and cooperative. He had warm pink skin, capillary refill of < 2 s, and normal skin turgor. He had non-exudative conjunctival injection, red full lips, a white coating on his tongue, and itchy pink blanching maculopapular rashes at his palms, soles, and left knee (Figure 2). Non-tender smooth mobile enlarged lymph nodes were present in the bilateral posterior cervical chain (1.5-2 cm) and bilateral posterior triangles (left: 2 x 3 cm, right: 1.5-2 cm). There were no eschars, bruises, petechiae, desquamations, calf/muscle/joint/bone pain nor edema.
He had mild intercostal retractions. His apical impulse was palpated at the 4-5th intercostal space in the midclavicular line. He had normal S1 and S2, but with reduced heart sounds. We heard no murmur nor additional heart sounds. His lung sounds were normal. He had mild abdominal distension with generalized tenderness on palpation, especially in the right upper quadrant with mild to moderate guarding. There was no rebound, percussion, nor flank tenderness. Bowel sounds were normal with no hepatosplenomegaly. The genital examination was not remarkable. He had no meningismus and the neurological examination was grossly normal.
Based on the history and findings on the physical examination, MIS-C was thought to be the likely diagnosis. Cultures (blood, throat swab, urine, and stool) were sent (see Figure 1) and returned negative. COVID-19 rapid test and COVID-19 GeneXpert were also negative. Within three hours of admission, the patient's mental status changed from ""A (alert)"" to ""V (responsive to voice)"". He maintained his blood pressure at 90/60 and was able to walk to the toilet to pass urine with minimal assistance. He had a high fever (39-40  C), tachycardia (150s), tachypnea (50-58), and desaturated (93% on room air) requiring oxygen (1-liter per minute) by nasal cannula to maintain his SpO2 at 97%. The patient was admitted late in the evening therefore, inflammatory markers (CRP, ESR, ferritin, LDH, albumin), liver and renal function tests, chest x-ray (CXR), electrocardiogram (ECG) and echocardiogram were unavailable and planned to be carried out after transfer and consultation with the pediatric cardiologist at CH2. Upon admission to CH2, COVID-19 RT-PCR was again negative. CXR showed mild cardiomegaly with normal lung fields. The initial echocardiography revealed mild impaired left ventricular function (ejection fraction of 45%-51%) with no dilatation of coronary arteries. His electrocardiogram was normal. In our region, dengue and scrub typhus are common and antigen testing for these illnesses were done and were negative. His urine analysis was unremarkable. The COVID-19 IgG was tested later as an outpatient in follow up and was found to be positive (Figure 1).
The patient had previously received five days of amoxicillin without improvement. On day 9 of illness, he clinically worsened and the following were started: intravenous immunoglobulin (IVIG at 2 g/kg in a single infusion over 12 h), methylprednisolone (2 mg/kg/day for 3 consecutive days), aspirin (3.5 mg/kg/day) ceftriaxone (100 mg/kg/day) for four total doses and cloxacillin (50 mg/kg/dose) for one dose. Cloxacillin was started for concern for toxic shock syndrome and stopped as patient stabilized. Rest, oral nutrition, and oral hydration were also encouraged.
Twenty-four to 48 h after initiating IVIG and methylprednisolone, his clinical symptoms and fever improved. His heart and respiratory rates normalized, and oxygen therapy was no longer required (Figure 3). The lymphopenia and mild impaired cardiac function resolved (Figure 1). He was discharged from the hospital after 5 days with aspirin. He reported mild bilateral knee pain without swelling, warmth nor redness on the date of discharge, lasting for approximately one week. He later developed bilateral feet swelling for one week, which also spontaneously resolved. On the second follow-up visit, complete blood counts (CBC) and CRP had completely normalized, while ESR significantly improved from ten times upper normal limit to five times the upper normal limit. During these visits, he had repeated echocardiograms which were normal (Figure 1).
The patient's family did not have health insurance, which is available in Lao PDR. The family paid around US$ 1,185 for the management of the patient during hospital admissions and the follow-up visits (July 6, 2022: US$ 1 = 17,750 Lao kips), which consisted of services/equipment (6%), medications (86%), and investigations (8%). The IVIG and methylprednisolone costs were around US$ 949 (~US$15 per gram) and US$ 42 respectively, which constituted about 80% and 3.6% of the total treatment cost. The price the family paid at the government hospital is equivalent to the cost of the service, however, the price at the private clinics is higher. At the time of his hospitalization the test for IgG for SARS-CoV-2 was not available in the public hospital and this needed to be sent to a private laboratory which was the most expensive investigation costing US$29 (2% of total treatment cost)."
PMC4350044_01,PMC4350044,Male,5.0,"A five-year-old boy was admitted in Namazi Hospital, Shiraz, Iran with severe abdominal pain, jaundice and low grade fever. Similar symptoms were reported in his family about 30 days ago. He had abdominal pain and vomiting from 20 days before admission; his jaundice worsened and developed from 10 days ago. At the time of admission he was very sick with fever and yellowish discoloration of skin and sclera. He was very irritable due to abdominal pain. In the physical examination he had normal growth parameters and his vital signs were as follows: temperature: 38oC, pulse rate: 100/min, respiratory rate: 30/min and blood pressure: 100/60 mmHg. In the abdominal examination, a large mass was palpated in the right upper quadrant (RUQ) with severe tenderness. 
Initial laboratory investigations showed elevated liver enzymes: AST: 516 U/L, ALT: 722 U/L, alkaline phosphatase: 1930 U/L, total bilirubin: 5.3 mg/dL, direct bilirubin: 3.9 mg/dL, total protein: 7.7 g/dL, albumin: 3.8 g/dL, WBC: 8000/mm3, Hb: 11.9 g/dL, platelet: 426000/mm3, CPR: 6 mg/dL, ESR: 40 mm/h. Coagulation studies revealed PT: 13 sec, PTT: 34 sec and INR: 1. Serum amylase, blood sugar and serum sodium, potassium, BUN and creatinine were within normal range. Venous blood gas analysis revealed: pH: 7.5, HCO3: 30, and PCO2: 37.9. Blood and urine cultures were negative. Serology of viral hepatitis was positive for HAV IgM, and other viral markers were negative. Serology titers for typhoid and brucellosis were negative. Abdominal ultrasonography showed normal size and echogenicity of the liver, with significantly distended gallbladder (span 130 x 50 mm) with the fundus of gallbladder near iliac crest. The thickness of gallbladder wall was normal and no stone was detected. The hydrops of gallbladder was confirmed by ultrasonography (<PMC4350044_jjm-08-01-15779-g001_undivided_1_1.webp>).
Due to fever and toxic condition, he received antibiotic ceftizoxim and metronidazole. After the third day of admission, his fever and blood culture became negative and antibiotics were stopped. Surgical intervention was not required in the patient. After five days, general condition and abdominal pain of and jaundice improved and he was discharged with close follow up."
PMC6661959_01,PMC6661959,Male,67.0,"A 67-year-old male with no medical history presented with fever and visited a general practitioner. Based on the complete blood count, he had leukocytosis (white blood cell [WBC] count, 46,000/mul) and thrombocytopenia (platelet count, 29,000/mul), and was thus referred to our hospital (Day 1). His temperature ranged from 37.1 C to 37.8 C, but the physical examination results were unremarkable. No evidence of hepatosplenomegaly, gingival hypertrophy, or petechiae was found. Laboratory findings were as follows: WBC count, 33,000/mul; hemoglobin level, 11.8 g/dl; platelet count, 8000/mul; C-reactive protein level, 3.89 mg/dl; and lactate dehydrogenase level, 1,124 U/l. Serum and urine lysozyme levels were high (46.4 mg/microL [normal range, 5.0-10.2] and 0.03 mg/microL [0.0], respectively). Peripheral blood contained 28% blasts, including promonocytes. Bone marrow aspiration smear revealed 55.6% blasts, including promonocytes, with monocytic differentiation; some blasts had many small vacuoles, a few large vacuoles, or honeycomb-like vacuoles in the wide cytoplasm. A few monocytes and macrophages exhibited hemophagocytosis. On cytochemical staining, 31% of blasts, including promonocytes, were positive for myeloperoxidase activity, 71% were positive for non-specific esterase reactions, and all blasts were negative for naphthol AS-D chloroacetate esterase activity. Non-specific esterase reactions were inhibited by sodium fluoride. On flow cytometry, the blasts expressed cluster of differentiation (CD) 13, CD14, CD33, and CD56; the blasts weakly expressed myeloperoxidase but were negative for CD34. Cytogenetic analysis revealed trisomy 8 and trisomy 18 in 5/20 metaphases (Table 1). A diagnosis of acute monocytic leukemia was established according to the World Health Organization (WHO) classification 4th revised edition (2017) (French-American-British [FAB] classification: AML M5b).
He was transfused with irradiated platelets once on Day 3 and once on Day 7. Monoblasts and promonocytes in the peripheral blood decreased from 28% (Day 1) to 2% (Day 7) and then to 1% (Day 10); his leukocytosis also normalized (Day 10; WBC count, 6220/mul). Thrombocytopenia improved gradually (Day 12; platelet count, 37,000/mul; Day 18; platelet count, 44,000/mul). Therefore, chemotherapy was postponed and he was discharged. Bone marrow examination on Day 21 revealed improvement, with 7.2% blasts, including promonocytes. Fluorescence in situ hybridization demonstrated that the proportion of abnormal clones with trisomy 8 decreased from 62% (61%+1%) (Day 1) to 16% (13%+1%+2%) (Day 21) (Table 1). Partial spontaneous remission (SR), but not complete SR, of acute monocytic leukemia was observed, which was hematological and cytogenetic in nature.
As monoblasts and promonocytes in the peripheral blood increased to 7% of the WBCs (11,200/mul) on Day 42, we examined his bone marrow. Monoblasts and promonocytes had increased to 54.2% of the nucleated cells. Cytogenetic analysis revealed an increasing number of clones with trisomy 8 and trisomy 18. Furthermore, these clones had accumulated additional chromosomal abnormalities (Table 1). Based on fluorescence in situ hybridization for chromosome 8, the number of clones with 3 or more signals had increased (Table 1). Due to the rarity of 4 and 5 signals for chromosome 8, 6 signals were considered to originate from tetraploidy of the clone with 46, XY, +8, inv(9)(p12q13), +18, although metaphase chromosomes were not obtained after incubation for chromosome analysis.
Monoblasts and promonocytes in peripheral blood steadily increased in number. Anemia and thrombocytopenia worsened (day 54; hemoglobin level, 7.9 g/dl; platelet count, 6,000/mul). As spontaneous remission did not occur again, we started induction chemotherapy with daunorubicin-cytosine arabinoside (DNR/AraC) on Day 57. On Day 65, monoblasts were not detected in peripheral blood. However, the patient developed pneumonia and died on Day 68.
SR of acute myeloid leukemia (AML) in adults is a rare clinical phenomenon that usually occurs for a short duration. It was first described following typhoid infection by Eisenlohr in 1878. Immune responses induced by severe systemic infections or non-irradiated blood transfusions have been reported to play an important role in the development of SR. However, the exact mechanisms of SR have yet to be determined. On Day 1, we detected many macrophages in the patient's bone marrow aspiration smear. We thought that SR had started prior to irradiated platelet transfusion (performed once on day 3 and once on day 7) in this case. SR may be more likely in the FAB subtypes M4/M5. These subtypes account for approximately half of all reported cases of SR of AML. SR has been reported in several cases of AML with trisomy 8, but the role of trisomy 8 in SR development remains unclear. Furthermore, we were unable to elucidate the relationship between cytogenetic abnormality, especially +8 and +18, and SR. SR usually lasts for a short duration, with an average of 5-7 months, ranging from as short as 2 weeks to more than 10 years. Based on the results of ex vivo experiments performed at the 10-year follow-up of sustained SR in an MLL/AF-9-positive AML patient, Muller et al. speculated that AML-specific CD8 T-cells and humoral mechanisms direct early clearing of myeloblasts, whereas long-term remission may be due to natural killer-mediated disease control. In this case, no marked increase in lymphocyte or granular lymphocyte counts was observed. We found no evidence of disease control that was mediated by certain AML-specific CD8 T-cells or natural killer cells. As SR occurs even in patients with high disease burden, relapsed/refractory disease, or AML with complex/adverse genetic abnormalities, it is of interest because it demonstrates the strength of the immune system in inhibiting leukemia. In the past decade, the field of cancer immunotherapy has seen marked success with the introduction of immune checkpoint inhibitors. We consider the appearance of resistant clones (Table 1) to be associated with the development of immune responses against leukemic cells."
PMC7533951_01,PMC7533951,Male,23.0,"A 23-year-old Pakistani male biomedical engineer, with no significant past or present medical history, presented to the emergency department (ED) with a 3-day history of severe hearing loss that was associated with fever and disorientation. The patient appeared anxious and agitated due to his apparent hearing impairment based on his father. According to him, the patient had reported a history of fever, worsening headache, neck pain, and flu-like symptoms 7 days prior to his presentation. It was treated as an upper respiratory tract infection with minimal improvement. One week before his presentation, he returned to Qatar after a short vacation in Islamabad, Pakistan, with a history of eating local food from roadside stalls. He denied hiking, camping, tick bites, mosquito bites, exposure to lice, mites, animals, and their body fluids.
His father also reported that the patient had diarrhea and abdominal pain while in Pakistan, 10 days prior to his presentation, but without nausea or vomiting. The patient denied history of earache, ear discharge, tinnitus, recent upper respiratory tract infection, vertigo, and dizziness. He denied history of smoking, alcohol intake, and illicit drug use.
In the ED, he was febrile with an oral temperature of 38.9 C, pulse rate of 95 beats/min, respiratory rate of 20 breaths/min, and blood pressure of 115/67 mm Hg. Upon physical examination, the patient appeared anxious and disoriented to place. He also showed bilateral impaired hearing ability, raising his voice in order to communicate and struggling to hear questions from the medical team. Otherwise, systematic examination was normal.
Initial investigation showed mild thrombocytopenia with normal white blood cell count and hemoglobin level. He had mild elevation in creatinine at 162 umol/L (normal <100 umol/L), hyponatremia at 127 mmol/L (normal range 135-145 mmol/L), elevated serum alanine aminotransferase (ALT) at 134 U/L (normal <41 U/L), elevated serum aspartate aminotransferase (AST) at 240 U/L (normal <40 U/L), and elevated C-reactive protein (CRP) at 185 mg/L (normal <10 mg/L). Alkaline phosphatase (ALP) and total bilirubin were normal. Malaria screening was negative. Initial imaging with chest X-ray and head CT (computed tomography) were normal.
Acute meningitis with or without encephalitis was the top differential diagnosis; lumbar puncture (LP) failed in the ED due to the patient's agitation and non-cooperation. Intravenous normal saline and empirical antibiotics (ceftriaxone 2 g every 12 h, vancomycin 1 g/day, and acyclovir 750 mg every 8 h) were initiated after sending cultures and investigations for sepsis workup. Intravenous dexamethasone (initial loading dose of 3 mg/kg, then 1 mg/kg every 6 h) was also added to the regimen, then shifted to oral prednisolone (60 mg/day) after 2 days.
Pure tone audiometry (PTA) was performed at presentation and 15 days later in the outpatient clinic. The result from the left ear audiometry is shown in Figure 1. It showed moderate bilateral sensorineural hearing loss, to nearly all frequencies during his inpatient admission (shown in Figure 1(a)). PTA was repeated after 15 days and showed marked improvement with mild hearing loss only to high frequencies (shown in Figure 1(b)). Tympanometry and tone decay test were normal upon admission.
One day after admission, the patient's blood culture demonstrated growth of Salmonella Typhi. Due to the high prevalence of extensively drug-resistant (XDR) strains in Pakistan, antibiotics were changed to meropenem (2 g every 8 h) and azithromycin (500 mg/day) to ensure coverage of possible drug-resistant strains. According to the World Health Organization (WHO), 5274 (64.4%) cases of XDR typhoid fever were reported out of 8188 typhoid fever cases from 1 November 2016 to 9 December 2018 in Pakistan. The XDR strains of Salmonella Typhi have shown resistance to first- and second-line antibiotics (e.g. fluoroquinolones) as well as third-generation cephalosporins (e.g. ceftriaxone). Therefore, current treatment options for Pakistani XDR strains of Salmonella Typhi are limited to oral azithromycin, and intravenous meropenem or tigecycline.
Two days after admission, blood culture sensitivity results showed Salmonella Typhi sensitive to ceftriaxone but resistant to ciprofloxacin. Therefore, antibiotics were de-escalated to intravenous ceftriaxone only, to complete the total duration of 14 days of antibiotics. Head MRI (magnetic resonance imaging) was normal and fluoroscopic guided LP was performed; results showed high protein level without leukocytosis. Cerebrospinal fluid (CSF) culture and viral screen, including herpes simplex viruses, were negative. Workup for tuberculosis from sputum and CSF was negative. Urine analysis and microscopy were normal.
Clinically, the patient improved quite rapidly; fever subsided and hearing loss gradually improved 5 days after the treatment had commenced. The patient's hearing loss continued to improve and almost completely resolved by the end of the first month of treatment. Audiometry was not done after 1 month because the patient had traveled back to his home country and was thus contacted over the phone. Oral prednisolone was gradually tapered down from 60 mg/day and stopped within 3 weeks."
PMC6388674_01,PMC6388674,Male,18.0,"A previously healthy, Caucasian, 18-year-old man presented at our Department of Emergency Medicine for watery diarrhoea, high-grade fever, and severe malaise. Stool samples performed by the family physician had been negative, including testing for Salmonella species (spp.). Five days after returning from travelling to various countries, e.g. India and Nepal, he developed fever, chills, cough, sore throat, and headaches, which lasted for 3 days before diarrhoea started. The total duration of the disease on admission was 7 days.
day 1: Germany
day 2-4: Kingdom of Bahrain
day 4-8: United Arab Emirates
(Dubai: day 4-6; Abu Dhabi: day 6-8)
day 8-11: Kathmandu, Nepal
day 11-13: Delhi, India
day 13-16: Kuala Lumpur, Malaysia
day 16-18: Singapore
day 19-23: Melbourne, Australia
day 24-26: Taipei, Taiwan
day 26-28: Manila, Philippines
day 28-29: Kuwait City, Kuwait
During his travels, he experienced gastroenteritis while he was in Delhi (oral antibiotic therapy and electrolyte solution resulted in cure after 3 days), and multiple mosquito bites in malaria-endemic countries. He denied tick bites and animal contact of all kinds. Although he had received pre-travel medical advice, he did not respect alimentary precautions (he preferred vegetables and salad in local restaurants), and had refused malaria prophylaxis due to fear of side effects. The patient did not receive any vaccination against cholera or typhoid fever.
Apart from signs of exsiccosis, a thorough physical examination was unremarkable. The patient was fully conscious, had a relative bradycardia (95/min), hypotension (95/60 mmHg), high-grade fever (39 C), and normal oxygen saturation. Electrocardiogram was normal and abdominal ultrasound was consistent with diagnosis of gastroenteritis. A differential blood count demonstrated a normal white blood count, aneosinophilia and discrete thrombocytopenia (126/microl, normal: 140-200/microl). Laboratory examination revealed an elevated CRP level (93 mg/dl; normal: <5 mg/dl) and slightly elevated ALT (48 U/l, normal: <40 U/l), AST (59 U/l, normal: <41 U/l) and LDH (461 U/l, normal: <250 U/l). Creatinine levels, blood gas and urine analysis were normal. Malaria was ruled out using thick smears and rapid testing. Blood, urine, and stool cultures were performed. The latter two showed no growth.
Due to suspected typhoid fever, we started intravenous ceftriaxone (2 g once daily), fluid supplementation (2.500 ml per day), and oral antipyretics (750 mg metamizole four times daily). Liver enzymes increased to ALT 97 U/l and AST 83 U/l on day 8 after disease onset; to ALT 196 U/l and AST 165 U/l on day 9 after disease onset. Diarrhoea subsided to 15-20 times per day; fever subsided as well. On day 11 after disease onset, blood cultures revealed Gram-negative bacteria. By the time, the patient's condition had not improved. We suspected a Gram-negative sepsis and changed the antibiotic regime to intravenous meropenem, 1 g three times per day. One day later, Salmonella enterica Serovar Typhi was identified (susceptibility testing: Table 2 (Tab. 2)), and the therapy was continued with meropenem. Liver enzymes peaked on day 12 after the onset of initial symptoms: LDH 756 U/l, ALT 544 U/l, AST 263 U/l, alkaline phosphatase (AP) 168 U/l (normal: 55-149 U/l), and Gamma-GT 196 U/l (normal: <60 U/l). Bilirubin remained normal; abdominal ultrasound displayed mild hepato- and splenomegaly. We ruled out hepatitis A/B/C/D/E (serologic tests), entero-haemorrhagic Escherichia coli, and amoebic liver disease (stool samples), and continued the treatment regime. On day 16 after disease onset (day 9 of antibiotic therapy), the patient's condition improved, both his body temperature and his liver enzymes decreased. On day 14 of treatment (4 days ceftriaxone; 10 days meropenem), the patient had fully recovered (including complete normalization of laboratory parameters). One week after treatment, 3 stool samples (obtained on 3 different days) were negative for S. Typhi.
During a family visit in Dresden 14 days after completion of initial treatment, the patient was hospitalised again (Department of Infectious Diseases and Tropical Medicine, Stadtisches Klinikum Dresden) for high-grade fever, crampy abdominal pain, and watery diarrhoea. Abdominal ultrasound revealed extended mesenteric lymph nodes. The colleagues ruled out schistosomiasis and HIV (serology), as well as helminthic infections, other parasites, and Clostridium difficile (stool analyses). Blood cultures revealed S. Typhi (susceptibility testing: Table 2 (Tab. 2)). Urine analysis, performed because of dysuria and pollakiuria, yielded a urinary tract infection (UTI) due to Escherichia coli (4-MRGN (German Classification of Gram-negative bacteria indicating resistance to 4 clinically relevant groups of bactericidal antibiotics: cephalosporine and acylureidopenicilline antibiotics, carbapenems and fluoroquinolones), OXA-48 positive; Colony forming units: 106/ml).
Consequently, the colleagues administered a combination antibiotic therapy according to susceptibility testing using intravenous ceftriaxone (2 g daily dose maintained for 28 days to address relapse) and oral sulfamethoxazole/trimethoprim (800/160 mg daily dose, maintained for 10 days to address the UTI). The patient fully recovered. Again, 3 stool samples following treatment were negative for S. Typhi. The patient has been free of relapse for 9 months."
PMC4943127_01,PMC4943127,Female,34.0,"Ms. AD is a 34-year-old homemaker, who previously, had two manic episodes with no family history of mental illness/bipolar affective disorder. She was not treated for the first episode and remitted within 1 month of the treatment with olanzapine 10 mg/day, and lithium carbonate 600 mg/day for the second episode. The index episode started in February 2014 when she developed fever, nausea, and vomiting acutely. She took paracetamol 500 mg orally with which fever subsided for once, but it recurred after 2 days and did not remit despite taking antipyretics further. She consulted a physician after 1 week of onset of fever (10th day) who diagnosed her with typhoid fever on the basis of serological investigations only (Widal test positive; titers for agglutinin O > 1:160 and agglutinin H > 1:160); prescribed her oral ciprofloxacin 500 mg twice a day for a week. Fever subsided within the next 2 days, and she was asymptomatic for the next 5 days when vomiting and diarrhea recurred along with headache. Ciprofloxacin was continued for 1 more week. Though above mentioned symptoms remitted in the next 2 days, new set of symptoms appeared on the day 10 of treatment with ciprofloxacin. She was noted to get up early in the morning; would bath early and then start doing household chores. She became more active, indulged herself into multiple tasks at the same time, and left them incomplete. Her family reported her to be very cheerful, amusing, and jocular which was unlike her previous self. She talked in excess at a faster pace and difficult to interrupt. She increasingly participated in religious activities, indulged in unnecessary buying of clothes and jewellery. She took ciprofloxacin for 4 more days in that week. Despite stopping the medication, thereafter no improvement was noted. In the next 2 weeks, her symptoms further worsened. There was no history of altered sensorium, disorientation, and any perceptual abnormalities. As she became unmanageable, so she was brought to our center. Her general physical examination did not reveal any abnormality suggestive of either metabolic disorder or cerebrovascular disease. Her metabolic parameters were within a normal range including thyroid function test. Neuroimaging study of brain in the form of computed tomography was normal. She was not receiving any other medications nor did she abuse any psychotropic substances such as cocaine or amphetamines. She was treated with olanzapine 10 mg and lithium carbonate 600 mg/day which was later on increased to 800 mg/day to achieve optimum serum lithium level. She achieved complete remission within 6 weeks.
In her past, she had suffered from gastroenteritis at 4-5 occasions but sought treatment only on two occasions. These two episodes of gastroenteritis, which occurred 10 and 8 years back, were treated with ciprofloxacin and ofloxacin, respectively, but prescriptions were not available. On both occasions, she developed similar set of mental symptoms as in the index episode characterized by elated mood, decreased need for sleep, increased goal-directed activity, increased religiosity, over-talkativeness, and increase in goal-directed activities though severity were less. Hence, the diagnosis of medication-induced recurrent mania as per diagnostic and Statistical Manual of Mental Disorders Fifth Edition was kept. After she had achieved remission, all the psychotropics were gradually tapered and stopped. The patient and family members were cautioned for the use of quinolones in future as these were implicated as etiological in her mental illness. She has been followed up regularly and was in remission until March 2015."
PMC4066596_01,PMC4066596,Male,35.0,"A 35-year-old male presented with recurrent episodes of high grade fever without diurnal variation with red, raised lesions for past 1 year. The lesions were mainly present on face, ears, upper trunk, and upper limbs and the present episode was for 1 week. He had had six such episodes in the past 1 year. He also complained of pain in bilateral knee joints for 1 week without any swelling or restricted movements.
Patient was on antiretroviral therapy (ART) for past 1 year with zidovudine, lamivudine, and efavirenz. He had inguinal lymphadenitis 7 months ago for which fine needle aspiration cytology was done which showed tubercular lymphadenitis, and antitubercular treatment (ATT) was instituted. He is now taking isoniazid 300 mg, rifampicin 450 mg, and ethambutol 825 mg. He had taken MDT twice in the past year for multibacillary leprosy and was a defaulter. On examination, patient was febrile on presentation and emaciated with body mass inde x18.5 kg/m2. Severe pallor with bilateral pitting pedal edema was noted. There was glove and stocking anesthesia on bilateral hands and feet with thickening of right superficial radial, bilateral ulnar, and common peroneal nerve. Patient had tender erythematous nodules on his face, upper limbs, upper trunk, and ears [<PMC4066596_IJSTD-35-40-g001_undivided_1_1.webp><PMC4066596_IJSTD-35-40-g002_undivided_1_1.webp> and 2]. There was no associated nerve tenderness, testicular swelling, lymphadenopathy, ocular pain, or photophobia. His investigations showed severe anemia with hemoglobin (Hb) 4.4 g% and mean corpuscular volume (MCV) 77 fl, and total count was 3,700 cells/mm3, but his differential count was normal. Absolute CD4 lymphocyte count was 90 cells/mul and dipstick enzyme-linked immunosorbent assay (ELISA) for filarial antigen was positive. His liver and renal function tests, chest X-ray, X-ray of bilateral knee joints, and urine routine were within normal limits. Blood and stool culture and streptococcal throat swab showed no growth of organisms and his Widal test for typhoid and microscopy for malarial parasite was negative. Skin-slit smear was 6+ for acid-fast bacilli (AFB) [Figure 3]. Biopsy from a nodule showed superficial and deep periadnexal granulomatous inflammation with neutrophils and nuclear debris around vessels [<PMC4066596_IJSTD-35-40-g004_undivided_1_1.webp>]. Lepra stain showed fragmented AFB. Based on the above, a diagnosis of AIDS, lepromatous leprosy with type 2 lepra reaction manifesting as ENL, tubercular lymphadenitis, and filariasis was made. The patient was started on clofazimine 50 mg daily and monthly 300 mg supervised dose, rifampicin 150 mg monthly, ofloxacin 200 mg twice daily, thalidomide 100 mg daily, and diethylcarbamazine 100 mg thrice daily with iron supplements. Dapsone was stopped due to fear of further hemolysis and zidovudine was stopped for suspicion of bone marrow suppression. The patient improved dramatically and his lesions resolved within 1 week. The patient is on our follow-up and free from any reaction."
PMC10327413_02,PMC10327413,Male,55.0,"A 55-year-old man with normal body mass index, a history of Crohn disease in remission, and no significant family history or known allergies presented to the emergency department (ED) with a diffuse, severely pruritic rash. The patient had a painful rash for 5 days that originated on his back and progressed to his extremities (Figures 1 and 2). Associated symptoms include fever, chills, body aches, headaches, cough, sore throat, loss of appetite, and possible isolated oral lesions. His primary care physician prescribed prednisone, loratadine, and famotidine. As minimal relief was experienced, the patient sought medical care from the ED and was admitted to the hospital for further evaluation and treatment.
While obtaining a history, the patient denied common triggers to rashes, including changes in medications, environmental exposures, living arrangements, drug use, and risky sexual behavior. He denied taking any medications relating to his Crohn disease as he was currently in remission. The patient further stated he was up to date on his vaccinations (hepatitis A and B; influenza; anthrax; typhoid; and measles, mumps, and rubella), and he thought he had chickenpox as a child but was not completely certain. Upon admission, many of the symptoms at the onset of the rash resolved except for itching and burning sensation with a diffuse rash and isolated painful mucosal lesion on the lower lip.
On physical examination, he appeared alert, oriented, healthy, and in mild distress. His heart was in regular rate and rhythm without murmurs, and no peripheral edema was present. Lungs were clear to auscultation bilaterally. No focal findings or movement disorders were noted, and there was no significant deformity or tenderness to palpation on his extremities and joints. The patient's physical examination was significant for a diffuse erythematous maculopapular purpuric rash spanning from the trunk to all 4 extremities, including a few isolated spots on the palms but excluding webs of the fingers. Some fine vesicles in different stages of healing were also present. There was a possible lesion of the lower lip, but no other mucosal involvement was noted.
From the history, most drug-related causes and hypersensitivities were ruled out, so inflammatory and infectious causes were the primary focus of the workup. His laboratory results showed a leukocytosis present upon admission (15.57 K/muL), along with a transaminitis (alkaline phosphatase of 253 U/L, aspartate transaminase of 85 U/L, and alanine transaminase of 96 U/L), trace ketones, and elevated C-reactive protein (69.5 mg/L). Further infectious causes were evaluated with his chest x-ray showing no infiltrate, and COVID-19, influenza A and B, and rapid strep were negative with no beta-hemolytic streptococcus group A isolated on culture. Two blood cultures were obtained and yielded no growth after 5 days. Syphilis antibody, human immunodeficiency virus antibody, Epstein-Barr virus viral capsid antigen IgM antibody, and varicella zoster IgM antibody were all negative with varicella zoster antibody IgG showing he had immunity. A shave biopsy was obtained from lesions on his right thigh.
While in the hospital, the patient's treatment focused on symptomatic treatment with hydroxyzine, but he also received intravenous acyclovir because of the initial concern for varicella infection. The patient's symptoms and lab values improved, and he was eventually discharged home with outpatient follow-ups with dermatology, his primary care physician, and gastroenterology for his biopsy results and further management.
Biopsy results confirmed acute and chronic dermatitis with vasculitis. Per the pathology report, the biopsy showed perivascular inflammation with a major component of neutrophils present in walls of vessels, extravasation of erythrocytes, focal fibrinoid deposition, and inflammatory infiltrate comprising lymphocytes and few eosinophils. The Grocott methenamine silver (GMS) stained negative for fungal organisms. The biopsy was suggestive of LCV. The patient's care was transitioned to an outpatient dermatologist, where 2 more biopsies were obtained, and a prednisone taper was prescribed."
PMC10440106_01,PMC10440106,Male,16.0,"A 16-year-old boy presented to the emergency department with complaints of dizziness, syncope, weakness, and fatigue. He was drowsy and had a blood pressure of 100/60 mmHg, pulse rate of 20 bpm, and oxygen saturation of 95%. He was febrile with a temperature of 37.7 C. Systemic examination was unremarkable, and his Glasgow Coma Scale score was 15/15. An urgent electrocardiogram (EKG) showed complete AV dissociation and ST segment depressions in leads I, II, and avL (Figure 1(a)). Atropine 1 mg IV was given, and an infusion of normal saline was started for hemodynamic support. A repeat ECG did not show any improvement. No history of using rate-limiting drugs was found. Subsequently, the patient was transferred to the cardiac cath lab, and a temporary pacemaker (transvenous) was placed. A paced rhythm was achieved, and the rate was set to 75 bpm (Figure 1(b)). The patient improved after that. Further history revealed that 6 days ago, the patient was taken to another hospital due to continuous high-grade fever, severe body aches, and an episode of epistaxis. He had stable vital signs. Apart from routine investigations, dengue serology was ordered which came out positive. There he was treated with IV paracetamol, antibiotics, and fluids. The patient refused hospital admission and was sent home on symptomatic treatment and necessary advice. We performed serial investigations that are shown in Table 1.
His dengue IgM was again positive, and confirmatory dengue polymerase chain reaction showed DENV-2 serotype. The patient was commenced on IV antipyretics, IV cefoperazone-sulbactam 2 g twice daily, and fluids. Platelets were transfused due to low platelets count and an episode of epistaxis and hematemesis on one occasion. Serial troponin-I, CK-MB, ESR, CRP, and LDH levels remained persistently elevated. The patient's blood culture, malarial antigen, typhoid serology, influenza virus, COVID-19, and diphtheria testing were negative. During hospitalization, he experienced only mild shortness of breath but no chest pain. His ejection fraction, systolic function, and valve anatomy were normal with no evidence of congenital heart disease on the echocardiogram (Figure 2). Based on the ECG findings and unusual cardiac enzymes changes, a clinical diagnosis of dengue myocarditis with CHB was made. A cardiac MRI was in the plan but contraindicated due to the temporary pacemaker (TPM) in place, so it could not be done. The family refused an endomyocardial biopsy. The patient remained TPM dependent for 1 week (Figure 1(c)) with no return of normal spontaneous rhythm. Ultimately, it was decided to place a permanent pacemaker. Unfortunately, the night before the surgery, the patient collapsed suddenly and died despite resuscitative efforts."
PMC3401656_01,PMC3401656,Male,12.0,"A 12-year-old male child was admitted to our hospital with complaints of severe headache, vertigo, rash, cough, and recurrent episodes of vomiting. Two weeks before he had fever and was hospitalized in another center with an initial diagnosis of Typhoid fever (Widal positive) and was treated with antibiotics. At admission, patient was febrile, oriented, and conscious. Neurological examination and fundus showed normal results. No signs of meningeal irritation were found. Hematological examination revealed Total Leukocyte Count (TLC) of 5,200/mul with thrombocytopenia (1.1 lakh/mm3). Liver function tests and coagulation profile were deranged. Subsequently, the patient's neurological status deteriorated, and he suffered a single episode of seizure and developed nystagmus. Magnetic Resonance Imaging (MRI) was done, and it revealed a diffusely swollen left cerebellar hemisphere without a well-defined mass, appearing hypointense on T1-weighted images, hyperintense on T2-weighted images [<PMC3401656_JPN-7-49-g001_undivided_1_1.webp>], and Fluid-Attenuated Inversion Recovery (FLAIR)- weighted images. There was a significant mass effect over the fourth ventricle and the brainstem with ascending transtentorial herniation and hydrocephalous. No evidence of diffusion restriction was seen. Possibility of hemicerebellitis was considered. The patient was started on antibiotics, acyclovir, and high-dose steroids; also, External Ventricular Drain (EVD) was placed. Cultures and neutrophilic virus antibodies, as well as Polymerase Chain Reaction (PCR) for Herpes and Tuberculosis were negative in the cerebrospinal fluid (ventricular) and blood. Malarial serology was negative. Follow-up contrast-enhanced CT done after a week of initial MRI showed ill-defined non-enhancing hypodense area in the left cerebellar hemisphere with resolution of mass effect. Neurological status gradually improved and repeat contrast-enhanced MRI performed three weeks after admission revealed a decrease in the swelling and mass effect of the left cerebellar hemisphere, without significant atrophy [<PMC3401656_JPN-7-49-g002_undivided_1_1.webp>]. Signal abnormalities were much less severe and mild pial enhancement was noted in post-contrast images [<PMC3401656_JPN-7-49-g003_undivided_1_1.webp>]. Few linear areas of T1 hyperintensity showing blooming on Gradient Recalled Echo (GRE) images were seen in the affected cerebellum as well as in the contralateral cerebellar hemisphere [<PMC3401656_JPN-7-49-g004_a_1_2.webp><PMC3401656_JPN-7-49-g004_b_2_2.webp>]. The patient completely recovered and was discharged 4 weeks after admission."
PMC9957551_01,PMC9957551,Female,53.0,"A 53-year-old morbidly obese female with a history of hypertension presented to the emergency department (ED), with a sudden onset of loss of consciousness, left-sided weakness, and altered sensorium for two days, which was associated with high-grade fever and vomiting. At admission, she was unconscious (Glasgow coma scale, or GCS, score = 5); had tachypnea (respiratory rate, or RR, 30-35 minute-1), tachycardia (heart rate, or HR, 114 bpm), and blood pressure (BP) 153/90 mmHg; was maintaining oxygen saturation of 94% to 94% (on room air) on spontaneous respiration; and was passing urine output around 40-50 mL/hour. Given airway protection, tracheal intubation was performed immediately. Post intubation, the GCS was 6. Noncontrast computerized tomography (NCCT) of the brain revealed right basal ganglia bleeding with intraventricular hemorrhage (Figure 1).
Then she was transferred to ICU, where cerebral protection strategy (head-up position, neck in a neutral position, osmotic diuretics, mean arterial pressure (MAP) 85-90 mm Hg, normoxia, normocarbia, euglycemia, normothermia, and maintenance of sodium (Na+) levels between 145 and 155 mEq/L) and further supportive care was initiated. Laboratory evaluation at admission is summarized in Table 1. Electrocardiography (ECG) showed sinus tachycardia. Chest X-ray (CXR) was normal.   
After a few days of ICU admission, she started spiking high-grade temperature (core temperature as high as 106-107  F), which was associated with rhabdomyolysis (serum creatine kinase (CK-total) = 10,000 IU/L), stage III acute kidney injury (AKI, requiring five sessions of renal replacement therapy), and coagulopathy (requiring blood component therapy). On workup, cultures turned out to be sterile. Other possibilities of hyperthermia (such as drug toxicity) were ruled out. NCCT head was repeated, which did not reveal any hematoma expansion. Workup for COVID-19 was also negative. On account of a history of fever with chill and myalgia around a week before ED admission, a tropical workup was sent for malaria, typhoid, leptospirosis, dengue, chikungunya, and scrub typhus, in which serology (IgM antibodies) for dengue turned out to be positive. Gradually, the temperature trends, renal functions, and coagulopathy recovered. In intercurrent issues, she had septic shock (secondary to ventilator-associated pneumonia and grade IV pressure injury in the sacral region) and neuromuscular weakness, resulting in prolonged weaning. Eventually, the patient was discharged after six months of ICU stay in tracheostomized condition, with a GCS score of 9, accepting Ryle's tube feeding and passing adequate urine output."
PMC5385597_01,PMC5385597,Male,59.0,"A 59 year old male presented to our hospital 1 week after experiencing diminution of vision in the right eye. He gave a history of typhoid fever 4 weeks prior to presentation for which Widal test was performed to confirm diagnosis. The test results showed significant titres for 'O' antigen (>1:80) and 'H' antigen (>1:160) and negative for 'AH' and 'BH' antigens. He was subsequently started on oral Ofloxacin 400 mg twice daily for 2 weeks following which fever subsided. There was no known history of diabetes mellitus or hypertension. On ocular examination his best corrected visual acuity was 2/60 in the right eye and 6/6 in left eye. Anterior segment findings were unremarkable with IOP being within normal range for both eyes. Fundus examination of right eye showed white fluffy lesions along the superior and inferior arcades with superficial haemorrhages in around the macula with a macular star suggestive of retinitis (<PMC5385597_40942_2017_65_Fig1_HTML_a_1_2.webp>). Left eye fundus showed few dispersed retinitis lesions with superficial haemorrhage along the superior arcade with intact foveal reflex (<PMC5385597_40942_2017_65_Fig1_HTML_b_2_2.webp>). On optical coherence tomography of right eye underlying macular serous retinal detachment was noted (<PMC5385597_40942_2017_65_Fig2_HTML_a_1_2.webp>). Blood tests were done to rule out VDRL and HIV status. X-cyton analysis of the anterior chamber aspirate was negative for organisms like Mycobacterial Tuberculosis, Toxoplasma Gondii, Hepes Simplex Virus, Cytomegalovirus and Varicella Zoster Virus. After analysis of the reports diagnosis of post typhoid retinitis in both eyes was made. Patient was started on oral prednisolone 1 mg/kg body weight which was tapered over 2 months along with monitoring of systemic and ocular health. Patient came for follow up every 2 weeks for 3 months. Every visit fundus photo was documented. After 2 months of initiating treatment there was an improvement in the BCVA in right eye to 6/6 which was maintained on further visits. Fundus examination revealed resolving lesions in both eyes (<PMC5385597_40942_2017_65_Fig3_HTML_a_1_2.webp>) and OCT of the right eye showed resolution of the serous detachment (Fig. 2b).   
Retinitis is characterized by confluent areas of retinal whitening which progresses along the retinal blood vessels, often associated with intraretinal hemorrhages and hard exudates. A significant number of retinitis cases are thought to be idiopathic in etiology but a small proportion of cases are infectious in etiology such as Toxoplasma gondii (toxoplasmosis), Leptospira spp. (leptospirosis), Mycobacterium tuberculosis (tuberculosis) and other viral and fungal etiologies. Non infectious causes of retinitis include sarcoidosis, Behcet's disease. Infectious causes are usually unilateral and may be associated with mild vitritis. Patients can present with Neuroretinitis like picture with optic disc edema and macular hard exudates. The macular star becomes prominent over first 3 weeks with neuroretinitis resolving over 6-8 weeks. Leakage from the optic nerve head can lead to retinal swelling, exudation and edema, whereas retinal venous occlusion due to vasculitis results in intraretinal haemorrhage, cotton wool spots and retinal and optic nerve head edema. It was postulated that microbial pathogens may be responsible for immune mediated ocular and systemic pathology through postinfectious immunological effects. These may be due to molecular mimicry eliciting an immune response that cross react with self antigens. Even though active infection is an unusual cause of retinal vasculitis, it is possible that many idiopathic and systemic disease associated cases are precipitated by previous encounters with microbes bearing DNA sequence homologous to retinal and vascular autoantigens. Similarity between S-antigen and peptides derived from yeast, E. coli, and Hepatitis B virus was found and there was an ability of these microbial peptides to elicit an immune response post infection. Immune mediated retinitis is a clinical diagnosis most often when there is past history of infection few weeks or days prior to the onset of ocular manifestations. In this case, treatment with oral steroids was initiated due to inflammation of the retina, especially the macula which caused decrease in vision. By taking into consideration the time of onset of ocular presentation, previous history of typhoid fever and the response to oral steroids; the most likely diagnosis was post typhoid fever immune mediated retinitis with macular neurosensory detachment in the right eye and retinitis in left eye. In our case as the disc edema was not prominent, neuroretinitis was not considered as the diagnosis. Similar case reports by Relhan et al. and Laul et al. showed immune mediated response post typhoid fever presenting with neuroretinitis, vasculitis and macular detachment. Successful treatment with steroids was seen in them. Fusco et al. reported a case of bilateral chorioretinitis and stellate maculopathy post typhoid fever. However, in our case Xcyton analysis was done to rule out possible infectious retinitis before initiating steroid therapy, as it could exacerbate non immune mediated retinitis. Xcyton multiplex PCR analysis even though has the advantage of increasing the diagnostic yield it has certain disadvantages like false positive and negative results due to cross reactivity and preferential amplification, negative internal control if there is high amount of a particular target causing exhaustion of reagents and high cost."
PMC3507127_03,PMC3507127,Male,33.0,"This was a 33-year-old primary school teacher, who was referred to one of the authors by a colleague in general practice for specialist evaluation following repeated visits to his clinic and several others, with complaints of burning and peppery sensation in the head and body, insomnia, persistent feeling of apprehension, impaired concentration, irritability and fatigue. She also had pain in different parts of the body, anorexia, menstrual irregularities and loss of interest in sex. The burning and peppery sensation had predated all the other complaints and was described by the patient as the most troublesome of all the symptoms. Further questioning indicated that she had been experiencing recurrent episodes of verbal and physical abuse from her boyfriend, with whom she had been engaged for the past five years. The bouts of abuse emanated during periods of intense quarrelling, which, were usually provoked by her inquiries into the nature of her boyfriend's liaison with certain other ladies she frequently encountered around him. Each time she asked about these persons, the patient's boyfriend became angry, an argument ensued, and this would culminate in the boyfriend's anger escalating, and ultimately lead to his physically abusing her. Usually, the physical abuses were preceded by intense verbal insults during which he called her names, shoved, pushed around, and hit her. After the beating, the man would apologize to her and promise he would make up for the ""mistake"" he had made and that it would not happen again. Unfortunately, such suave assurances never deterred any subsequent episodes. Besides, the patient noted that the man had not been giving her financial support, which was expected since she earned a very low wage from which she also provided assistance to her mother and three younger siblings in higher institutions.
Asked why she had maintained the relationship in spite of the abuses, she stated that ordinarily, she loved the man, and that when he was not angry, he also showed love to her and understood her. Also, he accepted her as she was, and was well liked by her mother and other family members. Besides, the man had assured her that he would marry her ""very soon."" Above all, since no other serious suitors had yet turned up, the patient felt that she had to make do with the person she had at the moment.
The doctor had referred the patient after he and several others had been treating her for malaria, typhoid fever and other infectious diseases on several occasions along with prescriptions of various multivitamin and haematinic medications. However, despite the fact that none of these treatments ameliorated the patient's persistent distress, the pattern of treatment was repeated several times that it was the patient herself that requested that she be referred out, to a facility where a diligent search could be made for the cause of her continued problems. It was this request that prompted the patient's referral. Our assessments showed that the patient had depressive disorder in the setting of recurrent intimate partner abuse."
PMC4746982_01,PMC4746982,Male,23.0,"A 23-year-old male was referred to our emergency department with acute onset abdominal pain of 12 h duration. Pain was associated with nausea and giddiness. Preliminary abdominal sonography done at the primary hospital showed presence of free fluid in the pelvis and left hypochondrium. The patient was shifted for computed tomography (CT) scan, where he collapsed, and test abandoned. He responded to fluid challenge and referred to higher centre for further management.
On admission, his pulse was 94/m with systolic blood pressure 90/60 mm, oxygen saturation of 90%. There was tenderness in left hypochondrium and periumbilical region but had no history or signs of external trauma. Intravenous fluids were given, and he was shifted for CT scan of the abdomen which revealed a 7 cm x 6 cm sub-capsular peri-splenic haematoma with moderate hemoperitoneum in peri-hepatic area, paracolic gutters and pelvis [<PMC4746982_JMAS-12-75-g001_undivided_1_1.webp>].
The patient was monitored in Intensive Care Unit, kept nil by mouth, started on intravenous antibiotics and analgesics. Blood investigations showed haemoglobin (Hb) of 14 g%, white blood cells of 15,400/cumm and platelet count of 280 x 1000/cumm with normal coagulation profile. Since there was no history of trauma, a detailed workup was done for the cause of splenic rupture, tests for typhoid, dengue, malaria, leptospirosis, infectious mononucleosis were negative.
Repeat Hb at 6 h showed a drop to 11 g%. Abdominal discomfort and pain persisted with features of localised guarding in the left hypochondrium. A repeat abdominal sonography showed an increase in the hemoperitoneum. Considering the persistent pain, drop in Hb and increasing hemoperitoneum, we subjected him for laparoscopic sos open surgical intervention. Supine with leg split and reverse Trendelenburg position was given. The camera port was trans-umbilical, and the port for liver retraction was also in the midline, at xiphisternum. Working ports were 5 mm midway between umbilicus and xiphisternum and 10 mm port in left periumbilical region, additional 5 mm in left anterior axillary line was made for splenic retraction. The operating surgeon stood between the legs, whereas camera surgeon on patient's right side and 2nd assistant on the left side. There was 1000cc of hemoperitoneum with clots in the perisplenic, perihepatic and pelvic region [<PMC4746982_JMAS-12-75-g002_undivided_1_1.webp>]. The spleen size and surface was normal except for a small capsular breach on the medial surface. There was no obvious parenchymal laceration or tear. The splenic vessels were normal. The liver and other abdominal organs were normal. After sucking out intraperitoneal blood and clots, continuous trickle of bright red ooze was evident from the medial surface of the splenic parenchyma. Hence, we proceeded for splenectomy. Ultrasonic scissors were used, and splenic hilum dissected. We continued in the same position since hilar anatomy was well-visualised. Splenic artery was ligated with 2/0 silk, clipped doubly and cut. Splenic vein too was tackled in similar manner and spleen was carefully dissected free off its attachments. Operation time was 90 min; umbilical port incision was extended and spleen delivered intact after placement in a retrieval bag. Drainage tube was placed in splenic fossa through 5 mm flank port, and umbilical incision was closed meticulously with non-absorbable sutures.
Post-operative course was uneventful. His Hb was 9.9 g%, started on orals on day 1, drain removed and discharged on day 3 with a good cosmetic scar [<PMC4746982_JMAS-12-75-g003_undivided_1_1.webp>]. He was vaccinated against encapsulated bacterial organisms. Histopathology of the spleen did not reveal any abnormality except some congestion of hilar vessels. There was no evidence of vasculitis. There was no parasitic infiltration of spleen or any pathological cause of splenic rupture. Patient is stable at 24 months follow-up."
PMC8272493_01,PMC8272493,Female,16.0,"The gross specimens of a 16-year-old female patient with a provisional diagnosis of ossifying fibroma (central and peripheral) were received by the department of oral and maxillofacial Pathology. As per the clinical records, the patient had come with a complaint of a slow growing swelling present on the inner aspect of her left anterior mandibular teeth for 6 months. She had no pain. On examination, the lesion was a broad based pedunculated firm gingival swelling measuring 3 cm x 2 cm x 1.5 cm with smooth margins extending from 31 to 35 and obliterated the lingual vestibule in that region [Figure 1]. Her submandibular glands were palpable but non tender. No complaints of anaesthesia or paresthesia were elicited. Past medical and dental history revealed that she had typhoid few months ago and had multiple restorations for her posterior teeth 2 years ago, respectively. No record of trauma was present.
The radiographic features from an orthopantomogram and cone beam computed tomography showed a well circumscribed lesion involving regions 31 to 35 with buccolingual cortical expansion. The lesion exhibited small radio-opacities in its superior part causing displacement of adjacent teeth (33, 34 and 35). No association with impacted or unerupted tooth was found. On surgical excision of the pedunculated peripheral lesion they found that it had perforated the lingual cortex. The exploration of the buccal cortex through a bone window revealed a cystic greyish mass which was continuous with the remnants of the mucosa remaining at the site of peripheral lesion. The central and peripheral specimens were submitted to the oral pathology department.
The specimen marked P/peripheral (3 cm x 2 cm x 1.5 cm) revealed a firm whitish hard mass while the central/C specimen (2 cm x 1.5 cm x 0.5 cm) was grayish, soft and cystic [<PMC8272493_JOMFP-25-167-g002_C_1_1.webp>]. Both specimens were grossed, processed and sections were taken from different levels. The peripheral lesional sections showed uniform appearing odontogenic epithelial cells proliferating in sheets, whorls and alveolar patterns with duct like spaces. Secretory structures with tall columnar cells in duct like patterns were seen surrounding dental matrix like material. Eosinophilic droplets, perivascular hyalinization and calcified materials were found.
Sections from the hard mass of the peripheral specimen showed a para keratinized stratified squamous epithelium with vacuolization of cells. The underlying connective tissue exhibited patchy distribution of inflammatory cells, dense collagen bundles and large amounts of eosinophilic fibrinous deposits between the odontogenic clear cells.
The H & E sections of the central lesional tissue showed an odontogenic cystic epithelial lining, single to multi-layered with an underlying fibro-cellular stroma. Discontinuous, fragmented, tall columnar cells with areas showing stellate reticulum like appearance were seen within the stroma along with areas of dystrophic calcification and trabeculae of reactive bone formation. Deeper sections also showed discrete epithelial islands with definite whorls, rosettes and duct-like patterns [Figure 3]. Taking into account the clinical, histological and radiological features, a diagnosis of PAOT as an Erupted Intraosseous Cystic Variant was given."
PMC7217305_01,PMC7217305,Female,32.0,"A 32-year-old Chinese woman with a five-year history of pulmonary TB presented to our hospital in February 2017 with symptoms of cough, sputum, and shortness of breath. Physical examination revealed that her heart and abdomen were normal, and no dry and wet rales were heard in her lungs. Computed tomography (CT) scans of the chest showed bilateral pulmonary TB with cavities, bilateral pleural thickening, and enlarged lymph nodes in the upper mediastinum (Figure 1, A1 and A2). Her sputum smear results revealed the presence of acid-fast bacilli (AFB) graded as 2+. No obvious abnormality was found in routine biochemical tests. The patient claimed to have no history of hypertension, diabetes, hepatitis, typhoid and other infectious diseases. While waiting for the DST results, a treatment with four first-line anti-TB drugs was initiated, which included isoniazid (INH, 400 mg daily), RIF (450 mg daily), pyrazinamide (PZA, 1.5 g daily), and ethambutol (EMB, 0.75 mg daily).
Three months later, chest CT scans of the patient showed increased lesions in her left lung (data not shown) and her sputum smear was still graded as 2+. Results from the Xpert MTB/RIF assay were positive for MTBC but negative for RIF resistance, suggesting that the M. tuberculosis isolate was susceptible to RIF. However,results from the traditional DST showed that the clinical isolate collected from this patient three months after admission were resistant to INH, RIF, EMB, streptomycin (STR), levofloxacin (LFX), ofloxacin (OFX) and gatifloxacin (GFX), but susceptible to moxifloxacin (MFX), amikacin (AM), prothionamide (PTO), capreomycin (CM), kanamycin (KM) and para-aminosalicylic acid (PAS). Based on the DST results and WHO treatment guidelines for drug-resistant TB, a new treatment regimen was subsequently selected for this confirmed MDR-TB patient. This regimen contained up to five TB medicines from different groups: group A (fluoroquinolones), MFX; group B (second-line injectable agents), AM; group C (other core second-line agents), PTO and cycloserine (CS); and group D1 (add-on agents), pyrazinamide (PZA). The 20-month treatment plan included six months with five medicines (MFX, 400 mg daily; AM, 600 mg a day intramuscularly and five times weekly; CS, 500 mg daily; PTO, 600 mg daily; and PZA, 1.5 g daily), and 14 months with four medicines (MFX, 400 mg daily; CS, 500 mg daily; PTO, 600 mg daily; and PZA, 1.5 g daily).
During the revised treatment period, patient's sputum smears for AFB were negative seven times while sputum cultures were negative four times during testing at two, four and 11 months. Chest CT scans of the patient performed two months after starting the new treatment showed decreased lesions in bilateral lungs (Figure 1, B1 and B2), and those performed at eight months after starting the new treatment showed that lesions and cavities in bilateral lungs disappeared while pulmonary fibrosis remained unchanged, indicating the treatment was successful (Figure 1, C1 and C2). After the lung lesions of the patient stabilized and her symptoms abated, treatments with second-line anti-TB medicines were discontinued after the 20 months. Follow-up chest CT scans performed seven months after the completion of the 20-months of treatment showed that patient's lung lesions and fibrosis remained unchanged (Figure 1, D1 and D2), and sputum cultures were negative for M.tuberculosis.
To understand why the Xpert MTB/RIF results were inconsistent with the DST results, we extracted genomic DNA from the clinical isolate (No. s20170731y) collected from the first sputum sample of this patient when she was admitted to the hospital, and sequenced the entire RNA polymerase beta-subunit (rpoB) gene. We detected an A T nucleotide substitution at the Escherichia coli codon position 572 of the rpoB gene (ATC572TTC) leading to a missense mutation (Ile572Phe), which was the same as the M. tuberculosis codon position 491 (Ile491Phe). In addition, sequencing results showed no other mutations in the rpoB coding region including the 81 bp RRDR."
PMC5661914_01,PMC5661914,Male,24.0,"A 24 year old male service member currently stationed on Guam presented with 3 days of subjective fever, headache, myalgias (specifically lower back), severe fatigue, and insomnia that worsened throughout the day. In addition, he noted drenching night sweats and anorexia associated with variable weight loss. He did not report diarrhea, abdominal pain or vomiting. He denied any rashes. He had no ill contacts at the time of initial presentation, and denied recent travel, insect bites, consumption of unusual foods or unpasteurized milk products. He had been immunized against hepatitis A and B, typhoid, influenza, and took no routine medications.
One day after this patient presented, three other patients presented with almost identical symptoms specifically complaining of the headache, extreme fatigue and lower back pain. By day three, four additional patients had presented; two to the clinic, and two to the local ER - Fig. 1, epidemic curve. 
All patients denied recent travel, sick contacts or consumption of unpasteurized or raw food. A point source outbreak was suspected because of the epidemic curve. The cluster of cases presented approximately 2 weeks after a particular water exposure during a hash running event on the south side of Guam where 20 or so hikers had gotten lost and spent the night in the jungle. They noted multiple exposures to wet river banks, mud, and swamps.
On exam, all the patients were ill appearing with most prostrate on the examination table. The majority of their exams were normal, with no hepatosplenomegaly, rashes or conjunctival injection noted. Most patients did have abrasions along either the upper arms, or lower legs. All patients demonstrated a temperatures ranging from 101.2-103 F and all were tachycardia.
The majority of laboratory testing was normal, with the exception of slightly elevated serum creatinine and one patient with elevated liver enzymes and creatinine kinase levels. See Table 1. 
Microbiologic testing included negative blood culture and multiple serologic studies, the results of which are shown in Table 2. Of note, all patients demonstrated a seroconversion to leptospirosis on convalescent blood samples. Clinical course: All patients responded well to treatment with intravenous normal saline and antiemetics. All were empirically treated with doxycycline 100 mg twice daily and their symptoms resolved over the course of 3 to 4 days. Anorexia continued well into the third day of treatment with antibiotics, with most reporting weight loss between 5 and 15 lb."
PMC3410081_01,PMC3410081,Male,0.0,"A forty-year-old healthy Non-Saudi male working as a farm laborer was brought to the Emergency Room (ER) with a history of severe diffuse abdominal pain and repeated vomiting of 10-12 hours' duration. The pain started after his usual meal after work. There was no other relevant present or past history.
Clinical examination in the Emergency Room revealed that the patient was in severe pain and dehydrated . Vital signs were as follows: Pulse 120 beats /min regular, BP 80/60mmHg and Temp 36.5 C. Heart: sinus tachycardia, Chest: normal vesicular breathing, Abdomen: tender right hypochondrium and para-umbilical regions with guarding and feeble bowel sounds. Initial investigations showed marked leucocytosis and hypoglycemia (Table 1).
The patient was admitted as an acute abdomen for possible exploratory laparotomy. Upon correcting the dehydration, the blood pressure became 120/70mmHg but his general condition continued to deteriorate with the tachypnea (40/min), the abdominal pain became more severe and he was restless and agitated. The patient was shifted to ICU with a pulse rate of 160/min, intermittent atrial fibrillation (AF), raised jugular venous pulse (JVP), systolic murmur over left parasternal region and a scratchy sound over left 2nd and 3rd space with bilateral basal crepitations. Arterial blood gases (ABG) showed hypoxia (PO2 55mmHg with O2 mask) and metabolic acidosis (pH 7.15), so the patient was intubated and connected to ventilator.
Six hours after admission, an examination of the neck revealed a minimal enlargement of both lobes of thyroid gland with audible bruit on the right side. Diagnosis of thyroid storm was considered and a blood sample was sent for thyroid hormonal assay. Treatment was started immediately with oral neomercazole 60mg daily followed by lugol's iodine 0.5ml 4 times daily, injection hydrocortisone 100mg daily IV 6 hourly. Inspite of two doses of digoxin injection, he continued to be tachycardiac with atrial fibrillation (AF). He was given a cautious dose of IV propranolol 0.5mg slowly, which brought heart rate down, but he developed transitory hypotension .
In view of his acute abdomen, the patient underwent exploratory laparoscopy, which showed minimal fluid in the Morison's Pouch and right para colic gutter. Laparoscopy was converted into open laparotomy, which proved to be negative. Post operatively, the patient continued to receive same medications. By the second day the patient's condition remained critical with a tremendous increase in AST, ALT, LDH and CK enzymes (Table 1). In the course of the next four days, however, the patient started showing signs of clinical and biochemical improvement as tachycardia settled, no longer manifested signs of pulmonary congestion and showed a steady improvement of the deranged biochemical tests (Table 1). Thyroid hormones results were available at that time : free T3 4.20 pg/ml (N: 2.6-5.10), free T4: 57.12 pmol/l (N: 11.8-24.6), TSH: 0.02 mU/L (N: 0.23-3.80). Blood culture, urine culture, serological tests for brucella, typhoid and VDRL were negative. Gastroscopy showed severe monilial esophagitis, and colonoscopy revealed normal findings.
The patient's recovery was uneventful except the bouts of loose motion he had 6-7 times a day for 5-6 days, a temperature of 38 C for one day and severe oral candida infection which responded well to mycostatin. He was extubated on the 5th day and slowly resumed his normal diet and started gaining weight. The signs of heart failure were no longer present and sinus rhythm reverted to normal. He was discharged after 30 days of hospital stay, was advised to continue on neomercazole and was given an outpatient appointment. Eight weeks later, the patient came for his appointment. His general condition was good and his thyroid function tests revealed the following results , free T4: 20.1 pmol/l (N: 11.8-24.6), TSH: 0.13 mU/L (N: 0.23-3.80)."
PMC3396855_01,PMC3396855,Male,0.0,"A previously healthy 12-month old boy was referred from a clinic to the Kintampo Municipal Hospital (Kintampo, Ghana). He had presented at the clinic with a 2-day history of fever and vomiting. On admission to the clinic, diagnosis of severe anaemia secondary to Malaria was made. Despite treatment with IV fluid, IM Quinine and a blood transfusion, his condition deteriorated and he began to pass bloody stools. After two days he was referred to hospital for further management.
On arrival, the child had a reduced conscious level. He was febrile (39.5 C) and pale with pulse and respiration rates 110 beat/min and 60 breaths/min respectively. Abdominal examination was normal apart from periumbilical tenderness.
Blood film was positive for malaria parasites. Haemoglobin was 4.2g/dL and white blood cell count 16.4 x 109. Neither Widal test nor stool cultures were done. Supine abdominal X-ray showed air fluid levels. Erect chest X-ray showed no subphrenic gas. Treatment of severe anaemia secondary to malaria and suspected typhoid was continued. Intranasal oxygen, IV fluids and whole blood were administered along with paracetamol, IM quinine, IV gentamicin and IV metronidazole. After a further 2 days he remained semiconscious and febrile, passing blood clots in his stool. Despite transfusion, haemoglobin remained 4.3g/dL. Abdominal examination remained unremarkable.
An exploratory laparotomy was performed. On entering the peritoneum a large amount of blood-stained fluid was seen. A 1.5cm anterior perforation of the duodenal wall was found, with bleeding from the posterior duodenal wall (<PMC3396855_PAMJ-12-1-g001_undivided_1_1.webp>). The bleeding vessel was clamped and the perforation closed using an omental patch.
Postoperatively the child received a further blood transfusion, antibiotics and IV ranitidine. Ten days post-operatively he was discharged. On follow-up he had no sequelae.
Due to resource constraint no test for Helicobacter pylori was performed. The mother denied giving any medication to the child."
PMC10102344_01,PMC10102344,Male,7.0,"A 7-year-old male patient (the proband, IV-4;  Figure 1A  ) had a history of two episodes of mycobacterial lymphadenitis and recurrent typhoid fever. He was referred to the pediatric immunology clinic due to a newly diagnosed disseminated tuberculosis (TB) affecting the lungs and multiple lymph nodes that included the mesenteric lymph nodes. The patient had a history of fever and left axillary lymphadenitis at the age of 6 months, for which he received oral and injectable antibiotics without improvement. Excisional biopsy and histopathology showed caseating granuloma diagnosed as BCGitis, and he was treated with four anti-TB drugs (rifampicin, isoniazid, pyrazinamide, and ethambutol) for only 6 months. At 2 years of age, he developed fever, weight loss, and cervical lymphadenopathy. Fine-needle aspiration cytology showed caseating granuloma. He received the same combination of anti-TB drugs as before for 6 months, and his symptoms improved (  Figure 1B  )."
PMC10102344_02,PMC10102344,Female,40.0,"He also had recurrent febrile illnesses associated with abdominal pain and mesenteric lymphadenitis that were diagnosed as typhoid fever on many occasions based on a very high antibody titer on Widal test (culture not done) (  <PMC10102344_fimmu-14-1135824-g001_B_2_3.webp>  ). On each occasion, his condition improved remarkably after treatment. There was no history of other infections (pneumonia, otitis media, nor skin, bone, or joint infections). The patient's new TB condition started 6 weeks before referral to the Pediatric Tropical and Infectious Diseases unit. He appeared to have normal growth with a weight of 20 kg (10th) and a height of 118 cm (25th). He presented with high-grade fever, mainly at night with sweating, which improved with oral paracetamol. He also had severe abdominal pain disturbing his sleep and daily living activity, but there was no abdominal distension, diarrhea, constipation, or vomiting. The mother noted that the patient had significant weight loss and fatigability. Two weeks later, the patient developed a cough, which started dry and then became productive with thick mucoid sputum without blood. He did not suffer from chest pain or shortness of breath. In this occasion (January 2022), his diagnosis was disseminated TB (  <PMC10102344_fimmu-14-1135824-g001_B_2_3.webp>  ). His family history was remarkable for the affection of four other members (  <PMC10102344_fimmu-14-1135824-g001_A_1_3.webp> : III-1, III-5, III-11, IV-2, and IV-4) across two generations including his father (  <PMC10102344_fimmu-14-1135824-g001_A_1_3.webp> : III-5), with a similar condition. The patient's father (  <PMC10102344_fimmu-14-1135824-g001_A_1_3.webp> : III-5), who was 40 years old at the time of presentation of the proband, had recurrent TB adenitis since early childhood, which was diagnosed based on histopathology and acid-fast Bacillus (AFB) stain. Furthermore, the proband's parents reported that the father had three episodes of meningitis. One of these was cerebrospinal fluid (CSF)-confirmed tuberculous meningitis. In two occasions, failure of therapy was followed by the detection of Aspergillus fungal hyphae on the CSF. As a result of complicated TB and fungal meningitis, the father is now deaf, blind, and with shunted hydrocephalus. The patient's mother (III-6) aged 35 years is phenotypically healthy, is not blood related to the father, and is not from the same region. After taking a detailed family history, the mother mentioned a similar presentation of disseminated BCG infection leading to early infantile death in one of her own cousins (  <PMC10102344_fimmu-14-1135824-g001_A_1_3.webp> : III-11). There is a positive family history of recurrent adenitis among members of the patient's paternal family including his paternal aunt (III-1) and paternal cousin (IV-2) (  <PMC10102344_fimmu-14-1135824-g001_A_1_3.webp>  ).
To investigate the patient's abdominal complaints, an abdominal ultrasound scan was requested for the patient. This showed minimal intra-abdominal fluid and mesenteric and para-aortic lymph node adenitis, which was reported as highly suggestive of abdominal TB based on his previous history. The chest x-ray showed bilateral prominent hilar lymph nodes ( <PMC10102344_fimmu-14-1135824-g001_C_3_3.webp>  ). The diagnosis of TB infection was further confirmed with PCRs using IS6110 and mtp40 primers on blood and sputum, respectively. Immunological investigation revealed elevated immunoglobulin G (IgG) for his age, 2,117 mg/dl (normal range: 380-1,400 mg/dl). IgG subclasses and specific antibody titers for protein and polysaccharide vaccines were not done, as they are unavailable in Sudan. The patient's IgM and IgE levels were normal at 69 mg/dl (normal range: 37-225 mg/dl) and 53 IU/ml (normal range up to 155 IU/ml), respectively. His IgA level was low, 19 mg/dl (normal range: 30-250 mg/dl), dihydrorhodamine reduction (DHR) test by flow cytometer showed normal oxidative burst, and the patient's complete blood count and lymphocyte subset are shown in  Tables 1  and  Table 2 , respectively.
Primary immunodeficiency genetic testing performed on the NextSeq Illumina platform revealed two pathogenic homozygous variants in IL12RB1 gene of our patient at Exon 9, c.913A>T (p. Lys305*). This IL12RB1 mutation is associated with autosomal recessive MSMD, which is reported by Altare et al.. This sequence change creates a premature translational stop signal (p.Lys305*) in the IL12RB1 gene, which is expected to result in an absent or disrupted protein product. Such loss-of-function mutations in IL12RB1 are pathogenic (PMID: 9603733, 12591909). The patient's variant was not present in population databases (gnomAD no frequency), but this premature translational stop signal was observed in individuals with clinical features of MSMD (PMID: 9603732; Invitae). ClinVar also contained an entry for this variant (Variation ID: 488832). The father's genotype showed the same homozygous pathogenic variants in IL12RB1 Exon 9, c.913A>T (p. Lys305*), and interestingly, the mother, who is not blood related to the father, is a carrier for the same mutation. The patient is now on anti-TB drugs and planned to continue treatment for 2 years and then for bone marrow transplant."
PMC7081463_01,PMC7081463,Female,7.0,"A 7-year-old girl, from the district of Hooghly district in West Bengal, with no significant past history presented to us with fever for 15 days, difficulty in walking for last 4 days, and impairment of vision for 1 day. The fever was high grade (102.4 F on initial presentation) and intermittent in nature without chills, rigor, or rash. It used to subside on taking antipyretics. The fever was associated with headache and few episodes of projectile vomiting. Four days before presentation, the patient started having difficulty in walking with a tendency to fall to any one side and over the course of 4 days, she was not able to walk. Visual impairment was suddenly onset, with the child having difficulty in reading books and was associated with diplopia. The child had no history of spectacle use for refractive errors. There was neither any history of seizures, loss of consciousness, altered sensorium, trauma, low back pain, or any weakness nor of tinnitus, vertigo, or ear discharge. There was also no history of eye pain or redness. Bladder and bowel habit was normal. There was no history of similar disease in the family or of any developmental delay or regression. All immunizations were up-to-date, with no recent history of vaccination.
On further evaluation, child was febrile, irritable, and sick looking. There was no other abnormal finding on general survey, no apparent rash or neurocutaneous marker noted. No eschar was noted after thorough examination of entire body surface, including flexural areas, external genitalia, and scalp. Pulse was 120/min, with no special character. Blood pressure was 117/80, which is just above the 95th percentile for age, sex, and height. Respiratory rate was 24/min.
 Neurological examination: Higher functions were normal with no impairment in memory, speech, or language. Patient was well oriented to time, place, and person. There was no muscle weakness or hyper/hypotonia. Tendon reflexes were normal as were the superficial reflexes. There was no impairment in smell or taste. Visual acuity testing could not be done initially as the child was not cooperative. On reexamination after stabilization, visual acuity testing was 6/6 in both unaided eyes. Cranial nerve VI was affected, with latent squint of right eye manifested on asking the child to look toward the right. We suspected that the apparent impairment of vision and abducens nerve involvement were due to raised intracranial tension. All other cranial nerves were within normal limit. Sensory system examination revealed no impairment in fine touch, pain, temperature, position, and vibration sense. Romberg test was within normal limit. Cerebellar examination revealed unsteady gait with inability to walk in a straight line and tendency to fall to one side along with past pointing on finger nose test and dysdiadochokinesia. Neck rigidity was present, but Kernig's and Brudzinski's signs were negative. Fundoscopic examination did not reveal any signs of papilledema. There was no organomegaly on abdominal examination. Cardiovascular and respiratory systems were within normal limit.
 Investigations: There was moderate anemia with Hb:7.2 g/dl with microcytosis and hypochromia, probably due to nutritional iron deficiency. Leukocytosis was present (TLC- 15010/cmm), with neutrophilic predominance (N62 L32 M4 E2 B0). Malarial parasite was negative on peripheral blood smear; malarial parasite dual antigen testing was negative. Liver function and kidney function tests and electrolytes were also normal for age and sex.
Tests for dengue and typhoid, Japanese encephalitis, Herpes simplex, and human immunodeficiency virus were performed as per routine investigations for fever, all of which were negative. Blood culture revealed no growth. Urinalysis was normal and urine culture revealed no growth. Blood for Scrub typhus was IgM-Positive.
Cerebrospinal fluid- Cell type and count- 102 cells/cmm, 92% being mononuclear, 8% being polymorphs. Glucose -59 mg/dL. Cerebrospinal fluid protein was elevated to 119 mg/dL.
Cerebrospinal fluid Gram' stain showed no white blood cells, no microorganisms, and no growth after 48 hours incubation. Cerebrospinal fluid serology revealed Scrub typhus IgM/immunoglobulin G Positive. Magnetic resonance imaging brain showed no abnormality.
The patient was initially given intravenous fluid and antibiotic injection, Ceftriaxone as per standard recommendations on an empirical basis, after blood samples were drawn and lumbar puncture was done. We also started management of raised intracranial tension with head end elevation, control of fever with antipyretics, and hypertonic saline infusion at 0.5 mL/kg/h. This was continued for 24 hours till there was resolution of irritability, hypertension, improvement of vision, and subsidence of squint. On receiving the Scrub typhus reports, we started oral doxycycline at 5 mg/kg/d which led to dramatic improvement in 48 hours, with steadying of gait. Doxycycline was continued for a total of 7 days, following which the general condition improved and child became afebrile. She now had a visual acuity of 6/6, no sensorimotor or cognitive deficit and no problem with balance and coordination. We then discharged the child after a stay of 8 days after documenting the favorable neurological outcome."
PMC9897698_01,PMC9897698,Male,37.0,"A 37-year-old male presented with on-and-off fever (102 degrees F) for four days and generalized weakness in both upper and lower limbs. All necessary investigations were performed. On evaluation, the patient was diagnosed with dengue fever with thrombocytopenia. On examination, the patient was conscious and coherent with the following vital signs: blood pressure of 180/100 mmHg, pulse rate of 54 bpm, and saturation of peripheral oxygen (Spo2) of 95%. Neurological examination revealed sensory loss below the T4 level with absent deep tendon reflexes. The patient had a Glasgow coma score (GCS) of 15 without any signs of meningeal irritation. The pupillary size and reaction were normal. Serological tests for malaria and typhoid infection were negative. He had a hematocrit of 46%, and thrombocytopenia (1.01 lakhs/cumm) with an increased total leukocyte count (19,400 cells/cumm) and a normal coagulation profile (prothrombin time (PT) 14.1 sec, international normalized ratio (INR) 1.2). The rest of the laboratory results were unremarkable.
The patient was started on intravenous antibiotics (doxycycline 100mg), analgesics, and other supportive medications. His weakness gradually progressed with the inability to walk or stand. The patient was referred for a spine MRI, which showed long-segment spinal epidural hemorrhage in the cervical and dorsal spine (up to D8 level) causing mild to moderate lateral compression and anterior displacement of the cord at these levels (Figures 1, 2). An MRI of the brain was also performed which revealed mild diffuse subarachnoid hemorrhage with subtle dependent hemorrhage in the bilateral occipital horns of the lateral ventricles which correlated with CT (Figure 3). After the radiology report, a neurosurgeon was consulted regarding the MRI findings and explained the grave risk and poor prognosis in relation to the radiological findings. Since the epidural hemorrhage was a long-segment (cervicodorsal spine epidural hematoma from C2 to D7 level) and not focal, surgical treatment was not possible and conservative management was advised. The patient was intubated due to unresponsiveness on day 10 of the dengue fever diagnosis. On the same day, the patient's family members decided to have the patient discharged against medical advice. Subsequently, the patient died of the disease."
PMC10233606_01,PMC10233606,Male,25.0,"A 25-year-old male presented to the Level 1 hospital with sudden onset symptoms: pyrexia (39.2 C), headache, arthralgia, myalgia, distended abdomen, watery diarrhea four times, no nausea, and vomiting. He previously had been well, and he had never been given a typhoid vaccination before. On examination, blood pressure was 120/65 mmHg; heart rate was 72 bpm. Otherwise, he had no edema, lymphadenopathy, abdominal tenderness, or skin rash. At the Level 1 hospital, the patient was treated for an unspecified gastrointestinal disorder with oral antipyretic medicine and electrolyte-fluid compensation. After 8 h, symptoms of pyrexia and diarrhea ceased.
At the 22nd hour, the first syncope was recorded and lasted for 40 s, accompanied by vomiting once. He was treated with intravenous (IV) transfusion with normal saline (0.9%) and closely monitored. At the 24th hour, he had the second syncope but no fever, vomiting, or convulsion. This syncope lasted for 35 s.
Due to the recurrent syncope, the patient was referred to our hospital at the 30th hour and admitted to the Emergency room. Symptoms and signs on admission were body temperature 36.5 C, blood pressure 105/65 mmHg, respiratory rate 22 bpm, oxygen saturation 93%, palpitation, fatigue, headache, dizziness, and nausea without vomiting. Glasgow Coma Scale was E4V5M6.   The abdomen was initially soft and mildly distended, with no significant bowel sounds and no tenderness with no visceromegaly or adenopathy. The third syncope occurred while the patient was in the Emergency room and lasted for 30 s, for which he was closely monitored without any treatment.
With three syncopes, mild dyspnea, electrocardiogram presented to change with sinus bradycardia, 40 bpm. IV atropine of 0.04 mg/kg of the body mass was prescribed. After the injection, the heart rate increased to 53 bpm (atropine test negative), suggesting a sickness sinus syndrome; therefore, he was planned to be treated with this diagnosis and indicated pace marker intervention (Figure 1).
On the other hand, due to pyrexia and digestive disorder symptoms, after being admitted to the emergency room, the patient was tested for S. typhi; the result was a Widal test positive, and the blood culture was positive for S. typhi.
Some medical tests were performed. The results of these tests were shown in Tables 1 and 2.
The patient was treated with oxygen support with a flow of 3 L/min x 120 min, saline 0.9% 500 mL IV, XXX drops/minute, atropine IV 0.04 mg/kg, and ciprofloxacin 500 mg oral x 2 tablets/day x 7 days.
After treatments, he was closely monitored on vital signs, oxygen saturation, and electrocardiogram for 7 days. No more syncope and no fever were recorded, and vital signs were normal. Heart rate increased day by day and remained stable from the sixth day (Figure 2).
Symptoms of headache, arthralgia, myalgia, and distended abdomen decreased and ceased on the sixth day. Electrocardiogram showed sinus rhythm with a heart rate of 72 bpm, and no sinus bradycardia was detected. The patient was discharged on the seventh day.
The patient was scheduled to get re-examinations on the 10th day, the first month, and the third month afterward. Results showed that no syncope, no pyrexia, and no digestive disorder symptoms occurred. Normal electrocardiographs with sinus rhythm and heart rate of 70-80 bpm were observed. The patient returns to normal life as usual."
PMC7470353_01,PMC7470353,Male,24.0,"A 24-year-old native Japanese man presented to our hospital after developing high-grade fever. He had travelled to Vietnam and Cambodia for 14 days. After leaving Japan, he visited the beach in Halong Bay, the forest region near the border of China, and Siem Reap in Cambodia. During his stay, he had participated in forest trekking tourism and had stayed in a youth hostel. For dietary intake, he ate home-cooked food and drank beverages with ice, in a similar manner to local people. Fourteen days after he returned to Japan, he developed a mild headache, chills and malaise, and 2 days later, he developed a high fever with chills and rigors. He did not have any abdominal pain or diarrhoea. His past medical history, family history and social history were unremarkable. On examination, his temperature was 39 C, his blood pressure was 128/68 mmHg, his pulse was 101 beats per minute, his respiratory rate was 18 breaths per minute and his oxygen saturation was 98 % with room air. He did not present a rash, lymph node swelling, abdominal tenderness, or hepatosplenomegaly. His laboratory examination demonstrated elevated serum C-reactive protein (5.1 mg dl-1; normal range, 0-0.3 mg dl-1). The blood cell counts and the other biochemical tests were normal (WBC 6900 microl-1, AST 20 U l-1, ALT 19 U l-1). The HIV test result was negative, while contrast-enhanced computed tomography (CT) revealed ileocecal lymphadenopathy. We did not detect enterocolitis, arthritis, or abscesses. We also did not detect an aneurysm or abscess via brain magnetic resonance imaging (MRI).
Based on his travel history and clinical findings, we suspected primary bacteraemia from typhoid fever. He was admitted to our hospital for observation and treated with antibiotics. On the day of admission, ceftriaxone (2 g/day) and minocycline (200 mg/day) were administered. On hospital day two, the initial blood cultures yielded Gram-negative bacilli, which were identified as  Salmonella  by matrix-assisted laser desorption/ionization time-of-flight mass spectrometry. The bacterial subspecies could not be identified by biochemical testing at our hospital. Antibiotic susceptibility testing revealed that the organism was not resistant to the following antibiotics: ampicillin, piperacillin, cefotiam, cefotaxime, ceftizoxime, ceftazidime, cefepime, imipenem, meropenem, azythromycin, levofloxacin, ciprofloxacin and fosfomycin. Only minomycin had an MIC90 value of >8 microg ml-1.
After 1 day of ceftriaxone and minocycline, his fever, malaise and headache remitted. We discontinued minocycline, and ceftriaxone was continued for 14 days. The patient was discharged on day 10 and had an uneventful recovery with no recurrence of fever.
Further testing using commercial O and H antisera (Denka Seiken Co. Ltd, Tokyo, Japan) according to the Antigenic Formulae of the  Salmonella  Serovars (9th ed.) identified the organism as  Salmonella enterica  serovar Corvallis (at Hokkaido Institute of Public Health, Sapporo, Japan). Thus,  S. enterica  serovar Corvallis was likely to have caused the primary bacteraemia in this patient, as described."
PMC6214173_01,PMC6214173,Female,5.0,"A 5 years old girl (Fig. 1b, c) (sister of case 1) presented with recurrent infections, including 2 episodes of meningitis at 11 months and 2 years, several episodes of eczema herpeticum and oral thrush. She also had recurrent episodes of upper respiratory tract infections and otitis media. She developed a generalized skin rash at 2 months of age. Her serum IgE was elevated (> 2000 IU/ml) and she had eosinophilia (1000/microl, normal = 450/microl). Her serum immunoglobulins, isohemagglutinin titre, lymphocyte subsets and NBT assay were normal. The anti typhoid Vi vaccine was not done. The National Institutes of Health (NIH) score was 29 (Table 3).
A heterozygous mutation with a nucleotide exchange of 1145 G to A in exon 13 leading to an amino acid change R382Q in the DNA binding domain identified in the STAT3 gene."
PMC6214173_02,PMC6214173,Female,9.0,"A 9 year old girl presented with recurrent infections from infancy. This included umbilical sepsis and a generalized skin rash during the neonatal period, recurrent skin abscesses since 6 months of age and recurrent episodes of otitis media. She has retained 2 primary teeth. Chest X ray revealed of a right upper lobe pneumatocele. She was diagnosed with the beta thalassaemia trait. Her serum IgE was elevated (> 2000 IU/ml), while her eosinophil count was mildly increased (500/microl, normal = 450/microl). Her serum immunoglobulins, isohemagglutinin titre, anti typhoid Vi antibody titre, lymphocyte subsets and NBT assay were normal. The National Institutes of Health (NIH) score was 37 (Table 3).
A heterozygous mutation with a nucleotide exchange of 1909 G to A in exon 21 leading to an amino acid change V637M in the SH2 domain identified in the STAT3 gene."
PMC6214173_03,PMC6214173,Female,7.0,"A 7 year old girl presented with recurrent infections from the neonatal period, including septicemia on day 9 after birth with S. aureus isolated from blood, recurrent skin abscesses which were drained on 5 occasions, 3 episodes of pneumonia, several episodes of otitis media and chickenpox which was complicated by post varicella pneumonia at 7 years of age. She also developed a rash on the scalp and face in the neonatal period. Her chest X ray showed multiple pneumatoceles. She has had a pericardial effusion, and a peripancreatic abscess diagnosed by ultra sound. Both were aspirated. She had retained 2 primary teeth. She died at 7 years 5 months following a brief respiratory tract infection. Her serum IgE was elevated (> 2000 IU/ml), while her eosinophil count was increased (8650/microl), normal = 450/microl. Her serum immunoglobulins, isohemagglutinin titre, lymphocyte subsets and NBT assay were normal. The anti-typhoid Vi vaccine was not performed as the patient died before the post vaccine sample was collected. The National Institutes of Health (NIH) score was 59 (Table 3).
A heterozygous mutation with a nucleotide exchange of 1144 C to T in exon 13 leading to an amino acid change R382W in the DNA binding domain was identified in the STAT3 gene."
PMC6214173_04,PMC6214173,Male,11.0,"An 11 year old boy presented with recurrent abscesses since 4 months of age, including skin, dento-alveolar and lung abscesses. He developed a pyo-pneumothorax at 31/2 years, and the aspirated pus grew P. aeruginosa. He had also developed a skin rash at the age of 6 months. He had a greenstick fracture of the right ulna at 6 years. His serum IgE was elevated (> 2000 IU/ml). His eosinophil count, serum immunoglobulins, isohemagglutinin titre, anti typhoid Vi antibody titre, lymphocyte subsets and NBT assay were normal. The National Institutes of Health (NIH) score was 28 (Table 3).
A heterozygous mutation with a nucleotide exchange of 1909 G to A in exon 21 leading to an amino acid change V637M in the SH2 domain identified in the STAT3 gene.
The laboratory investigations and STAT3 mutations detected in our patients are presented in Table 2. STAT3 mutations are presented in figure. Table 4 shows a comparison of our patients, with those from the west India, ethnic Chinese from China, Hong Kong and Taiwan, and Japanese patients."
PMC7468372_01,PMC7468372,Male,44.0,"A 44-year-old male presented with sudden onset, diminution of vision in both eyes for 10 days. He gave history of fever, myalgia, and weakness one week prior to onset of ocular problem. He was previously healthy, not known to have diabetes mellitus or hypertension. There was no relevant family or social history of medical significance. During clinical evaluation and laboratory investigation for fever; typhoid, malaria, tuberculosis, syphilis, collagen vascular disease and bleeding disorders were absent. He was diagnosed to have dengue fever as NS1 antigen and IgM antibody were positive. After conservative management, his platelet count had improved from 49x103/microL to 176x103/microL (normal range, 150-450x103/microL) over a week period. At presentation, his best-corrected visual acuity was 1/60 in the right eye (OD) and 6/18 in the left eye (OS). Anterior segment findings were normal. Fundus examination revealed vitritis, perivascular exudates, intraretinal hemorrhages, macular edema, peripapillary retinal whitening, and cotton wool spots in both eyes, with additional retinal whitening affecting the right macula (<PMC7468372_IMCRJ-13-363-g0001_A_1_2.webp><PMC7468372_IMCRJ-13-363-g0001_B_2_2.webp>). Fundus fluorescein angiography revealed disc and perivascular leakage limited to posterior pole along with patches of blocked fluorescence. In addition, there was capillary nonperfusion due to occlusion of multiple small arterioles supplying the macula of the right eye confirming macular ischemia (<PMC7468372_IMCRJ-13-363-g0002_A_1_2.webp><PMC7468372_IMCRJ-13-363-g0002_B_2_2.webp>). Optical coherence tomography of both eyes demonstrated macular edema with subretinal fluid. A diagnosis of bilateral retinal vasculitis with right eye macular infarction was made. Echocardiography and carotid Doppler studies revealed normal cardiac and carotid artery status. The patient was treated with intravenous methylprednisolone which was futile even after three days of treatment. Then he was counseled for treatment with immunoglobulin, which the patient refused and left for a second opinion without returning back to us."
PMC9938668_02,PMC9938668,Female,23.0,"A 23-year-old female patient experienced a fever and chills after exposure to a cold environment and had a body temperature of 40 C. She exhibited several other symptoms, including dizziness, sweating, headache, chest pain, sore throat, nasal congestion, bloody sputum, general fatigue, and muscle soreness. The patient had finished her menstrual period 10 days prior, but after admission, she developed irregular vaginal bleeding that lasted for 4 days; however, there were no abnormalities on gynecological examination. CT images obtained from the patient in Case 2 observed halo signs, as well as GGOs of bronchial inflation, in the left lower lobe of the lung (Figure 1B, left). Urine antigen testing for Legionella pneumophila was negative. At the beginning of treatment, the patient was treated with arbidol tablets, budesonide, and other symptomatic treatments. The patient experienced fever, chest pain, non-specific T-wave abnormalities, and vaginal bleeding on the third day of hospitalization, and she was strongly suspected of having myocarditis. Abnormal laboratory test results were obtained, as follows: creatine kinase (CK), 287.33 U/L (normal range 24-170 U/L); lactate dehydrogenase (LDH), 264.52 U/L (normal range 100-240 U/L); and hydroxybutyrate dehydrogenase, 199 U/L (normal range 74-199 U/L). Cardiac troponin I (1.114 ng/mL) was also above the reference range (0-0.04 ng/mL). The patient was transferred to the ICU. The Weil-Felix test was significantly positive, with the following results: O antigen, 1:320; H antigen, 1:160; paratyphoid B, 1:80; paratyphoid C, 1:160; O antigen-X19, 1:80; and O antigen-X2, 1:80. The patient was then treated with cefoperazone sodium/sulbactam sodium plus moxifloxacin. Four days after admission, the patient underwent bronchoalveolar lavage. The mNGS of BALF reported 15 sequence reads of C. psittaci (Table 1) and 3 sequence reads of Streptococcus pneumoniae. Moxifloxacin was continued for 10 days. A re-examination by lung CT 15 days after admission showed that the left lower lobe lesions had improved and absorbed (Figure 1B, right). The patient was a researcher, and she collected wild pig feces samples in the 2 weeks prior to symptom onset. Infected wild birds or the environment was the most likely source of C. psittaci."
PMC3701398_01,PMC3701398,Male,65.0,"A 65-year-old male presented with fever, cough with breathlessness for last 2 months, alongwith swelling, redness and pain affecting both ankles for 7 days. Two months earlier, he was treated for clinically suspected typhoid with no resolution of the fever. At the same time he was also found to be diabetic. Atpresentation, patient was toxic, febrile, icteric and dehydrated. Body temperature was 101  F, BP was 90/70 mmHg, respiratory rate 50/min, heart rate 128/minute. Bronchial breath sounds were heard on the left side and bilateral crackles were present. Spleen was mildly enlarged. Both ankles were erythemic and edematous. The right foot was affected by cellulitis with purulent discharge. Investigations showed a total leukocyte count (TLC) of 24,000/mm3, the peripheral blood smear revealedtoxic granulations and vacuolations, the liver enzymes wereraised with the values of aspartate aminotransferase (SGOT)- 160 IU/L, alanine aminotransferase (SGPT)- 82 IU/L, alkaline phosphatase (ALP)- 1120 IU/L, G-glutamyl transferase (GGT)- 216 IU/L, lactate dehydrogenase (LDH) - 387 IU/L., A chest X-ray showed homogenous consolidation on theleft side, An ultrasound showed bilateral pleural effusions and mild ascitis; high sensitivity C-reactive protein (Hs CRP) level was 233.8 mg/dl, procalcitonin level was 0.5 ng/ml, glycosylated hemoglobin (HbA1c) level was high at 11.10%, acid-fast stain (AFB) from sputum carried out for 3 days, malarial antigen, Widal test, Urine culture were all negative. Blood from two different peripheral sites and endotracheal secretions were sent for culture. Arterial blood gases showed a hypoxic state With an oxygen saturation at 78%. He was ventilated and based on a clinical diagnosis of sepsis, started on an empirical therapy with piperacillin/tazobactum and clindamycin. He continued to be febrile and on day 3, right ankle was surgically drained and pus collected for culture. Blood culture put up in the fully automated Bactec (Beckton and Dickinson) showed positivity on the third day and grew nonfermenting, oxidase-positive flat,dry, wrinkled colonies which were subsequently identified as Burkholderia pseudomallei in Microscan 96 SI (Siemens, Frimley, Camberley, UK).
Burkholderia pseudomallei was alsoisolated from his endotracheal secretions and pus."
PMC4989586_01,PMC4989586,Female,30.0,"A 30-year-old married female with no known medical history presented to the emergency room (ER) with acute delirium and a fever since the day before presentation. Five days earlier she had a severe progressive generalized headache resistant to painkillers, profuse vomiting, fever, and delirium.
Past medical history was unremarkable except for three spontaneous miscarriages at the first trimester and recent irregular menses for which she started oral contraceptive (OCP) 20 days before presentation.
The patient described a history of recurrent painful oral ulcers for an undetermined period. On examination, there were a fever of 38 C and delirium, regular pulse 70 beat per minute (BPM), no signs of meningesmus, and no focal signs. Skin, cardiovascular, and genitourinary systems were within normal limits except for papulo-pustular rash on chest inspection. Fundoscopy was normal.
Brain computed tomography (CT) on admission was unremarkable. Blood tests were also normal except for white blood cells (WBCs) count of 20.91 x 109 per liter (neutrophils: 89.9%), erythrocyte sedimentation rate (ESR) of 75, and C-reactive protein (CRP) of 148.2 mg/L. Widal test for typhoid and Wright test for Brucella were both negative. Blood film, urinalysis, and chest X-ray (CXR) were normal. Cerebrospinal fluid (CSF) analysis showed WBCs of 30 cells/microL (predominantly neutrophils), red blood cells (RBCs) 100-150 cells/microL, glucose 69 mg/dL, protein 75 mg/dL, and negative gram stain.
Intravenous (IV) vancomycin and ceftazidime for suspected bacterial meningitis were initiated with no improvement for 48 h. The brain CT was then repeated and revealed bilateral pulvinar hypodensity and subacute hemorrhage within (Figure 1).
Brain magnetic resonance imaging (MRI) showed bilateral thalamic T2 hyperintense lesions with restricted diffusion. The lesions did not enhance with contrast. Intrathalamic hemorrhage was also noted (Figure 2). Brain magnetic resonance venography (MRV) showed right transverse, and sigmoid sinuses reduced calibers with no corresponding cerebral lesions (Figure 3).
CSF analysis for the second time revealed no cells, 70 mg/dL protein, and 65 mg/dL glucose. CSF cytology was negative. Pathergy test was negative. Anticardiolipin antibodies and antinuclear nuclear antibodies (ANA) were both negative.
Behcet's disease with either vein of Galen thrombosis or mesodiencephalic junction parenchymal lesions was suggested. Other differential diagnoses of bilateral thalamic lesions and/or thrombophilia were also considered.
However, in the light of the rapidly deteriorating clinical picture, the decision of treatment with steroids was made (dexamethasone 10 mg I.V followed by 4 mg/6 h). During the next few days, a dramatic clinical, laboratory, and radiological improvement ensued but the patient did not fully recover.
A week later, the patient developed a painful swollen leg, and echodoppler detected deep venous thrombosis (DVT) of the left lower leg despite the regularly aided ambulation. Pathergy test was repeated again and showed a stark positivity (Figure 4).
Anticoagulants (enoxaparin 1 mg/kg q12 h subcutaneously (SC), followed by warfarin 5 mg daily) were added to azathioprine 50 mg as a starting dose plus oral prednisolone 40 mg daily after fulfilling the diagnostic criteria of Behcet's disease. Follow-up MRI and MRV were done and revealed no active lesions (Figure 5)."
PMC8213119_01,PMC8213119,Female,6.0,"A 6-year-old female childadmitted to pediatrics emergency with high-grade fever without chills and rigors past 7 days, progressive pallor past 5 days, and bluish spots over the whole body for 2 days. In detailed history, she had a fever without any symptoms of vomiting, jaundice, or hematuria. There was no history oft previous hospitalization. At admission, a child was lethargic, febrile (102 F), severely pallor, petechial rashes, cervical lymphadenopathy, and body pain (paroxysms) with the features of shock. In the systemic examination, hepatosplenomegaly in per abdomen examination and respiratory, cardiovascular finding (except hemic murmur) were within normal limits. In the central nervous system examination, she was in altered sensorium without meningeal signs or focal deficits. Initially, we kept as lymphoreticular malignancy with febrile neutropenia and start supportive as well as symptomatic treatment and malignancy workup planed. After stabilization, bone marrow aspiration as well as biopsy was done. Bone marrow aspiration and biopsy revealed hemophagocytosis [<PMC8213119_TP-11-46-g001_undivided_1_1.webp>]. Due to persistent high-grade fever, fever workup, including rapid malarial antigen test, peripheral smear for malaria parasite, serology for typhoid and rickettsial infection, blood culture, etc., as well as a supportive workup for hemophagocytic lymphohistiocytosis (HLH) (liver transaminases, lactate dehydrogenase, triglyceride, serum ferritin, and fibrinogen) were sent [Table 1]. In peripheral smear, malaria parasite was seen as trophozoites for Pf malaria and revised the diagnosis as malaria-associated secondary HLH (sHLH) and the anti-malarial drug was started. On 3rd day of antimalarial therapy, the child fever responded and 5th-day fever was subsided and discharged the child."
PMC6592131_01,PMC6592131,Male,5.0,"A 5.5-year-old boy had admitted in Nigria due to bloody diarrhea and fever.
Watery diarrhea and fever had begun 14 days before, and he admitted to Nisa Hospital in Nigeria for more evaluation. Intravenous (IV) ceftriaxone and then ciprofloxacin were administered for him by diagnosis of typhoid fever. After 48 hours, bloody diarrhea appeared and colonoscopy was done for him, which showed membranous colitis; so antibiotic was discontinued and then metronidazole was administrated. Because the symptoms continued, he was discharged with his parental consent and was admitted to Mofid Children's Hospital for further work-up.
The only positive sign in physical examination was tenderness around umbilical area.
Data in laboratory studies were normal except stool exam which contained many white blood cells (WBC) and red blood cells (RBC). Radiologic study showed thickening of small bowel especially in right colon. In the past medical evaluation, he had episodes of pharyngitis and lymphadenopathy every 3-4 weeks, and penicillin and amoxicillin were administered for him every time.
In the first 2 days of admission, IV metronidazole was continued because of membranous colitis in his previous data and fever. After 48 hours, clostridium difficile toxins A and B were negative for 2 times in stool examination. Stool culture only showed pure klebsiella [<PMC6592131_IJPVM-10-113-g001_undivided_1_1.webp>]. In further investigation, indole was positive [<PMC6592131_IJPVM-10-113-g002_undivided_1_1.webp>], and klebsiella oxytoca colitis was the diagnosis. Metronidazole was discontinued, and only supportive care was done for him. In the 5th day of admission, the bloody diarrhea and fever disappeared, and he was finally discharged on the 7th day."
PMC4967050_02,PMC4967050,Female,0.0,"Training in poultry was promoted to rear birds as a sustainable profit-making livelihood. Between 2012 and 2015, 133 beneficiaries received support for poultry. Before starting poultry interested beneficiaries' were advised to seek suggestions of Block Livestock Development Officer (BLDO). According to the expert suggestion, distribution of Road Island Red (RIR) breed and purchase of 21 days old chick in order to minimize the transportation hazards for chicks was followed. It was also confirmed from the BLDO that beneficiaries could get medicine free of cost from the Block Animal Health Unit. The poultry farms were successfully set up and non-group members were also taking interest in the process (Fig. 6d).
Scattered mudflats of 87.07 ha were brought under mangrove plantation in between 2012 and 2013. Approximately 140,843 saplings were planted (Satjelia Island) out of which 96,531 saplings survived by the end of 2015. The selected species for plantations were in endangered category as per IUCN red data book i.e. Brugeria gymonorrhiza, Brugeria sexangula, Rhizophora mucranata, Avicenia spp., Ceriops decandra and Xylocarpus mekongenis (IUCN). 355 sacks (700 propagules/sack) of Avicennia spp. progules collected by local population that floats out from the reserve mangrove patches during high tide, were scattered in the mudflats during the plantation period. These Avicennia spp. that are tolerent to high salinity stress, have shown a profuse growth and a comparatively better survival rate (81.5 %) than the saplings (68.5 %). Previous works by Chowdhury et al., have also indicated that Avicennia marina can tolerate high salinity stress resulting due to the influx of salt water from sea during storm surges like AILA (2009). This trait makes one of the most suitable colonizers outcompeting the salt sensitive species, due to sea level raise and climate change. PCFC/SHG members were employed in this plantation process (Fig. 3) and given wages as per standard labor rates. Community members in supervision of the group members have taken part in this plantation program. The donor agencies funded the purchase of saplings and also the re-embursement of the labor rates charged by the plantation team.
Mangroves act as an effective carbon sink (Donato et al.) and sequester highest amount of CO2 (than any other non-mangrove forest types) which approximately amounts to 100 tons of CO2 per hectare (ha) and also stabilize the soil particles to control erosion (Harty). Hence, this plantation program was aimed to scale down the ominous effect of climate change as well as to form a natural barrier against any disaster. Mangroves have the unique ability to stabilize the soil particles, thus able to control the erosion. So, in future these plants can be effective to reduce the erosion of embankments of these areas. The huge root system of the mangrove flora has the ability to slow the tidal wave energy, this feature also helps to reduce the erosion. Then, in long term Mangrove would protect the country from both ill effect of climate modification and also from erosion of land. Works of Chowdhury et al. highlights that the climate change/sea level raise was responsible for the exclusion of true mangrove varieties (Rhizophoraceae members and plants with prominent physiological/phenological/morphological adaptations to combat salt stress) with salt tolerant/invasive species in central parts of Indian Sundarbans between 2008 and 2013. So sea level raise and climate change have deleterious influence on the mangrove ecology and re-vegetating the naked/deforested mudflats were a small step taken through this climate change adaptation project to conserve the mangrove varieties as well as increasing CO2 sequestration. And this plantation program was required to motivate the community members towards revegetating the deforested mud flats with mangrove plants and is an indispensable part of this project aimed at improving community level adaptation strategies to battle climate change issues in vulnerable tropical coasts.
In disaster management trainings, special emphasis has been given to local knowledge of what the beneficiaries' have faced during disaster and their view on how to adjust to these calamities. Participatory methods were employed where the discussion sessions were organized in each of the disaster management trainings. There the trainees were told to discuss about their decision making process during an impending natural disaster like cyclone/storm surges. That information is the traditional knowledge handed down through the generations of the trainees as most of them have been directly or indirectly related to fishing/aquaculture for livelihood and has to face storm/disasters in a regular basis and hence have adaptation skills to escape/survive during those disasters. And the project workers closely monitored these informal interviews and during subsequent group meetings those information were cross-checked with other group members. Again, this information was cross-checked with non-group members through snowball survey/random survey through easy designed questioner. The project workers and field staff conducted a total of 500 household surveys to validate this information. The structured questioner directly asked them whether they agree with the particular information about the disaster or not and only two responses were allowed, i.e. (1) 'Yes' and another (2) 'No'. About 60 % of the information shared by the trainees found above 75 % acceptance amongst the group members and non-group members. A disaster management committee had been formed where the experienced members gave the young members' education about the prediction of impending disaster. Only the information cross-checked in-group meetings and found consistent amongst the local population was communicated to the committee members. The beneficiaries' have suffered during the cyclone and communicated their experiences in the training. They assisted each other during the crisis extending hand of friendship, sharing resources irrespective of caste and social positional differences. Same helping mentality between the sufferers was also seen during any flood related disaster. During the period of 2012-2013, 10-disaster management committee has been formed by the project. Each committee has 10 individuals trained to combat disaster problems The main points of training were-dangers from natural calamities and how to prepare for the disaster, uses of disaster fighting equipment, how to increase awareness among the people about disaster preparedness. Local knowledge and understanding in managing disasters or disaster preparedness' is a concept that is highlighted in the trainings and formation of disaster management groups. Most of the beneficiaries' are directly dependent on the rivers for transport or livelihood (fishing, shrimp collection). So they or their immediate family members have borne the brunt of several natural disasters in past and they have traditional knowledge on predicting and saving themselves during disasters.
For example, according to traditional knowledge sudden raise in humidity and calm wave-less rivers suggest an incoming storm surge. Sudden migration of fish schools also suggests upcoming storm. If the birds started chirping in the middle of the day and tried to flock in trees that also suggest an upcoming disaster according to traditional beliefs. Other important observations are that the water of the pond receded from the shores or the fishes act strangely during an advent of cyclones. Ants started to come out of the burrows and migrate inland, according to some it is also an indication of an upcoming storm. It is also true for tiger residing in the islands and crocodiles, which tried to migrate inland on the advent of cyclones. If a storm does impact during any voyage fisherman take their boats either inland before the storm hit and bind themselves with ropes on trees to deter being carried away by the rough waves. This information was cross-checked and found to be acceptable above 75 % amongst the group members and non-group members and so is considered as a consistent local knowledge on climate change adaptation strategies of the local vulnerable population. This knowledge, if communicated in a participatory way, can be invaluable for protection during disasters.
The main problems during any natural disaster (Cyclone/Storm surges) is the breach of the earthen embankments along the riverside, hence the possibilities of salt water overflowing into the agricultural fields whole elevation is lower than the water level in most parts of the islands at Sundarbans (Fig. 7a). Immediately after any natural disaster, there arises an acute crisis of availability of fresh water, hence population has to depend on relief supply for their water demand, which in most cases are inadequate, poorly managed and unorganized as communicated by the trainees during interaction sessions (Fig. 7b). As the water rushes in during a cyclone by breaking the embankments, the huts near the shores are wiped out displacing the inhabitants (Fig. 7c). Lastly, the deaths of livestock animal/fresh water fishes due to drowning and purification of their flesh contaminate the fresh water sources resulting in epidemics like Cholera/Typhoid/dysentery and other water borne diseases amongst the stranded population. Governmental hospital facilities are inadequate, poorly managed, and under equipped to manage these emergencies. So NGO's play a pivotal role is managing these health issues, but in the absence of space, temporary sheds are used to house the patients (Fig. 7d).
In these trainings and the disaster management team were taught to combat these issues, contact governmental/non-governmental stakeholders to manage the aftermath of any disaster. Basic medical/sanitation techniques were communicated to them like using boiled water for consumption during any waterlogged situation. The disaster management team was given all necessary knowledge to handle the emergencies and the effectiveness of these teams could only be tested during the situation of any disaster, but was a focal aim of this program to train a manforce that could be useful in the climate change community based adaptation strategy.
The attendance of group meetings by the beneficiaries' was encouraging, over the phase of 2012-2013. The SHG and PCFC groups also managed to save substantial amount (2448.97 US Dollar by 2013) for emergency times (refer to Additional file 1: Table S3). Female groups (SHG) show more number of meetings than the PCFC because male members generally migrate to different reaches of the country to work as temporary labors during the summer months to augment their income during the lean (agriculturally unproductive) months unlike the women folks who stays back to look after the house and other landed property. Migration due to climatic variations is a common scenario worldwide. All the group members have saved substantial sums of money in their group accounts. It acts as a revolving fund as some members took lone from the same from the start of a new sustainable entrepreneurship or during any disaster. These savings also act as insurance from natural disasters and other calamities. Microcredit system was presented to the group members. Bank linkages were effective in introducing the notion of saving to the vulnerable communities. Non-governmental organizations (NGO) sometime effectively act as MFI provider to communities less accessible to the governmental support schemes (Premchander). The successes of these schemes have invigorated the adaptation of this method of monetary sustainability to marginalized population that is not the part of the project group.
PET was organized at the end of the 'Disaster management' training programs which was the last component in the training schedules. Trainees, project workers were involved in acting and organizing the shows. This component was aimed to propagate the ideas of AIGA, MFI, Disaster preparedness' to non group members, i.e. the whole community residing in and around Satjelia Island.
Theater troupes' were taught to act an environmentally informative street drama amongst the trainees and mobile act shows were conducted in the market place, in local celebrations and even in other islands. At least 7 shows were coordinated in a month, where the notion of climate change, sea level rise, and resource conservation was highlighted and brought to the communities at large. There exists a fierce competition to be a part of this mobile theater troupes' amongst the beneficiaries' as they felt enthusiastic for fame and acknowledgement these bring to them. These non-economic benefits can also motivate community members to be a part of a conservation or a developmental scheme (Silva and Mosimane). As more and more shows were conducted, it got an appreciable popularity amongst the marginalized community. And random verbal survey conducted within the spectators suggests interest and attachment to this program. This method also popularizes the group training endeavors and help to convey the message to the distant parts of Sundarbans whose inhabitants may have come to attend.
Participatory management processes have been a popular method to conserve natural resources (DasGupta and Shaw; Chowdhury and Maiti). Indian Sundarbans houses a dense human population along with it's unique mangrove ecosystem. Industrialization and urbanization at the border of this mangrove habitat due the presence of a metropolitan Center like Kolkata has already been a hindrance to the proper conservation of the ecosystem as evident from recent studies (Chowdhury and Maiti). But the socioeconomic condition of the resident population makes it even more difficult to successfully implement any conservation activity without economically improving their status. In the absence of any proper employment opportunities', low productivity of the agricultural lands due to the high salinity of soil/water compels the inhabitants to be dependent on resource exploitive income options like hunting for tiger prawn shrimps, poaching including illegal felling of mangrove trees for land conversion, overgrazing the mud flats by livestock etc.
This project introduced AIGA to the local population, spread awareness through technical as well as theoretical training sessions, preparing a skilled disaster management team that can serve the community during the frequent natural disasters like storm surges and cyclones, communicating the benefits of organic farming. Tropical/subtropical, aquatic as well as coastal ecosystems are exposed to escalating anthropogenic disturbances owing to ever-increasing human population, industrial development and land conversion activities (Maiti and Chowdhury; Chowdhury and Maiti). Recent research works have shed light into the fact that in a fragile amphibious ecosystem like Sundarbans, even the conservation friendly practice like ecotourism can have a deleterious effect on the ecosystem, contributing to the Pb pollution due to seepage of low grade fossil fuel into conserved waters from tourist/ferry boats (Chowdhury and Maiti). Pollution can have a multitide of direct and indirect effects that can distabilize a ecosystem by the processes of biomagnification, bioaccumulation in flora and fauna along with degredation of the abiotic environment (Kumar and Maiti; Kumar et al.; Banerjee et al.; Naz et al.; Chowdhury and Maiti). So identification and introduction of resource friendly AIGA are essential before planning any conservation effort in this region. Sustainable, environmentally friendly alternate income generation activities like Poultry, small business like grocery shop, Tricycle van, etc. can augment the economic condition of the local population. Participatory mode of conservation through NGO's and community based organizations (CBO's) are experimented in different parts of the globe with successful outcomes (DasGupta and Shaw; Chowdhury et al.). The success of the project components (AIGA, Plantation program, Sustainable agriculture, Disaster management committee and MFI) was monitored by the project employees (14 field supervisors, 1 Livelihood support officer, 1 Greening officer) on the instruction of the 'Program Coordinator' and the project progress has again been periodically monitored by the inspection team of the funding agency. The beneficiaries' selected for a particular support (AIGA) by the group organization was given technical help even after they have engaged into the trade. Information about governmental subsidies on poultry medicines were communicated to them so that they could self sustain their business and avail the maximum help from the governmental and non-governmental institutions. Again the beneficiaries' recorded the progress of the business and that was used for understanding the success of their trade. In case of problems, experts immediately assist them in coordination of the project employees to identify the problem and to solve the issue.
Loss of traditional knowledge was also observed in other tropical communities affected by natural disasters like typhoon (Acosta et al.). And any natural disaster leads to a panic situation that reduces the ability of the community to deal with the immediate emergency (Asuero et al.). Ten disaster management committees would serve a pivotal role in disaster preparedness' and management during any natural calamity. Local knowledge on adaptation to natural disaster has also been taken into account so that the same can aid in emergency situations and not get lost with time and development.
Chemical pesticides and fertilizers have a deleterious effect on the agricultural lands with limited fertility as in case of Indian Sundarbans. Introducing organic farming methods had been an arduous task amongst the farmers, already dependent on the chemical fertilizers for generations. So 1015 beneficiaries were selected as per the recommendation of the group, who were given support/technical trainings to practice organic farming on a part of their land. This act as success stories to the community at large to get interested in practicing the organic agriculture.
Plantation program aims to vegetate the naked mudflats by community participation. One of the focal reasons for mangrove deforestation in the human habituated islands of Sundarbans had been overgrazed by livestock specially goats apart from land conversion activities. So involving the community to plant the saplings gave them an emotional attachment with the planted saplings and it reduces their overgrazing activity. This conclusion can be drawn from the survival rate of the saplings and informal interviews conducted by the project employees amongst the non-group members of the community residing near the plantation area.
PET helped to convey the messages of this multi-pronged climate change mitigation endeavor to different parts of the delta in the form of easy to understand the plays with participatory involvement of the audiences. The success of this communication method would be revealed in the future if other non-group members also adopt these processes.
Similar conservation methods can be employed in other areas of the globe facing climate change problems and harboring vulnerable population. The tropical rainforests/mangrove patches/glacial wastelands/temperate grasslands in South East Asia, African forests, Brazil, Andean hot spot, island atolls of Micronesia/Polynesia and artic settlements of Canada are to mention a few of the regions that are susceptible to climate change related disaster issues as well as anthropogenic disturbances and are focusing on participatory climate change adaptation strategies as a sustainable solution (Berkes and Jolly; Mirza; Morton; Engle and Lemos; Gero et al.; Duru et al.). And common root cause hindering any conservation activity in these diverse geographical locations with different socio-economic complexities is the unstable economic condition of the resident population. So 'lecturing' local people about climate change 'problems' from a scientific perspective can never be a effective practical solution in these vulnerable areas. AIGA initiatives should be included in planning any climate change mitigation strategy to deal with this economic disparity before venturing into implementation of any conservation plans. Community should be motivated to conserve their habitat out of their own 'free will' and not due to 'governmental directives' which can only be achieved by ensuring their active participation in any environmental management plans."
PMC6522155_01,PMC6522155,Male,29.0,"A 29-year old male patient from Delhi with no known prior comorbidities presented with fever and dry cough for 40 days and progressively worsening dyspnea for 15 days. This was associated with loss of appetite and loss of weight (5kg in 40 days). On general physical examination, patient was febrile, pulse rate was 134/min, SpO2 on room air was 92%, respiratory rate was 36/min and blood pressure was 110/70 mm of Hg. Pallor was present but there was no icterus, cyanosis, pedal edema or lymphadenopathy. On systemic examination, moderate hepatosplenomegaly was present. Chest was bilaterally clear. On initial laboratory investigation, he was found to have pancytopenia (Haemoglobin-8.4/dl, Platelet count-79,000/mul, total leucocyte count-3900/mul). Malarial parasites were not seen on peripheral smear and quantitative buffy coat examination. Blood and urine cultures were sterile. Serology for HIV 1 &2 was non-reactive. Antibodies against rk-39 were negative. Widal titre was < 1:40 for typhoidal O, typhoidal H and paratyphoidal H antigen. Peripheral smear showed presence of schistocytes with a corrected reticulocyte count of 1.8%. Lactate dehydrogenase (LDH) was found to be elevated (579 IU/l) and direct coomb's test was positive. Vitamin B12 and folate levels were normal. Electrocardiogram (ECG) showed right bundle branch block with S1Q3T3 pattern (<PMC6522155_PAMJ-32-43-g001_undivided_1_1.webp>). B type natriuretic peptide levels (211.6 pg/ml) were elevated. Echocardiography showed moderate pulmonary arterial hypertension (Pulmonary artery systolic pressure- 43+10 mm of Hg), moderate tricuspid regurgitation and prominent right atrium and ventricles. Left ventricle ejection fraction was 70%. Minimal pericardial effusion was also noted. CT pulmonary angiogram was normal. USG Venous Doppler of all four limbs were normal.
Bone marrow aspirate showed mild relative erythroid hyperplasia with both intracellular and extracellular yeast with morphology suggestive of Histoplasma capsulatum (<PMC6522155_PAMJ-32-43-g002_undivided_1_1.webp>). Histoplasma serology however was negative. CD4 count was 454/mcl (39.9%). IgA, IgG and IgM levels were normal. Anti-nuclear antibody (ANA) and Anti ds DNA were negative. Fibrinogen levels (< 150mg/dl) were decreased. Triglycerides (304 mg/dl) and ferritin levels (> 2,000ng/ml) were increased. Patient was started on intravenous liposomal amphotericin B. His fever resolved on day 4 of liposomal amphotericin B. His dyspnea, however resolved on day 10 of liposomal amphotericin B. On day 13, he was shifted to itraconazole therapy. Follow up platelet count and total leucocyte count after 12 days of therapy was 1.8 lakh/cu.mm and 4500/cu.mm respectively. The hemoglobin at three weeks after the initiation of therapy was 9.4g/dl. No blood was transfused during or after the hospital stay. Follow up echocardiography on day 5 of amphotericin B revealed mild pulmonary arterial hypertension (pulmonary artery systolic pressure- 36+ 10mm of Hg) and trivial tricuspid regurgitation. Right atrium and right ventricles were normal in size. He resumed his normal daily activities within a week of discharge. He continued to take itraconazole for four months and discontinued on his own. He returned to follow up one year later from the time of discharge for routine checkup. His complete blood count was normal (hemoglobin- 14.6g/dl, total leucocyte count- 7430/ cu.mm, platelet count- 3 lacs/ cu.mm). 2D echocardiography showed a pulmonary artery systolic pressure of 31+ 10 mm of Hg and trivial tricuspid regurgitation."
PMC6454994_01,PMC6454994,Male,56.0,"The 56-year old Chinese patient underwent radical resection and was diagnosed with renal clear cell carcinoma (stage II) in 2015. Diagnosis of the disease was based on magnetic resonance (MR) imaging and pathological findings of kidney cancer (6x4 cm, no lymphovascular invasion, sarcomatoid features, or necrosis), and there was no significant increase in tumor markers. After surgery, IL-2 and IFN-alpha-2b were administered for 2 months each. Lung metastasis was confirmed in April 2016 (Figure 1), and a tyrosine kinase inhibitor (Sunitinib) was administered for 3 months. The drug was discontinued after progression of lung metastasis was found. After cryosurgery for lung metastasis, an immune checkpoint inhibitor (nivolumab) was used for 2 months. Gross hematuria occurred in January 2017. Ultrasonography revealed space-occupying lesions in the bladder, and transurethral cystectomy was performed under general anesthesia. Postoperative pathology showed metastatic clear cell carcinoma. Later, imaging revealed metastases to the right pleura, right kidney, liver, left ribs, and right tonsil. The patient showed systemic fatigue, back and lower limb pain, difficulty walking, recurrent daily fever (around 38.5 C), poor appetite, and emaciation. Peripheral blood erythrocyte count dropped below 3x1012/L and hemoglobin below 100 g/L; the Karnofsky score was 30. After hospital admission, the patient received parenteral nutrition, blood transfusion, analgesics, and other symptomatic treatments. MBV treatment was started on April 12, 2017, after consultation with the patient and his family. This case report was approved by the ethics committee of Fuda Cancer Hospital, Jinan University and was in accordance with the Declaration of Helsinki; the patient's written informed consent including the images for publication was received for this study.
The MBV includes 6 kinds of heat-inactivated bacteria, namely 1) Pertussis bacillus (concentration 9 billion/mL), 2) Diphtheria bacillus endotoxin (concentration 20 Lf/mL), 3) Tetanus bacillus endotoxin (concentration 5 Lf/mL), 4) Typhoid bacillus (concentration of 300 million/mL), 5) Bacillus paratyphoid A/B (concentration 150 million/mL each), and 6) 10% Staphylococcus aureus solution (concentration 1 billion/mL). Strains were purchased from National Institutes for Food and Drug Control. Zhejiang Weixin Biological Pharmaceutical Co., Ltd., was entrusted with technical service and culture of bacterial media. Additional additive included 0.1% Poly I:C (tlrl-pic; InvivoGen, San Diego, CA, USA) and 30% fat emulsion for injection, blended in a certain proportion.
The most common adverse reactions recorded included local (injection site swelling and blisters) and systemic (chills, fatigue, and fever) reactions. Liver function was evaluated based on the levels of alanine transaminase (ALT), aspartate transaminase (AST), total bilirubin (T.BIL), and gamma-glutamyl transpeptidase (GGT) multiple times during MBV treatment. Bone marrow hematopoietic function was evaluated based on the levels of peripheral blood erythrocytes and hemoglobin.
Peripheral blood (2 mL) was collected before and multiple times during MBV treatment for the detection of immune function. Flow cytometry (Facscanto  II; BD, Franklin Lakes, NJ, USA) was used for analysis. The analyzed indexes included the number and function of lymphocytes in the peripheral blood. The BD Multitest 6-color TBNK reagent (no 644611; BD) was used to detect the number of CD3+CD4+ cells (95% range: 441-2,156 cells/mL), CD3+CD8+ cells (95% range: 125-1,312 cells/mL), total CD3+ cells (95% range: 603-2,990 cells/mL), and CD3-CD16+CD56+ cells (95% range: 95-640 cells/mL). The BD Cytometric Bead Array (CBA) Human Th1/Th2 Cytokine Kit II (no 551809; BD) was used to detect the expression of IL-2 (95% range: 8-12.5 pg/mL), IL-4 (95% range: 3.5-6 pg/mL), IL-6 (95% range: 2.7-8.5 pg/mL), IL-10 (95% range: 1.8-4 pg/mL), TNF (95% range: 1.7-2.5 pg/mL), and IFN-gamma (95% range: 1.5-4 pg/mL). The tests were performed according to the protocols given in the instruction manuals. Results above or within the reference range were considered to indicate normal immune function. One or more values below the reference range was considered to indicate immune dysfunction.
Since no tumor markers can be used to evaluate tumor activity, CTCs were measured as a biomarker for the identification of patients at high risk of relapse and to monitor immune responses to therapy. According to our previously published reports, CD45-CK+CD326+ cells were defined as CTCs. In normal conditions, the reference number of CTCs is 0-1 cells/7.5 mL blood. CTCs >5 indicate poor prognosis and high risk of recurrence or metastasis. CTCs <5 indicate low risk of recurrence or metastasis. The detection procedure included collection of 7.5 mL blood from the patient and isolation of mononuclear cells using human peripheral blood lymphocyte separation solution (Haoyang Biological Manufacture Co., Ltd., Tianjin, China). Isolated cells were enriched by binding to magnetic CD326 (Ep-CAM) MicroBeads (Miltenyi Biotec Ltd., Bergisch Gladbach, Germany) using magnetic-activated cell sorting. Enriched cells were labeled with monoclonal antibodies targeting CD45, CD326, and CK (Miltenyi Biotec Ltd.) and counted by flow cytometry.
Changes in MR tumor imaging were monitored to evaluate the curative effect of MBV. According to the RECIST 1.1 guideline, therapeutic effect is categorized as a CR, disappearance of tumor detection of all target lesions; partial response (PR), total reduction in the diameter of the target lesions >=30%; stable disease (SD), tumor regression fails to reach PR or progressive disease (PD); or PD, total progression of the tumor diameter >=20%."
PMC10183597_01,PMC10183597,Female,15.0,"A 15-year-old female adolescent visited the hospital following an emotional episode. She experienced a headache, a crooked mouth, and acute left limb immobility. The patient was examined for Graves' disease at the age of 13 (May 2020) due to palpitations, wasting and irritability and has been treated with oral methimazole (at a current maintenance dose of 2.5 mg) during this period until now, with no family history of thyroid disease. Furthermore, she had a red rash on both her feet and pain several times before admission. There was no family history of drug usage or use of any other substances. Her blood pressure was 114/58 mmHg. Pulse was 86 beats/min, the patient was conscious, had proptosis (+), no rash, no pharyngeal congestion, no enlargement of the tonsils, no enlargement of the superficial lymph nodes, and no abnormalities were discovered on the cardiopulmonary and abdominal examinations. During a neurological examination, it was discovered that the corners of the mouth are skewed to the right, the left nasolabial fold becomes shallow, indicating facial nerve palsy, the muscle strength of the left upper limb was grade 4/5. The muscle strength of the left lower limb was grade 3/5 (using the Medical Research Council Manual Muscle Testing Scale for Assessing Muscle Strength). The left Babinski's sign was positive. The patient's neurological examination revealed all of the above-mentioned anomalies, which point to an upper motor neuron lesion and call for additional imaging tests to confirm the diagnosis. The biochemical results can be seen in Table 1. The cranial magnetic resonance imaging (MRI) (Figure 1) suggested multiple aberrant new signs in the brain, which were thought to be caused by ischemia due to the patient's obvious neurological signs. Several high-coagulation risk factors and additional immunological markers were also ruled out. The echocardiography (Figure 2) revealed a mass in the left atrium that was generally hyperechoic and measured 36 mm x 44 mm. The electrocardiogram (ECG) indicated sinus rhythm, electric axis right deviation, and T-wave depression in II, III, aVF, and V4-V6 leads. The effective mitral regurgitant orifice area was 2.6 cm2 with mild regurgitation. The pedicle connects the tumor to the atrial septum, and the cardiac cycle affects the morphology of the tumor. During diastole, the tumor prolapsed through the mitral valve into the left ventricle, and during systole, it returned to the left atrium. It was also strongly suggestive of an atrial myxoma. The patient had an acute cerebral embolism, and the cardiac surgery department recommended elective surgery following acute phase (usually 3-4 weeks). Interestingly, this patient experienced a second transient ischemic attack 20 days following the initial cerebral embolism, with symptoms including aphasia and weakness in right limb that resolved independently after 30 minutes. This attack was discovered to be accompanied by a scattered light red rash on both feet that had macules and faded with pressure but did not protrude from the skin's surface, accompanied by pain. The differential diagnosis of red rash includes infectious diseases (measles, rubella, scarlet fever, typhoid spotted rash, septicemia), immune system diseases (kawasaki disease, allergic purpura), hematologic diseases (infectious mononucleosis, thrombocytopenic purpura) and allergic reactive diseases (urticaria, eczema, drug rashes). It was determined to be secondary to either micro-embolic phenomena or vasospasm in combination with the rheumatology and dermatology consultation. The patient received a simple surgical resection to prevent the recurrence of cerebral embolism and other embolism sites. An open incision procedure was carried out for surgical treatment through the anterior median sternal incision. Intraoperative extracorporeal circulation was established. Intraoperative cross-clamping time was 28 minutes, while cardiopulmonary bypass time 43 minutes. The total blood loss was 300 ml, and 200 ml of blood was transfused. After surgery, the patient fully recovered without experiencing complications like bleeding or infection. Moreover, a histological examination confirmed the atrial myxoma diagnosis. There were no further manifestations of cerebral embolism or rash during the postoperative follow-up. The patient and family expressed great satisfaction with the treatment of this disease, as stated in the patient's perspective at the end of the article."
PMC7344764_01,PMC7344764,Female,3.0,"A 3-year-old girl presented at our clinic with daily remittent fever of 2 weeks' duration that was unresponsive to antipyretics. She was experiencing high-grade fever, fluctuating between 38 and 40  C and occurring up to 3 times a day. Her past medical history was significant for NS diagnosed 1 year prior. She was started on a standard immunosuppressive regimen consisting of prednisolone (9 mg on alternate days). She could not be weaned off steroids despite repeated trials and required a high-dose regimen to stay in remission. In view of her high-threshold steroid dependence, the parents were counselled regarding the use of oral cyclophosphamide or mycophenolate mofetil (MMF) therapy. With parental consent, she was started on MMF (1,000 mg/m2/day). The patient was subsequently lost to follow-up. At the time of presentation, the child was in remission with no proteinuria and with normal serum albumin levels. 
Four months into treatment for NS, she developed remittent bouts of high fever for 2 weeks, after which she returned at our hospital seeking medical care. After reviewing her medical records, it was determined that the patient was on both MMF (1,000 mg/m2/day) and prednisolone (9 mg on alternate days). She had been noncompliant with the prescribed corticosteroid taper. Her local clinician did not taper the initial prescription of 9 mg alternate-day steroid (her weight being 20 kg). On admission, she was noted to have hepatosplenomegaly and leucocytosis (Table 1). Empiric treatment was commenced with intravenous ceftriaxone and stress doses of prednisolone. At presentation, two sets of blood and urine cultures were sent for analysis, and they reported no growth. 
Serologic testing for dengue, malaria, typhoid, and rickettsia were non-reactive. Her serum ANA (anti-nuclear antibodies) and complement protein (C3, C4) levels were normal. The child had a normal nutrition state, with both height and weight percentiles being at 50th percentile for age and sex as per Centers for disease control and prevention (CDC) standards. A transthoracic echocardiogram failed to demonstrate any vegetation suggestive of infective endocarditis, and the chest X-ray was normal. Ultrasound of the abdomen showed no abnormality apart from hepatosplenomegaly. A pediatric hematology review was obtained, and a bone marrow aspiration study was undertaken, which showed cellular, reactive bone marrow with normal hematopoietic cells, and no evidence of leukemia or hemophagocytosis. Computed tomography scan of chest and abdomen showed hepatosplenomegaly and diffuse ground glass haze in both lung fields (<PMC7344764_CNCS-8-049-01_undivided_1_1.webp>). 
On further investigation, she was found to have raised IgG and IgM antibody titers (17.4 AU/mL and 27 AU/mL, respectively: normal value < 10 AU/mL) to Mycoplasma pneumoniae. A repeat sample during the convalescent period showed a 4-fold rise in IgG titer against Mycoplasma pneumonia, thus confirming the infection. Subsequent addition of azithromycin was followed by a remarkable improvement in her clinical condition. A quantitative viral PCR assay for Ebstein-Barr virus (EBV)DNA was negative. PCR testing for cytomegalovirus (CMV)DNA revealed 56,340 copies/mL, and her MMF was stopped. Within a week of instituting intravenous ganciclovir therapy, the viral load declined to 180 copies/mL. A repeat PCR assay 1 week later was negative for CMV DNA. She was finally switched to oral valganciclovir and was completely asymptomatic at the time of discharge with undetectable viremia, normal leucocyte count, and absence of organomegaly. Currently, the child has been in remission for the last 6 months, without immunosuppressive therapy."
PMC4779641_01,PMC4779641,Female,0.0,"Our patient is a previously healthy 11 month old Saudi female infant, who was brought to our emergency room with a one week history of fever and left elbow swelling for 3 days. There was no history of vomiting or diarrhea. No history of trauma. No history of contact with sick patient. Past medical history was unremarkable with no previous hospital admission. No family history of hemoglobinopathy or immunodeficiency. No history chronic medication use or immunosuppressive therapy. On physical examination she was febrile with a temperature of 39.6 C. Over all she was looking well with left elbow swelling, hotness, redness, tenderness and limitation of active and passive movement. No other joint involvement. Other systemic examinations were not contributory. Her initial complete blood count showed a WBC of 14.21 x 109/L, hemoglobin 104 gm/L and platelet 1140 x 109/L. Erythrocyte sedimentation rate was 130 mm/hr and C reactive protein 57 mg/L. Blood culture was negative. Left elbow X-Ray showed mild amount of joint effusion with no evidence of fracture or dislocation. Ultrasound of left elbow showed 2 x 3 centimeter moderate joint effusion with synovial thickening and nodularity. Joint aspiration was done by interventional radiologist then the patient was started on vancomycin. Magnetic resonant imaging of left elbow ruled out osteomyelitis. Aspirated synovial fluid analysis revealed a WBC of 1111 and RBC 55625. Synovial fluid culture grew nontyphoidal salmonella group D sensitive to ampicillin, ceftriaxone, ciprofloxacin and trimethoprim/ sulfamethoxazole. Therefore vancomycin was stopped and cefotaxime was started. Three stool cultures were negative for salmonella. Because the isolated organism was salmonella, a sickle cell screening was done and came to be negative. Evaluation by Immunology team was obtained and their impression were unlikely to be immunodeficient child. After starting cefotaxime, her fever subsided but swelling and limitation of movement persisted. Ultrasound repeated at 10 days of hospitalization and showed thick elbow joint collection with synovial thickening and increased vascularity suggestive of active inflammation. Left elbow arthrotomy was done, pus was drained, joint was irrigated and a drain was placed. Three days later, the drain was removed and physiotherapy was started. Following this intervention, she improved significantly with resolution of all signs of inflammation. Cefotaxime was stopped after 4 weeks and she was discharged in good condition on oral ciprofloxacin for an additional two weeks. Upon discharge erythrocyte sedimentation rate and C reactive protein were within normal range. She was seen in outpatient three months after discharge and was found to be well."
PMC6385320_01,PMC6385320,Female,18.0,"Three siblings who developed severe diarrhea and fever after returning from a vacation to Costa Rica in January 2017 are described in this report. Their mother experienced systemic flu-like symptoms with fever, chills, and abdominal pain (but no diarrhea) while in Costa Rica, with spontaneous resolution of her symptoms after returning home. Their father experienced diarrheal illness without fevers or chills, which also resolved without medical intervention. The family had one other child (an 18-year-old male) who accompanied them to Costa Rica but never became ill. No family members received typhoid immunization.
Patient A, a 14-year-old male, developed the onset of fever, chills, headache, and abdominal pain 4 days after return (4 days post-return (PR)) to the United States. He developed diarrhea consisting of 5-6 loose green stools per day on day 5 PR, with diffuse abdominal pain, and nausea. He was seen in the emergency department (ED) after 1 day of diarrhea (day 6 PR). He was discharged from the ED but was admitted the following day (day 7 PR) when a blood culture was noted to contain Gram-negative rods. On presentation, he had a blood pressure of 102/49, temperature of 38.2 C (his temperature during hospitalization reached a maximum of 40.1 C), serum bicarbonate level of 24 mg/dL, and leukocyte count of 6620/mm3. The patient was treated with intravenous IV ceftriaxone and aggressive fluid resuscitation during his hospitalization. Tests for malaria, dengue fever, and chikungunya were negative. A nucleic acid amplification test (NAAT), (FilmArray Gastrointestinal (GI) panel, BioFire Diagnostics, Salt Lake City, UT) performed on a stool specimen was positive for Salmonella species but attempts to culture Salmonella from the stool were negative. Blood cultures, however, were positive for a Salmonella serogroup D organism subsequently identified by the state public health laboratory as Salmonella enterica serotype Panama. Antimicrobial susceptibility testing determined the isolate to be susceptible to ampicillin, cefotaxime, and trimethoprim/sulfamethoxazole. The patient was discharged and completed a 14-day course of daily IV ceftriaxone; he remains well.
Patient B, an 11-year-old female, experienced the onset of symptoms on day 4 PR (the same day as patient A), with fever to 38.9 C, chills, and near-syncope. On day 6 PR, she began experiencing diarrhea, and on day 8 PR developed genital ulcerations and dysuria. She was admitted to the hospital, where her bicarbonate level was 24 mg/dL, and her leukocyte count was 4790/mm3. She was treated with IV ceftriaxone and aggressive fluid resuscitation. Likewise, her stool was positive by NAAT for Salmonella as well as enteropathogenic E. coli (but negative by culture). Blood cultures ultimately were positive for Salmonella enterica serotype Panama, with an antimicrobial susceptibility pattern identical to that of her brother's isolate. Surface cultures of her genital lesions revealed only normal perineal flora. She was discharged to complete a 14-day course of daily IV ceftriaxone, and remains well.
Patient C, a 13-year-old male, developed fever and myalgia on day 8 PR from Costa Rica. These symptoms resolved spontaneously within 3 days and he returned to school and normal activity. Several days later, he developed fatigue, myalgia, vomiting, frequent non-bloody watery diarrhea, diffuse headache, dizziness, and chills prompting a visit to the ED. On presentation, he had a blood pressure of 84/44, temperature of 39.7 C, serum bicarbonate level of 20 mg/dL, and leukocyte count of 15,320/mm3. Like his siblings, he was admitted to the hospital and treated with IV ceftriaxone and aggressive fluid resuscitation. Although cultures of the blood were negative, he, too, had a stool NAAT which revealed the presence of Salmonella species. Culture from this stool ultimately identified Salmonella enterica serotype Panama. Following 5 days of treatment with IV ceftriaxone, he was switched to oral amoxicillin (based on the antimicrobial susceptibility pattern of his siblings' isolates) and discharged in stable condition to complete a 14-day course of therapy as an outpatient."
PMC10928401_01,PMC10928401,Male,55.0,"A 55-year-old male resident of Pipar city (rural countryside), Jodhpur, India, farmer by occupation presented to our tertiary healthcare centre with the symptoms of fever of 3 weeks duration, which was insidious in onset, persistent, low grade and relieved on taking antipyretics. Fever was accompanied by drowsiness, lethargy, myalgia, arthralgia (large joints) for the last 5 days of the illness before presenting to the healthcare facility. It was not associated with headache, projectile vomiting, visual disturbance, seizure, loss of consciousness or abnormal body movements. The patient received antibiotics for the aforementioned complaints by a local practitioner. However, the prescription of which could not be traced and no clinical improvement was noted. Patient reported consuming unpasteurized goat milk, handling and residing in close proximity to the livestock. But had no history of contact with tuberculosis patients.
On the fourth day of admission, the patient developed an acute onset of weakness on the right side of the body, which was more prominent in the upper limb as compared to the lower limb. The patient was hemodynamically stable with a body temperature of 38.7  C, but was disoriented to time, place and person. Physical examination of the patient revealed pallor, icterus and neck rigidity. Gradual weight loss of around 10-15 kgs was noted in the past 1 year. Motor examination revealed, hypotonia in upper and lower limbs, grade II power in muscles of all limbs with sluggish deep tendon reflexes. Sensory examination was normal. No other neurological complaints were noted.
Laboratory parameters revealed an elevated neutrophil count of 11882 cells mm-3 (84.8 %), reduced lymphocyte 1680 cells mm-3 (12 %) count and thrombocytopenia 78560 cells mm-3 was noted. Inflammatory markers such as C-reactive protein and erythrocyte sedimentation rate were found to be elevated, i.e. 120.1 mg l-1 and 27 mm per hour respectively. Liver function test revealed an elevated aspartate transaminase: 145.4 IU l-1, alanine transaminase: 83.6 IU l-1, alkaline phosphatase: 374 IU l-1, total bilirubin: 4.40 mg dl-1, direct bilirubin: 2.65 mg dl-1 and indirect bilirubin: 1.75 mg dl-1 with a blood ammonia level of 84 microg dl-1. Renal function tests were within normal limits.
In view of the persistent deteriorating neurological symptoms, patient underwent lumbar puncture and the cerebrospinal fluid examination (CSF) of the patient depicted pleocytosis (12 cells mm-3) with lymphomononuclear (99 %) predominance, elevated protein (174 mg dl-1) and reduced glucose (22 mg dl-1) levels, but in contrast to this the CSF culture was negative for bacterial and fungal growth.
With pyrexia of unknown origin (PUO) as the working diagnosis, human immunodeficiency virus 1 and 2 antibody, japanese encephalitis IgM serology, scrub typhus IgM serology, non-structural one dengue antigen, typhoid WIDAL test and pan plasmodium lactate dehydrogenase and histidine rich protein-2 malarial antigens were found to be negative. Since the patient had deranged liver function test, Hepatitis A, B, C, E serology testing were done and were found to be non-reactive. In the tuberculosis workup, CSF was negative for Acid Fast Bacilli (AFB) and Cartridge-Based Nucleic Acid Amplification Test (CBNAAT). Interestingly, the radiological findings did not reveal any significant abnormality.
As a routine diagnostic workup for PUO, paired blood culture bottles were sent to the department of Microbiology on three consecutive days. Time to positivity for first set was around 02 days 21 h, second set around 03 days 16 h and third set 03 days 21 h post-incubation respectively. All the samples were processed inside Biosafety cabinet 2b with standard respiratory precautions: N95 mask, lab coat, gloves. Initial Gram-staining of all three pairs of the blood culture bottles demonstrated Gram-negative coccobacilli under 1000x magnification. Subculture from the positive blood culture bottles were done on to 5 % sheep blood agar and chocolate agar. The plates were incubated in CO2 and routine aerobic incubator for 24 and 48 h at 37  C.
Culture growth obtained from all the flagged bottles were identical. The colonies grew to approximately 0.5 mm in size, which were round in shape, smooth, oval, low convex, transparent non-haemolytic after 48 h of aerobic incubation (Fig. 1). Gram-staining of the colonies depicted Gram-negative coccobacilli under 1000x magnification (Fig. 2).
The colonies were processed by VITEK MS (BioMerieux, Inc.) (data: S1.a) and VITEK 2.0 Compact system (BioMerieux, Inc.) (data: S1.b). VITEK MS gave the identification as Brucella spp. with 99.9 % of confidence value and VITEK 2.0 Compact system gave identification of Brucella melitensis with 99 % probability. The isolated colonies were further confirmed by manual biochemical rapid urease test. Colonies gave positive rapid urease test (Fig. 3). Simultaneously patient's serum was subjected to Brucella serology by Enzyme Linked Immunosorbent Assay (ELISA), which in turn was found out to be reactive for both anti-Brucella IgM (Optical density: 0.9055) and IgG (Optical density: >4.0) antibody (Calbiotech, Inc Brucella IgM and IgG ELISA Kit) (data: S1.c).
With above clinical symptoms and microbiological evidence, patient was diagnosed as a case of neurobrucellosis and initiated on the triple drug therapy (Ceftriaxone 2 g once a day, Rifampicin 600 mg once a day and Doxycycline 100 mg twice a day). Clinical and laboratory parameters started to improve on the next day of treatment and right sided weakness started to improve gradually. The patient was discharged 3 days post-initiation of the targeted therapy, with the triple drug therapy (Cotrimoxazole [80/400 mg] once a day for 4 weeks, Rifampicin 600 mg once a day for 3 months and Doxycycline 100 mg once a day for 3 months). Fig. 4 depicts the chronology of events in a sequence.
In India, brucellosis is regarded as a deceiving infectious disease and the incidence of human brucellosis varies in different studies ranging from 0.8 % in Kashmir, 0.9 % in Delhi, 8.5 % in Gujarat, 11.51 % in Andhra Pradesh, 16.7 % in western Rajasthan, 19.83 % in Maharashtra. First case report of neurobrucellosis in western Rajasthan was reported by Kocher DK et al. in 2020 from Bikaner. In this study, 12 patients were confirmed as neurobrucellosis by serology alone without any other evidence. Similar studies were reported in Bikaner by Chahar C et al. in 2012 and Choudhary MG et al. in 2012. After which no studies were reported from western Rajasthan. This can be due to lack of clinical suspicion or non-availability of diagnostic facilities.
Moreover, the symptoms of brucellosis are nebulous and frequently manifest as fever, chills, arthralgia, myalgia, weariness, sweating, foul-smelling perspiration, and anorexia. Hence brucellosis is frequently underdiagnosed and causes multisystem complications, primarily affecting the gastrointestinal tract, hepatobiliary system, and skeletal system. Neurobrucellosis is rare and fatal complication seen in 5-10 % of cases. Meningitis, encephalitis, myelitis, radiculo-neuritis, brain abscess, epidural abscess, peripheral neuropathy and psychosis are all symptoms of neurobrucellosis.
The clinical manifestation of central nervous system involvement varies. Meningoencephalitis is the most common kind of nervous system involvement. Basal meningitis can cause severe headache, visual disturbance, and increase intracranial pressure. Guven et al. discovered that neurobrucellosis was related with headache, hazy vision, loss of eyesight, hearing loss and confusion. In India, TB is the most common differential diagnosis for brucellosis. In terms of clinical presentation, CSF analysis and neuroimaging, there is a considerable overlap between neurobrucellosis and tuberculosis. In such instances, serological tests like ELISA, standard tube agglutination, rose bengal test, complement fixation, indirect Coombs and immunocapture agglutination (Brucella Capt) plays a vital role in differentiating neurobrucellosis. Because of a lack of consensus on diagnostic criteria, neurobrucellosis is a diagnostic mystery. Diagnosis of neurobrucellosis is established based on several criteria by Kochlar et al.: i) Presence of neurological dysfunction that cannot be attributed to other known neurological diseases. ii) Abnormal cerebrospinal fluid (CSF) findings, including lymphocytic pleocytosis (an increase in lymphocytes) and elevated protein levels. iii) Positive CSF culture for Brucella organisms or a positive Brucella IgG agglutination titre detected in both the blood and CSF. iv) A positive response to specific chemotherapy, demonstrated by a decrease in CSF lymphocytic pleocytosis. These diagnostic pillars helped us in giving strong microbiological evidence of the disease.
The prevalence of neurobrucellosis ranges from 1.7-10 % of brucellosis worldwide. Brucella melitensis was found in 42 of 2579 blood cultures (1.6 %), with 41 (97.6 %) recognised by Bactec FX Blood culture system within 2 to 6 days and just one culture spotted by blind subculture at the end of the first week. For days 1 to 7, the detection rates by Bactec FX Blood culture system were 0.0, 23.6, 78.9, 86.8, 92.1, 97.6, and 97.6 %, respectively, thus implicating the role of blood culture rate in detecting this fatal infection. In a study by Maji S et al., in Karnataka, Bangalore, 58.8 % (278/473) cases were positive in serum and/or CSF for brucella by any of the following methods Rose Bengal Plate Test (RBPT), standard tube agglutination test (STAT), indirect enzyme linked immunosorbent assay (iELISA) for IgM and IgG antibodies and polymerase chain reaction (PCR) to detect BCSP31 gene.
This case highlights the need of awareness and appropriate serological as well as culture proven investigations for human brucellosis, where in all endemic causes of febrile illnesses are ruled out. In conclusion, it's important to keep in mind the unusual morbid consequence of human brucellosis known as neurobrucellosis. If detected at an early stage, it is a curable cause of febrile sickness."
PMC10904597_01,PMC10904597,Female,38.0,"A 38-year-old female was admitted to our hospital for evaluation of severe pain in the lower abdomen, which had persisted for half a day but was not accompanied by vomiting or diarrhea. The patient was conscious and in good nutritional status. This female had a normal menstrual cycle, no history of chronic diseases such as diabetes or hypertension, no known allergies, and no recorded infectious diseases like tuberculosis, typhoid fever, hepatitis, etc. A physical examination revealed a body temperature of 36.5 C, blood pressure of 110/86 mmHg, pulse rate of 88 beats per minute, and respiratory rate of 20 breaths per minute. The patient's skin, mucous membranes, and sclera showed no signs of jaundice or swelling of superficial lymph nodes. Abdominal examination indicated tenderness and rebound pain, particularly at McBurney's point. Physical examinations of the heart, lungs, liver, spleen, and nervous system revealed no abnormalities. Laboratory tests showed an elevated white blood cell count of 11.12x10^9/L, with neutrophils accounting for 74.9%, platelets at 125x10^9/L, and a hemoglobin level of 125 g/L. Biochemical analysis displayed increased levels of C-reactive protein at 61.04 mg/L and procalcitonin at 137 ng/mL. The serum electrolytes, liver and kidney function, immunoglobulins, and complement were all within the normal ranges. Urine and fecal testing were also normal. Based on the symptoms and laboratory results, appendicitis was highly suspected, but it was important to distinguish it from other abdominal lesions like cholecystitis and intestinal ulcers. Therefore, computed tomography and color Doppler ultrasonography were performed, revealing thickening of the appendix without perforation or the obvious presence of a fecalith (<PMC10904597_fcimb-14-1280188-g001_A_1_4.webp><PMC10904597_fcimb-14-1280188-g001_B_2_4.webp>). Considering the comprehensive examination findings and the 2020 WSES guidelines on acute appendicitis, a preliminary diagnosis of acute appendicitis was established. Subsequently, an empirical anti-infective treatment with intravenous cefuroxime (1.5 g, three times a day) was started, aiming to prevent complications such as perforation or infection leading to peritonitis. The anti-infective treatment yielded improvement, with the patient's abdominal pain being relieved the next day, but not completely. Consequently, upon the patient's request and surgical indications, an appendectomy was performed via single-port laparoscopic surgery. The appendix was observed to be swollen and purulent, and a subsequent pathological examination confirmed the diagnosis of acute suppurative appendicitis and suggested the possibility of Gram-negative bacilli infection (<PMC10904597_fcimb-14-1280188-g001_C_3_4.webp><PMC10904597_fcimb-14-1280188-g001_D_4_4.webp>). The patient continued to receive cefuroxime treatment and achieved complete recovery on the fifth day after admission (the abdominal pain symptoms, white blood cell count, and C-reactive protein were recovered normally), and then released from the hospital.
The bacterial culture of the appendiceal purulent fluid was performed. Employing the loop with a 10 muL volume, we inoculated this sample onto Columbia blood agar and MacConkey agar media and incubated them at 35 C under aerobic and anaerobic conditions. After 24 hours of culture, we observed the growth of two distinct types of Gram-negative bacterial colonies on both Columbia blood agar and MacConkey agar media (<PMC10904597_fcimb-14-1280188-g002_A_1_4.webp><PMC10904597_fcimb-14-1280188-g002_B_2_4.webp><PMC10904597_fcimb-14-1280188-g002_C_3_4.webp><PMC10904597_fcimb-14-1280188-g002_D_4_4.webp>). The total bacterial counts exceeded 1x10^6 CFU/mL (>=+++) using a semi-quantitative approach (<PMC10904597_fcimb-14-1280188-g002_A_1_4.webp><PMC10904597_fcimb-14-1280188-g002_B_2_4.webp>). Next, we conducted identification of these isolates using matrix-assisted laser desorption/ionization time-of-flight mass spectrometry (MALDI-TOF MS) analysis, employing the Microflex LT instrument (Bruker Daltonics). In this analysis, we identified one of the bacteria as E. coli, scoring at 2.24 (>2.0 at the species level), and the other as P. citronellolis, scoring at 2.37. In our laboratory, the P. citronellolis isolate was misidentified as Pseudomonas fluorescens using the VITEK-2 system (BioMerieux) with an identification accuracy of 90%. Given the absence of biochemical phenotype data for the uncommon P. citronellolis in the VITEK-2 system database, we proceeded with 16S rRNA gene sequencing analysis to further validate its identification. This strain was submitted to GENEWIZ (Azenta Life Sciences), Inc., Suzhou, China, for identification. Sequencing procedures strictly adhered to the laboratory's standard operating protocols, along with the primer information listed in Supplementary Table 1. In the GenBank database, the sequence of the P. citronellolis strains exhibited the highest similarity to our identified strain, with a remarkable 99.87% homology. The sequence data have been deposited in the GenBank database under accession number OR458572 (Supplementary Sequence File). Subsequently, we employed the VITEK-2 system to perform antibiotic susceptibility testing on these bacteria. The inhibitory concentration breakpoints were interpreted according to the current version (33rd Edition) of the Clinical Laboratory Standards Institute document M100 for sections of ""Enterobacterales"" and ""Other Non-Enterobacterales"" (https://clsi.org/[Accessed August 18, 2023]). The results revealed that P. citronellolis strain displayed sensitivity to piperacillin, piperacillin-tazobactam, second- to fourth-generation cephalosporins, meropenem, imipenem, levofloxacin, ciprofloxacin, gentamicin, amikacin, and tigecycline, and resistance to trimethoprim-sulfamethoxazole. The strain of E. coli demonstrated a high sensitivity to all the aforementioned antibiotics.
A timeline with relevant data from the episode of care is shown in Figure 3."
PMC10847276_01,PMC10847276,Female,40.0,"A 40-year-old woman was admitted to the hospital with bilateral lumbar and abdominal pain for 1 month, which aggravated for 4 days. The patient denied a history of trauma and surgery, a history of chronic diseases such as hypertension, diabetes, and heart disease, a history of infectious diseases such as hepatitis, tuberculosis, and typhoid fever, and a history of gastrointestinal and gynecological tumors, and no symptoms such as bone pain, butterfly erythematosus, or photosensitivity. Physical examination on admission were as follows: blood pressure 180/110 mmHg, breathing 29 times/min, unable to lie down or sit upright to breathe, painful face, anemia appearance, pale face, flat abdomen, abdominal tenderness, obvious in the left waist and umbilical circumference, no rebound pain or muscle tension, positive clicking pain in the kidney area and ureter walking area, and irregular mass in the bilateral rib abdomen. Laboratory tests indicated serum protein electrophoresis (-), anti-ANCA-GBM detection (-), urine Benchia protein characterization (-), hematuric amylase determination (-), anti-streptococcal hemolysin O (-), anti-nuclear antibody profile +ANA (-), alpha-fetoprotein (-), carbohydrate antigen 125 (-), immunoglobulin (-), and myocardial infarction (-). Laboratory examination: blood Creatinine: 375 umol/L, plasma albumin 30.1 g/L, hypersensitive C-reactive protein: 52.845 mg/L, blood routine: HB: 85 g/L, urine routine: 34 WBC/mul, 246 RBC/mul, NTproBNP: 12110 pg./mL. Chest CT (Figure 1A) showed double lung pneumonia, pulmonary edema, and a small amount of pericardial effusion. There was bilateral pleural effusion, the anteroposterior diameter of the right pleural effusion was about 23 mm, and the anteroposterior diameter of the left side was about 20 mm. Full abdominal CT (Figure 1B) showed bilateral renal subfascial effusion or chronic hematoma, right posterior 49 mm, left posterior 64 mm, and retroperitoneal, lower abdominal, and pelvic effusion or exudation.
After admission, an active intravenous infusion of human albumin increased the serum albumin level to 40 g/L, but the symptoms of multiple serosal effusions were not alleviated. The blood pressure remained between 180 and 200/110-120 mmHg for a long time. We contacted the cardiovascular department for an urgent consultation and the combined use of three antihypertensive drugs, but the blood pressure was still poorly controlled. Considering that it was related to renal hypertension, it was necessary to relieve renal compression in time, and ""percutaneous bilateral perirenal fluid puncture and drainage"" was performed under emergency local anesthesia after the exclusion of surgical conjunctivitis. During the operation, the needle was inserted around the left kidney, approximately 5 cm in length, the safety guide wire was placed, the leather sheath was indentured after expansion, and a 14F latex catheter was indentured to drain 1.2 L of dark-brown blood fluid with blood clots. Puncture drainage around the right kidney was performed using the same method. The puncture fluid was brown with high tension. A 14F latex catheter was placed, and 1.5 L of dark-brown blood fluid was drained. The patient was instructed to take absolute bed care within 1 week after surgery. CT examination of both kidneys 1 week after surgery (Figure 1C) showed that the subcapsular effusion of the right kidney was significantly reduced and the subcapsular effusion of the left kidney basically disappeared compared with the preoperative image. CT examination of the chest (Figure 1D) showed that the bilateral pleural effusion was significantly reduced and the pericardial effusion was basically reduced compared with the preoperative image. After the operation, the patient's waist and abdominal pain improved significantly, his blood pressure gradually returned to normal, and his symptoms of shortness of breath and orthopnea gradually subsided, so the drainage tubes in the bilateral surgical area were removed. The patients were followed up 1 and 2 months after the operation, and both renal subcapsular effusion and polyserous effusion disappeared, and NTproBNP and creatinine returned to normal."
PMC10585990_01,PMC10585990,Male,58.0,"Case 1: A 58-year-old male, known hypertensive for 21 years presented with a history of recurrent vertigo for 3 months and subsequently underwent dual chamber permanent pacemaker implantation due to extreme bradycardia. During the clinical interview, he denied family or personal history of mental illness and an up-to-date mental status examination (MSE) was deemed stable. Moreover, his vital signs were blood pressure (BP) 143/76 mmHg, pulse rate (PR) 28 beats/min, temperature 36.8 C, respiratory rate (RR) 15 breaths/min, and saturation of peripheral oxygen (SpO2) 97%. During a follow-up outpatient visit (3 months later), patient reported that soon after implantation he started feeling anxious due to the thoughts of having a pacemaker on his heart, 'I survive because of this battery' and thus his heart may stop suddenly and succumb to death. These anxious thoughts were intermittent and characterized by trembling, occasional headaches, dizziness and chest pain. About a month later he experienced persistent feeling of sadness almost every day and this was accompanied by loss of interest in pleasurable activities, poor appetite and gradual weight loss, fatigue, hopelessness, inability to concentrate and terminal insomnia. Collectively, the aforementioned symptoms had persisted for over 2 months prior this index visit. He also started having transient thoughts of suicide about a week prior to the current visit. Upon further evaluation, Patient Health Questionnaire-9 (PHQ-9) was administered, and the patient scored 21 which signifies severe depression. Based on patient's history and existence of clinical symptoms signifying panic disorder, a severity measure for panic disorder   was administered and a score of 0.6 was obtained. Based on the above presentation and evaluation, the diagnosis of major depressive disorder was reached based on DSM-V (The Diagnostic and Statistical Manual of Mental Disorders, Fifth Edition) diagnostic criteria and the patient was started on an antidepressant (Fluoxetine 20 mg) for 2 weeks after a psychiatrist consultation. He was maintained at 40 mg dosage for the following 6 weeks while attending to a clinical psychologist. At 3-month follow-up, there was a significant clinical improvement reported, PHQ-9 score was 10, and fluoxetine dose was reduced to 20 mg. Patient continued to attend psychotherapy sessions with objectives of strengthening coping skills, relaxation techniques and cognitive behavioural therapy. At 6-month follow-up, he had a PHQ-9 score of 1, had no features suggestive of panic disorder, his MSE was stable and his functional capacity had resumed. He was on alternate use of medication and scheduled for a psychotherapy visit once a month. Written informed consent was obtained from the patient for anonymized patient information to be published in this article.
Case 2: A 76-year-old female with a long-standing history of systemic hypertension and two previous strokes presented with a 7-week history of recurrent syncope ensuing from sinus arrest. She was scheduled for a dual chamber permanent pacemaker implantation. However, on the day of the procedure the patient became hesitant to go to the procedure room, that is, she was instantly doubtful, restless, had repeated shortness of breath, palpitations, body shaking, excessive sweating, tingling sensation on both upper and lower limbs and had an impending doom sensation. These symptoms lasted for about 10-15 min even after reassurance that the procedure was safe. The patient denied family or personal history of mental illness as well as previous history of substance use that is, alcohol or illicit drugs. Her vital signs were: BP 152/91 mmHg, PR 41 beats/min, Temperature 37.1 C, RR 18 breaths/min, and SpO2 100%. Implantation was rescheduled, however each time she was prepared for pacing, the same symptoms recurred for a somewhat similar duration. Three unsuccessful attempts transpired, and on the fourth attempt patient made it to the catheterization laboratory only to develop similar symptoms on the procedure table. Yet again, this resulted in postponement of the procedure and seeking a psychiatric consultation. Using the DSM-V diagnostic criteria and evaluation with the adult's severity measure of panic disorder (average total score of 3 signifying a severe panic disorder), the provisional diagnosis of panic disorder was reached. Patient commenced treatment with a low dose of anxiolytic (clonazepam 0.25 mg) at night. However, the dose frequency was increased to twice daily after 4 days and it was supplemented by psychoeducation and cognitive behaviour therapy from a clinical psychologist (on alternate days). Eventually she underwent successful implantation 6 days after initiation of the biopsychological treatment without exacerbation of panic symptoms. She was successfully discharged home through mental health clinic 25 days later. She never showed up at the mental health clinic and was lost to follow-up. Written informed consent was obtained from the patient for anonymized patient information to be published in this article.
Case 3: A 78-year-old female with a 38-year history of hypertension and a negative personal and family history of mental illness presented with dizziness and fainting spells for 7 weeks. On examination, her vital signs were: BP 132/79 mmHg, PR 21 beats/min, temperature 37.1 C, RR 14 breaths/min and SpO2 100%. Electrocardiogram revealed Mobitz type II AV block, and she underwent dual chamber pacemaker implantation successfully. She was discharged in a stable state 4 days post pacing. However, 2 weeks post implantation, patient started complaining of difficulty in initiating and maintaining sleep, feelings of worriedness and uneasiness coupled with occasional palpitations. At times, she reported to be tearful with low mood and having a sense of despair. She attributed these symptoms to her stressful thoughts of having a long-standing cardiac condition coupled with her recent implant. She became easily agitated, unable to do minimal house chores and adhered poorly to her antihypertensives and lifestyle modification, without clear reasons. Patient was hospitalized again for evaluation and a psychiatrist consultation was sought. Psychiatrist assessment established that the patient had somewhat similar symptoms 8 years ago while recovering from a motor traffic accident, however such symptoms disappeared without any intervention. Based on the clinical judgement supplemented with DSM-V diagnostic criteria, a provisional diagnosis of adjustment disorder with mixed anxiety and depressed mood was attained. Given the score of 7 on PHQ-9 (i.e. mild depression), a clinical psychologist was consulted and individual psychotherapy was initiated. She was discharged in a fairly stable state and an assessment during subsequent follow-up revealed significant mental and clinical improvement. Written informed consent was obtained from the patient for anonymized patient information to be published in this article.
Case 4: A 74-year-old male with a history of diabetes, hypertension and two previous strokes presented with syncopal attacks and persistent dizziness. He denied family or personal history of mental illness. On examination, his vital signs were: BP 156/95 mmHg, PR 24 beats/min, temperature 36.8 C, RR 19 breaths/min and SpO2 99%. Electrocardiogram revealed a complete heart block, and he underwent a dual chamber permanent pacemaker implantation successfully. Six hours post implantation he became aggressive and verbally abusive coupled with second person auditory hallucinations. He was prescribed an antipsychotic (1.5 mg of haloperidol) once daily and the above symptoms resolved within 48 hours. However, while in the ward, his speech was still incoherent with beliefs of being harmed, he claimed 'nurses are putting poison in my drugs'. A psychiatrist was recalled and upon reassessment his antipsychotic dose tapered up to 1.5 mg twice daily for another 48 h. His psychotic symptoms resolved. He was discharged in a fairly stable state through the psychiatry clinic 10 days later. However, 5 days later, he was readmitted due to repeated anger outbursts, aggressiveness, visual hallucinations and disturbed sleep pattern. Antipsychotics (1.5 mg of haloperidol) every 12 h were reinstated, and such symptoms lasted within 48 h. A psychiatrist was consulted and a preliminary diagnosis of a brief psychotic disorder according to DSM-V diagnostic criteria was reached. A recommendation from a psychiatrist was to continue with haloperidol 1.5 mg twice a day while being psycho-evaluated by a clinical psychologist. There was no significant perpetuating stressor that was reported by the patient, and he was symptom free by the 10th day after re-initiating antipsychotics. He was discharged on the 11th day of hospitalization and during his pacemaker clinic visit (6 months later), he was quite stable and symptom free. There was no report of him attending the mental health clinic for follow-up. Written informed consent was obtained from the patient for anonymized patient information to be published in this article.
Case 5: An 81-year-old female, with a long-standing history of hypertension, type 2 diabetes mellitus and a negative personal/family history of mental illness was implanted a dual chamber pacemaker because of sick sinus syndrome with intermittent AV block 4 years ago. She presented with a 14-day history of fever, body pain, malaise and a loss of appetite. The fever was intermittent and common regional causes of febrile illness (i.e. malaria, typhoid and urinary tract infection) were ruled out. On examination, her vital signs were: BP 108/82 mmHg, PR 54 beats/min, temperature 39.8 C, RR 34 breaths/min and SpO2 99%. Transesophageal echocardiography revealed a large mobile mass (18 mm x 15 mm) attached to the ventricular pacemaker lead. Pacemaker revision and pocket exploration drained 190 cc of serosanguinous discharge from the pocket, and penicillin-resistant S epidermidis was isolated from cultures. She received peri-procedural prophylaxis with Vancomycin then the pacemaker system was removed following thoracotomy. After 2 weeks of antibiotic treatment a new transvenous dual chamber pacemaker was implanted via the right cephalic vein. However, 24 h after the procedure she started complaining of visual hallucinations, seeing 'white animals with halos' surrounding her bed and occasionally a young girl in red clothes threatening her. She would see these images seldom during the day but worse at night due to frequent awakening. She experienced sleeping difficulty, loss of memory, felt irritable and anxious and became unaware of her surroundings. Her speech and train of thought were incoherent and sometimes she would become unresponsive and just stare or shouts about irrelevant topics. A psychiatrist conducted an assessment 3 days after the onset of patient's confused state, and due to the clinical presentation and the prevailing risks (i.e. old age, hypertension, diabetes and recent pacing), a diagnosis of organic brain syndrome was attained. Upon initiation of antipsychotic drug (haloperidol 1.5 mg nocte) coupled with physical and environmental support, delirium symptoms started to resolve after a week. She was discharged in a stable state after 16 days of hospitalization. Patient never attended scheduled outpatient visit and phone call to the next of kin revealed that the patient died at home 3 weeks post discharge. Written informed consent was obtained from a legally authorized representative for anonymized patient information to be published in this article."
PMC11402080_01,PMC11402080,Female,42.0,"A 42-year-old single para 0 female civil servant with no history of medical comorbidities, presented to our outpatient clinic with a 2-week history of occasional colicky abdominal pain, primarily localized to the right flank. The pain was non-radiating and had no known aggravating or relieving factors or periodicity. The patient had an open myomectomy performed 3 months prior to presentation, by a team of gynaecologists, with anaesthetists and nurses present during a planned free medical outreach in a private health facility. However, details of the myomectomy or challenges during the surgery could not be ascertained. Initial examination findings revealed mild pallor and mild epigastric tenderness. Vital signs were stable with a weight of 77 kg, and initial investigations showed positive malaria test (2+), elevated Widal titers (>160: range), decreased haematocrit (27%: range from 35.0% to 59.0%) and total white cell count of 6.2 x 103/muL (3.50-9.50 x 103/muL), suggesting possible infection. The patient, after further review, was treated for malaria and typhoid enteritis, and she was discharged with antibiotics and hematinic.
The patient re-presented 3 weeks later with worsening symptoms, including generalized abdominal pain, frequent loose stools, vomiting, loss of appetite and significant unintentional weight loss. Physical examination revealed a chronically ill-looking patient who was febrile, pale and moderately dehydrated with a weight of 70 kg. Abdominal examination showed moderate epigastric tenderness with slight increase in bowel sounds. Laboratory investigations revealed serum potassium of 3.22 mmol/L (3.5-5.1 mmol/L), a haematocrit of 24% (35.0%-59.0%), and a nonreactive serology test. Abdomino-pelvic ultrasound suggested enterocolitis to rule out acid peptic disease. She was readmitted and resuscitated. Oesophagogastroduodenoscopy and abdominal computerized tomography (CT) scan were requested but could not be done due to the patient's financial constraints. During her hospital stay, the patient's condition continued to deteriorate. She experienced persistent vomiting, decreased appetite, passage of frequent loose stools and further weight loss of about 3 kg, and a total of 47 kg in 4 months after the myomectomy. She was chronically ill-looking and pale on further evaluation, but afebrile. Her abdomen was mildly distended, locally tender in the right upper abdomen, but soft. There was no organomegaly.
She later gave consent for the initially declined abdominal CT scan, 3 days after the second admission (when she had philanthropic support). This revealed dilated bowel loops with mottled hypodensities in the caecum, ascending colon, and transverse colon, suggestive of faecal impaction. Additionally, the CT scan raised suspicion of post-surgical adhesions, secondary mechanical bowel obstruction, adenomyosis and fatty liver (Figure 1(a)-(c)).
The patient was preoperatively resuscitated and diagnosed with intestinal obstruction secondary to post-operative adhesions and malnutrition with severe anaemia, keeping in view the possibility of enteric typhoid perforation, and booked for emergency exploratory laparotomy on the fourth day of readmission. She underwent exploratory laparotomy after adequate optimization, which revealed multiple ileal-ileal and ileal-uterine adhesions. Three major ileal perforations with the more proximal one being about 130 cm from the ileocaecal junction were found in regions of dense multiple ileal adhesion with pockets of pus after adhesiolysis. An intra-luminal mass measuring 15 x 7 cm was identified in the middle ileal perforation about 120 cm from the ileo-caecal junction (Figure 2(a)).
With further dissection and adhesiolysis, the intra-luminal ileal abdominal mop was extracted through the perforation between the proximal and distal (about 100 cm from ileocaecal junction) ileal perforations; and approximately 60 cm of the ileal segment with multiple (major and minor) perforations was resected (Figure 2(b)).
Bowel continuity was established through ileo-ileal anastomosis. The resected ileal segment (Figure 2(c)) was sent for histological examination, but this did not reveal any significant findings. The patient had post-operative protein-energy malnutrition and anaemia that were corrected. The overall post-operative state 10 days later was satisfactory, with the restoration of bowel function and resolution of symptoms. This case report conforms to CARE guidelines."
PMC11259356_01,PMC11259356,Male,3.0,"A 3 -year-old male child presented to the pediatric emergency room with complaints of fever, pain abdomen, vomiting, and irritability. The child is a known case of beta-thalassemia major since the age of 1 year and was on regular transfusion and iron chelation.
At admission, the child was sick-looking, irritable with tachypnea. Systemic examination showed pallor. The child also had mucositis but no skin rash. The abdominal examination showed gross distension of the abdomen and diffuse tenderness. Initial blood investigations revealed anemia (Hb 6.2 g/dl), thrombocytopenia (80,000/muL), raised CRP 13.72 mg/mL, and increased liver enzymes (Bilirubin normal serum glutamate oxaloacetate transaminase (SGOT) 67 U/L serum glutamate pyruvate transaminase (SGPT) 121 U/L and low serum albumin 2.4 g/dL). Ultrasound of the abdomen was unremarkable except for hepatomegaly and mild splenomegaly.
The child developed a high spiking fever from the next day. There was a history of exposure to a family member who had SARS-COVID-19 2 months before hospitalization. The patient was screened for COVID-19 by RT-PCR which was negative.
Because of typical history, markers of acute inflammation were sent, which showed ferritin of 6886 ng/mL. ESR was 47 mm in 1 h and lactate dehydrogenase (LDH) 931.6 U/L (normal <330 u/l). CRP was further raised to 87.14 mg/L along with a D-dimer 3.28 mug/mL, and pro-brain natriuretic peptide was raised 1466 pg/mL, with positive anti-SARS-Cov-2 immunoglobulin G of 10 S/CO. Echocardiography was done showed normal left ventricular function with an ejection fraction of 66% without coronary artery dilatation.
With a history of beta-thalassemia major, his serum ferritin levels were reviewed. His ferritin levels remarkably increased from 1980 ng/mL to 6886 ng/mL, even though he was on deferasirox at 30 mg/kg/day. After that, he had received two packed red blood cell transfusions at 15 ml/kg in subsequent months and was compliant with iron chelation. With the background of being positive to SARS-CoV-2 antibody with unexplainedly high ferritin levels and raised D-dimer and CRP values, the child was diagnosed with MIS-C in COVID-19 as per the CDC criteria for diagnosis. Serological tests sent for dengue, scrub typhus, and typhoid came negative. Blood and urine cultures did not grow any organism, and bacterial sepsis and urinary tract infections were also ruled out. Peripheral smear for malaria was negative, and malaria was ruled out in this patient before confirming the diagnosis as MIS-C.
The child was started on injectable methylprednisolone at 10 mg/kg/day along with supportive treatment. The child was given two units of packed red blood cell transfusion before discharge. The child became afebrile at 48 h after starting steroids.
The child was discharged after the completion of injectable methylprednisolone for 3 days, on tapering doses of oral steroids. Ferritin was repeated had fallen to 4806 ng/mL suggesting raised levels were acutely due to MIS-C, with normalization of complete blood count and CRP. The child was discharged on deferasirox and on follow-up after 2 weeks, ferritin levels have further reduced to 2132 ng/ml."
PMC10906542_01,PMC10906542,Male,61.0,"A 61-year-old Caucasian man, previously healthy and an active smoker (approximately 21 pack-years), who works as a teacher, presented to the emergency department with a complaint of imbalance and difficulty in walking, predominantly in the morning. He reported experiencing dysesthesia in the knees during the nighttime, with a progression of symptoms over the past 5 days. The described symptoms did not show any changes, and the patient denied ascending paresthesias, alterations in sphincter function, dysphagia, shortness of breath, cranial nerve deficits, dizziness, headaches, visual or language changes, and loss of consciousness. No fever was reported, and there were no recent travels or relevant epidemiological context. The patient also mentioned symptoms of rhinorrhea and a non-productive cough with a duration of 1 week.
The patient had previously been evaluated elsewhere, with laboratory results revealing 17% atypical lymphocytes, GGT 1862 IU/L, ALT 219 IU/L, alkaline phosphatase 636 IU/L, and a total bilirubin of 3 mg/dL, primarily due to direct bilirubin (2.33 mg/dL). A CT angiogram showed no signs of acute vascular injury, and an abdominal ultrasound revealed lymph node formation in the hepatic hilum measuring 27x11 mm.
Upon objective examination in the emergency department, the patient was hemodynamically, afebrile, breathing comfortably in room air, with a healthy complexion, well-hydrated, non-cyanotic, and non-jaundiced. No abnormalities were noted during cardiac and pulmonary auscultation. Abdominal palpation revealed a soft, depressible abdomen without tenderness or apparent masses/organomegaly. Examination of the oral cavity showed erythema without apparent exudates, and no apparent cutaneous changes were observed.
Neurological examination revealed the patient to be alert, conscious, self and externally oriented in time and space, and cooperative with the clinical history. There were no signs of dysphasia, dysarthria, or dysphonia. No meningeal signs or neck stiffness were present. The eyes were orthophoric, with isocoric, reactive, and symmetric pupils. Oculocephalic movements were unrestricted, and there was no nystagmus. No sensory alterations were noted in the trigeminal nerve. No facial weakness was observed. The tongue was in the midline. The patient exhibited a very discreet widening of the base during gait, was unable to perform tandem walking, and had difficulty with heel-to-toe walking. Superficial painful sensitivity was normal, except for irregular lateral areas of hypoesthesia in the lower limbs, not corresponding to anatomical areas. Vibration sensitivity was 8 to 10 seconds at the internal tibial malleoli. No abnormal involuntary movements were present. No obvious motor lateralization was noted in the arms outstretched test, Mingazzini maneuver, or segmental strength tests. There were no alterations in axial coordination or appendicular kinetics in the finger-nose or heel-knee tests, except for some hesitation/asynergy in the latter. Tone was normal. Symmetrical absence of osteotendinous reflexes distally (styleradial, patellar, and Achilles). Bilateral plantar reflex in flexion.
Analytically, there was no leukocytosis (10.3 x 109/L) or neutrophilia (3.7 x 109/L). Hemoglobin was 14 g/dL, with no abnormalities in the electrolyte balance or renal function. Alkaline phosphatase was 526 IU/L, gamma-glutamyl transferase (GGT) was 1261.3 IU/L, and there was an increase in transaminases (ALT 157 IU/L and AST 68 IU/L). Total hyperbilirubinemia was 2.1 mg/dL, primarily due to direct bilirubin. The C-reactive protein (CRP) level was 0.56 mg/dL (Table 1).
Due to distal areflexia, a lumbar puncture was performed, revealing cerebrospinal fluid (CSF) with a glucose concentration of 100 mg/dL, protein level of 70.8 mg/dL, and a mononuclear cell count of 14.67 mm3 per 1 mm3 of red blood cells. The infectious agent polymerase chain reaction (PCR) panel in the CSF was negative, and bacterial growth was absent; however, the panel did not include testing for EBV.
The cerebrospinal fluid examination was not consistent with the classic albuminocytological dissociation seen in Guillain-Barre Syndrome in the CSF. Instead, it was more suggestive of central nervous system infection or a parainfectious reaction. Serological tests for Brucellosis, typhoid fever, paratyphoid, and HIV were negative. Epstein-Barr virus serology revealed positive IgG and IgM antibodies (Table 2).
A repeat abdominal ultrasound did not show the previously mentioned alterations. The patient was diagnosed with polyradiculopathy in the context of Epstein-Barr virus infection and initiated intravenous immunoglobulin therapy. An electromyogram (EMG) was performed, indicating changes consistent with asymmetric, subacute (lasting more than 1 week) sensory-motor axonal polyneuropathy/polyradiculopathy, with greater involvement on the left side, suggesting an inflammatory/infectious etiology (Table 3).
Clinical improvement was observed gradually from the third day of treatment. The patient completed a 5-day course of immunoglobulin therapy without complications during hospitalization. There was improvement in dysesthetic complaints in the lumbar and iliac region, with some lingering dysesthesias in the thigh that improved with movement and worsened with rest. The patient maintained a gait with a broad-based ataxia but with autonomy. Patellar osteotendinous reflexes were absent, while styleradial and Achilles reflexes were present (+), and bicipital and tricipital reflexes were more pronounced (++).
After being observed by physical medicine and rehabilitation, the patient was recommended for a rehabilitation program, but he declined outpatient treatment. A lumbosacral magnetic resonance imaging (MRI) performed one week after the event revealed preserved lumbar lordosis, misaligned posterior walls due to slight retrolysthesis of L1 over L2, degenerative changes in multiple lumbar segments, including arthrosic hypertrophy of posterior joints, hypertrophy of yellow ligaments, incipient osteophytosis, and circumferential disc bulges. These changes were accompanied by foraminal stenosis reduction at L3-L4 on the right and at L4-L5. Contrast-enhanced imaging showed mild intradural enhancement of roots (at L5-S1) and peri-medullary enhancement, likely venous in nature (Figure 1).
There was significant improvement in sensory and balance disturbances about one month after the event. The patient continued follow-up in the Internal Medicine and Neurology outpatient clinics. Anti-neuronal antibodies were requested but returned negative. A repeat electromyogram (EMG) one month after discharge was generally consistent with the previous findings, supporting the clinical hypothesis of polyradiculitis, bilateral post-ganglionic L5 involvement in a subacute phase, with mild severity on both sides but more pronounced on the right. Similarly, bilateral S1 involvement in a subacute phase with mild severity on both sides but more pronounced on the left (Table 4).
A repeat EBV serology showed a strongly positive IgG (205 U/mL) and negative IgM (<10 U/mL), confirming seroconversion. Complete remission of neurological symptoms occurred six months after the acute event, and the patient remained asymptomatic to date."
PMC10870101_01,PMC10870101,Female,51.0,"A 51-year-old female patient presented to our medical center with complaints of altered sensorium, fever, and chills for the past five days, and dyspnea for the past two days.
A general examination revealed an average build, with the patient being moderately nourished. She was febrile with a body temperature of 100 F, and had a pulse rate of 128 bpm, blood pressure of 100/70 mmHg on inotrope, 94% SpO2, and respiration rate of 24 cycles/minute; dehydration was also noted. Positive findings included fever, tachycardia, hypotension, dehydration, tachypnea, and hypoxia.
During the systemic evaluation, on the central nervous system (CNS) examination, the patient exhibited signs of lethargy, irritability, noncompliance with verbal instructions, and movement of all four limbs. There was no neck stiffness. Kernig and Brudzinski signs were negative. Bilateral pupils reacted similarly to light. Bilateral extensor plantar reflex was noted. On respiratory examination, bilateral fine basal crepitations were present. On per abdominal examination, mild hepatomegaly was noted.
We investigated dengue, Leptospira, malaria, typhoid, and rickettsia, which are common causes of acute febrile illness with associated altered sensorium and mild-to-severe hepatic impairment. Day 1 reports (Tables 1, 2) suggested dengue and Leptospira coinfection fever with mild hepatitis and thrombocytopenia. Fluid resuscitation was started with crystalloids for dehydration and injection. Doxycycline 100 mg twice a day is given intravenously to treat leptospirosis.
MRI of the brain (Figure 1) and CSF studies were conducted, both of which showed viral encephalitis changes.
In addition to two episodes of melena, there was worsening of the patient's thrombocytopenia, and the development of ecchymosis over both the upper and lower limbs occurred on day 3 (<PMC10870101_cureus-0016-00000052466-i02_A_1_4.webp>-2C). Furthermore, there was a great deal of subcutaneous edema on the front side of the left elbow and the area immediately around the forearm, as well as fluid-filled vesicles (bullae) all over the left upper limb (<PMC10870101_cureus-0016-00000052466-i02_D_4_4.webp>); the patient was transfused with single-donor platelets, fresh frozen plasma, and packed red blood cells.
An endotracheal intubation was performed on the patient immediately after she experienced respiratory distress on day 6, and mechanical ventilator support was started at the same time.
High-resolution computed tomography (HRCT) of the thorax was performed, which revealed bilateral pleural effusion and ground-glass opacities in the superior segment of the right lower lobe with interlobular septal thickening in the left lower lobe (<PMC10870101_cureus-0016-00000052466-i03_A_1_3.webp>-3C), suggestive of pulmonary edema. An undiluted infusion of furosemide 200 mg injection was started. The patient was kept on mechanical ventilation while arterial blood gases (Table 3) and other laboratory data were examined (Tables 1, 3).
The patient was taken off the mechanical ventilator, and a T-piece experiment was performed before extubation. The patient was transferred to the ward for observation and then discharged. The follow-up went smoothly."
PMC10895081_01,PMC10895081,Male,14.0,"A 14-year-old male child, average in build and height, was posted for correction of traumatic foot drop by tibialis posterior tendon transfer. He had no comorbidities. Except for a few over-the-counter analgesics, he has not consumed any drugs, food supplements, etc., in the past. Preoperative clinical findings were unremarkable for vitals and systemic examinations. On the morning of surgery, injections of Ondansetron 2 mg and Ranitidine 25 mg were administered intravenously (IV) at an interval of five minutes as per surgical team protocol. After five minutes, he complained of itching in his left arm, having the venecath in situ. On examination, rashes and urticaria involving the left arm and forearm were noted; vitals were pulse rate (PR) 110/min, blood pressure (BP) 108/72 mmHg, oxygen saturation (SpO2) 98% on room air, and respiratory rate (RR) 14/min. The child was fully conscious and oriented, with no difficulty breathing or maintaining the airway. Immediately, IV pheniramine (20 mg) and hydrocortisone (100 mg) were administered; Ringer's lactate was started. Surgery was deferred due to an unanticipated hyperacute allergic reaction, as the nature of the surgery was elective. He also developed a mild fever.
An IgE level and drug allergy profile for commonly used medications were advised. IgE level was 578 IU/mL (normal range 1.90-170) and showed severe allergic potential to paracetamol and diclofenac (Annexure 1). Table 1 shows the allergic potential for common analgesics, anti-inflammatories, and antibiotics used and tested. The patient was scheduled for surgery after one month. During pre-anesthesia check-ups, avoiding the allergen drugs was advised. Further, tablets Levocetirizine 5 mg and Montelukast 10 mg were advised preoperatively for three days. Lignocaine skin sensitivity in the morning of surgery was also suggested, which showed indeterminate results; however, the allergic test result was suggestive of no risk (Table 1).
With informed consent and counseling, he was taken to the operation theater without any premedication; the American Society of Anesthesiologists standard monitoring was attached. Subarachnoid block (SAB) was performed with 0.5% bupivacaine (heavy) in 2.6 mL, and midazolam 0.5 mg IV was administered following SAB. Intraoperatively, the patient had an uneventful course except for shivering; tramadol 30 mg slow IV controlled it. Local infiltration with 12 mL of bupivacaine 0.25% was done, and tramadol was prescribed as a rescue analgesic.
Postoperatively, he was shifted to a high-dependency unit for close monitoring. On the evening of surgery (day 0), the patient developed a fever of 101.2  F, for which cold sponging was advised as he was allergic to paracetamol. Again, he had 102.3  F at night, not resolving with cold sponging techniques. However, the fever was persistent. So, after preparing all resuscitative measures, half a tablet of 250 mg of mefenamic acid was administered orally; the fever resolved to 98.2  F after an hour. IV fluid was maintained, and the patient was encouraged to take water.
While measures were taken to decrease the fever, the cause of fever-like infections and any incidental allergic drug administration were evaluated. Complete blood counts, urine routine, malaria, typhoid, and dengue tests were sent. The total leucocyte counts (TLC) were 7,560/dL, with neutrophils comprising of 89.5%. Other investigations were within normal limits. The patient's pain control was adequate, and no further events were noted. He was discharged to home after 48 hours of observation. The case timeline is presented in Figure 1."
PMC10852530_01,PMC10852530,Male,60.0,"The case was of a 60-year-old man who had alcoholic liver cirrhosis for 12 years and had been hepatitis C positive for six years (probable cause being blood transfusion seven years ago) and was not on any medication for hepatitis C. He was admitted four times within a span of seven years (last admission two years ago) for jaundice, abdominal distension, and upper gastrointestinal (GI) bleeding and had undergone esophageal variceal ligation three times before. The patient was admitted with complaints of yellowish discoloration of urine and sclera for 20 days, abdominal distension and bilateral pedal edema for 15 days, continuous high-grade fever, and mild diffuse abdominal pain for five days. The patient had a personal history of consumption of 180 ml/day of country liquor for the past 15-20 years. He had been abstinent for two months. On general examination, he was vitally stable with the presence of pallor, icterus, and pedal edema. Systemic examination showed a distended abdomen with an abdominal circumference of 101 cm. Shifting dullness was present with moderate ascites and mild splenomegaly. On admission, routine laboratory investigations were as shown in Table 1.
Abdominal paracentesis was done, and the results of the ascitic fluid routine microscopy examination are shown in Table 2.
Upper GI endoscopy suggests three columns of large esophageal varices with a red-color sign with portal hypertensive gastropathy. Esophageal band ligation was done. Echocardiography was normal. On day 3 of admission, the patient had breathlessness and was shifted to the ICU. CT scan of the thorax with CT pulmonary angiography showed no evidence of pulmonary thromboembolism. Contrast-enhanced CT abdomen and pelvis showed cirrhosis of the liver with portal hypertension, splenomegaly with portal vein, and inferior mesenteric vein thrombosis with collaterals. Bone marrow aspiration and biopsy suggested mildly hypercellular marrow with mild erythroid hyperplasia with hemophagocytosis with a mild increase in reactive plasma cells with reduced marrow iron stores, suggestive of post-viral changes in a known case of hepatitis C virus infection. HCV RNA report suggested non-detectable viral RNA copies. The ascitic fluid sample was reddish and turbid in appearance (as seen in <PMC10852530_cureus-0016-00000051960-i01_undivided_1_1.webp>). Contrast-enhanced CT abdomen-pelvis indicated cirrhosis of the liver with portal hypertension, splenomegaly with portal vein, and inferior mesenteric vein thrombosis with collaterals (as seen in <PMC10852530_cureus-0016-00000051960-i02_undivided_1_1.webp>) and mild-to-moderate ascites. 
The patient was treated for decompensated liver cirrhosis and was discharged on medication. However, the patient was admitted again after 15 days with complaints of increasing abdominal distension, pedal edema, diffuse abdominal pain for five days, continuous high-grade fever for four days, and 8-10 episodes/day of watery, foul-smelling loose stool without blood for three days. Routine laboratory investigations were as shown in Table 1. Abdominal paracentesis was done and ascitic fluid routine microscopy examination were as shown in Table 2. The ascitic fluid culture was done on MacConkey agar and grew gram-negative bacilli, Salmonella typhimurium species from the non-typhoidal Salmonella group. MacConkey agar was positive for non-Salmonella species, Salmonella typhimurium subtype (as seen in <PMC10852530_cureus-0016-00000051960-i03_undivided_1_1.webp>). The patient was started on an injection of ceftriaxone IV as an empirical antibiotic. Diuretics, long-acting beta-blockers, and hepatic encephalopathy measures were initiated. IV albumin 20% was given on days 1 and 3. The culture of the ascitic fluid showed Salmonella typhimurium species, and he was placed on piperacillin-tazobactam 4.5 gm IV eight hourly, as per the sensitivity report. Tablet ciprofloxacin 500 mg once a day was given as prophylaxis for SBP (to be continued indefinitely as patient already has decompensated liver disease) on discharge to prevent secondary bacterial peritonitis. The patient is on regular follow-up without any relapse."
PMC11152966_02,PMC11152966,Male,15.0,"A 15-year-old boy presented with 4 weeks of night sweats and fatigue, along with a week of unexplained high fever (maximum 39.5  C). Physical examination revealed significant bilateral neck and groin lymphadenopathy and an erythematous pharynx. His vital signs were as follows: temperature of 37.9  C, pulse rate of 104/min, respiratory rate of 18/min, blood pressure of 130/90 mmHg, and oxygen saturation of 99 %. EBV heterophile antibodies were absent and EBV-specific antibodies (anti-VCA IgM and IgG, anti-EA IgG, and anti-EBNA IgG), CMV serology, and pharynx swab for Streptococcus pyogenes also showed negative results. Consequently, he was admitted for further evaluation. Laboratory examination showed a WBC count of 2.3 x 103 cells/muL (reference range 4.3-11.1 x 103 cells/muL), neutrophils 54 % (reference range 37.5-77 %), lymphocytes 29 % (reference range 20-45.5 %), monocytes 16.2 % (reference range 1.5-9 %), platelets 113 x 103/ml (reference range 170-400 x103/ml), CRP 51.6 mg/L (reference range <5 mg/L), LDH 495 U/L (reference range < 250 U/L), AST 51 U/L (reference range 0-35 U/L), and ALT 59 U/L (reference range 0-26 U/L).
Microbiological examination excluded HIV, hepatitis B virus (HBV), and hepatitis C virus (HCV) infections, as well as Mycoplasma pneumoniae and Chlamydophila pneumoniae infections. Additionally, tests for toxoplasmosis, bacteremia, brucellosis, typhoid fever, and rickettsiosis were negative. A chest X-ray showed no abnormalities, while an abdominal ultrasound revealed splenomegaly (diameter 14.7 cm). For suspicion of malignant lymphoma, an 18F-FDG PET/CT scan was performed (Fig. 2). The scan revealed pathologically increased 18F-FDG uptake in enlarged lymph nodes in bilateral regions of the neck (maximum standardized uptake value of 12.2 in the left), supraclavicular region, axilla, lung hili, abdomen (perihepatic, paraaortic, para iliac), and groin. Additionally, pathologically increased 18F-FDG uptake was observed in the nasopharynx and oropharynx, with a maximum standardized uptake value (SUV) of 13.3. A non-homogeneous distribution of 18F-FDG was noted in the spleen. Findings were suspicious for malignant lymphoma, prompting consideration of a lymph node biopsy. Instead, laboratory exams showed an increase in ALT and AST, along with progressive leukocytosis with absolute lymphocytosis (Fig. 3), raising suspicion for EBV infection. Blood EBV-DNA PCR was ordered, and EBV-serology was repeated 5 days after the previous one. EBV-DNA detection was performed by amplifying the gene encoding the EBNA-1 protein using a Real-time PCR method (Tempo ELITe InGenius platform, ELITech Group). Infectious mononucleosis was confirmed: EBV DNA was positive (2770 copies/ml), and anti-VCA IgM turned positive. No lymph node biopsy was performed. The patient was closely monitored in the outpatient clinic: during the following two weeks, the fever became less frequent and with a lower temperature than those recorded previously until it disappeared completely."
PMC11282560_01,PMC11282560,Male,63.0,"A 63-year-old Sri Lankan male, a non-smoker who was diagnosed with diabetes, hypertension and dyslipidaemia presented with a history of fever, anorexia and loss of weight for 2 months. Earlier, he had been hospitalized and treated with antibiotics for paratyphoid fever due to positive serology for Salmonella paratyphi A (Agglutination test of 1:320). Despite completing the antibiotic course of meropenem and teicoplanin, his fever (100 F) persisted, leading to readmission.
He worked in a private firm as an accountant for several years with no recent travel outside the country. He had no notable family or sexual history. Over the 8 weeks, the fever persisted alongside dry cough, malaise, loss of appetite, loss of weight and more recent occurrences of feeling unfit. He denied experiencing gastrointestinal or urinary symptoms. His general and system examination was unremarkable. Notably, he had no rashes or joint swellings and exhibited no neurological signs.
Initially, he was evaluated at the medical unit for PUO. His basic haematology revealed a neutrophil leucocytosis (white blood cells: 24,470 x 109/L, neutrophils: 81.0%) and elevated inflammatory markers (C-reactive protein: 164.3 mg/L, erythrocyte sedimentation rate: 63 mm/first hour and procalcitonin: 8.650 ng/ml). His blood and urine cultures, as well as viral screening for Influenza A, B, COVID-19, and human immunodeficiency viruses (HIV) were negative (Table 1).
Autoimmune and systemic vasculitis were ruled out through repeated autoimmune screening tests, including tests for antinuclear antibody (ANA), C-anti-neutrophil cytoplasmic antibody (ANCA) and P-ANCA, all of which returned negative except for ANA. Chest X-ray displayed no lesions. Additionally, the absence of lymph node enlargement and normal serum calcium levels ruled out a diagnosis of sarcoidosis, leading to the decision to halt further pulmonary investigations. The serological tests conducted for malaria showed negative. Additionally, 2D echocardiogram, trans-oesophageal echocardiogram and abdominal ultrasonography were carried out to eliminate the possibility of an underlying cause and were unremarkable.
On further evaluation for fever and anorexia, computed tomography (CT) abdomen was performed, which revealed a hypodense segment in the pancreas involving the distal body and tail suspicious of malignancy (Figure 1) but with multiple ring-enhancing lesions in the liver in favour of infectious aetiology rather than malignancy (Figures 2 and 3). The alpha-fetoprotein level was 2.89 IU/ml and CA 19.9 level was 156.6 U/mL. Endoscopic ultrasound-guided biopsy from the abnormal hypodense segment of the pancreas was in favour of adenocarcinoma with a mucinous component. Hence, the CT-guided biopsy from the liver lesion was done and it confirmed metastatic deposits from known pancreatic adenocarcinoma (Figure 4).
After confirming the diagnosis with the histology, the patient was directed to further palliative care. Meanwhile, symptomatic management was done to relieve his symptoms. Paracetamol was given as and when needed for fever, for which he responded well. In addition, multivitamin supplementation was done. His routine medications for other comorbidities were continued. Before he turned up for palliative chemotherapy, he succumbed to death."
PMC11249797_01,PMC11249797,Male,55.0,"A 55-year-old male presented with a medical history of typhoid fever at the age of 12 years and no surgical history of note. There was no relevant oncological family history. The patient reported occasional alcoholic habits and denied smoking and drug use. His usual medication consisted of vitamin D and B.
The patient presented to gastroenterology consultation with rectal bleeding and mucus emission in large quantities and, subsequently, increased frequency of intestinal transit, tape stools, and tenesmus. Anorectal exam was unremarkable, excluding hemorrhoids and anal fissures as a cause of bleeding. Fecal occult blood test was positive, and a colonoscopy was performed, revealing a voluminous vegetating lesion located approximately 8 cm from the anal verge. The histological report showed a moderately differentiated low-grade ADC of the rectum, with MLH1, MSH2, MSH6, and PMS2 expressions. KRAS mutation c.38G>A p.(Gly13Asp) was detected. Laboratory data ruled out anemia. The serum levels of tumor markers carcinoembryonic antigen (CEA) and carbohydrate antigen 19-9 (CA 19-9) were within normal ranges (CA 19-9 28.6 U/mL; CEA 0.7 ng/mL).
Computed tomography (CT) demonstrated several pulmonary micronodules, a right epiphrenic adenopathy, multiple necrotic subcutaneous nodules in proximity to the left semilunar line, along the anterior margin of the rectus abdominis and the oblique muscles of the abdominal wall with 33 mm, on the opposite side with 12 mm and adjacent to the right gluteus major muscle with 10 mm. Pelvic magnetic resonance imaging (MRI) depicted a large tumor involving the upper two thirds of the rectum starting 8.7 cm from the anal margin and extending over 6.2 cm. The lesion had an extramural necrotic component invading the mesorectal fascia. In the upper rectal lymphatic chain, at least one adenopathy was observed, measuring 15 x 7 mm. In the inferior mesenteric lymph node chain, small ganglia were identified. A cutaneous implant biopsy was performed and was compatible with NEC Ki-67 90%, positive for CK7 and synaptophysin and negative for CK 20, CDX2 and chromogranin; the scarcity of material did not allow further studies.
The patient presented at consultation with ECOG performance status 1 and mentioned 3 to 4 stools per day with decreased caliber and new skin implants for 2 weeks. On observation, three cutaneous implants were denoted: first implant in the left flank with a 3 cm diameter; second implant >1 cm; third implant in the right flank with a 2 cm diameter; no additional findings on physical examination.
Due to clinical presentation and after multidisciplinary team (MDT) discussion, the assumed diagnosis was 1 tumor with both ADC and NE components, presenting as an ADC of the middle/upper rectum with neuroendocrine differentiation, with Ki-67 of 90%, stage IV, due to cutaneous and probable lung and lymph node metastasis. Positron emission tomography-18F-fluorodeoxyglucose (PET-FDG) revealed hypermetabolism at the level of rectal neoplasia, probable superior right lateral-tracheal and aortic/pre-vertebral adenopathy at D12 level, pulmonary, hepatic and node/implant metastases next to the right psoas muscle and bilateral subcutaneous lesions in the abdominopelvic wall (shown in Fig. 1).
After MDT discussion, first-line chemotherapy (CHT) with cisplatin and etoposide was started. There was a clinical and imaging response with an overall decrease in subcutaneous implants, and a partial response was assumed. Therefore, he proceeded CHT, with hematologic toxicity (Grade 2 Neutropenia, according to Common Terminology Criteria for Adverse Events [CTCAE] v5.0), and was supported with granulocyte-colony stimulating factor. CHT was completed after 8 cycles, with a progression-free survival of a month and a half.
Two months after resuming CHT, he presented at an oncology consultation with neuropathic pain radiating from the left hip to the ipsilateral thigh for the last 15 days. A second CT was performed, revealing a new lytic lesion with cortical disruption in the L1 vertebral body, with a soft tissue mass in the left psoas muscle, new lung micronodular opacities, and volumetric reduction of several known lesions. MRI of the neuraxis did not identify an evident intracanal component or adjacent foraminal obliteration. The patient was admitted to a medical ward for pain control with corticotherapy and radiotherapy (total of 29.4 Gy [6 fractions of 4.9 Gy]). Biopsy of a bone lesion was performed to unravel which component was progressing. Metastasis of ADC was confirmed with CK20 and CDX2 expression, compatible with the rectal origin of the neoplasm. FoundationOne Liquid CDx was performed and gene alterations in KRAS G13D (which favored resistance to cetuximab and panitumumab), APC E1306, R554, FBXW7 R465H, RB1 splice site 1420_1421 + 30del32, SMARCA4 R973Q, and TP53 C135F were revealed; Blood Tumor Mutational Burden - 6 Muts/Mb; elevated tumor fraction and MSI-high were not detected.
The patient started a second line of CHT with FOLFIRI. He repeated CT which showed rectal lesion progression with stability of other lesions and partial vertebral fractures of L3 and L4. Vertebroplasty was performed. Rectal biopsy was performed again, confirming the diagnosis of MiNEN, consisting of components of moderately differentiated ADC and NEC (synaptophysin + and Ki-67~70%) (shown in <PMC11249797_cro-2024-0017-0001-538384_F02_undivided_1_1.webp><PMC11249797_cro-2024-0017-0001-538384_F03_undivided_1_1.webp>, 3, respectively).
Regarding the pain and rectal bleeding, the patient was submitted to palliative radiotherapy with 36 Gy (1 fraction of 8 Gy followed by 25 Gy: 5 fractions 5 Gy/day). After MDT, a colostomy was made due to a rectovesical fistulous tract. Due to disease progression and worsened performance status (ECOG PS-2), with a platinum-free interval of six and a half months, third-line therapy with weekly carboplatin and paclitaxel was initiated.
Bone pain worsened and disseminated cutaneous lesions appeared in the trunk, upper and lower limbs, some of them painful, as seen in <PMC11249797_cro-2024-0017-0001-538384_F04_undivided_1_1.webp>. Another neuraxis MRI was done: a recent fracture underlying L1 stood out, as well as new somatic collapses from L5, D8 to D11 and extensive metastasis of anterior and posterior paraspinal soft tissues.
The patient underwent another vertebroplasty and pain therapy optimization with palliative care team support. The clinical status deteriorated during hospitalization and he eventually died."
PMC11769995_01,PMC11769995,Male,51.0,"A 51-year-old male patient presented to a local hospital for treatment after experiencing intermittent abdominal distension for over 10 days, accompanied by breathlessness and fatigue for the preceding 5 days. Upon hospitalization, the clinician diagnosed him with cholecystitis and initiated a course of anti-inflammatory and anti-infective therapy, which was administered for 5 days. Despite this intervention, the patient's symptoms worsened, manifesting as chest tightness, cough, dyspnea, lower limb edema, and orthopnea. As a result, the clinician expanded the diagnosis to include dilated cardiomyopathy, cardiogenic shock, atrial flutter, pleural effusion, peritoneal effusion, and abnormal liver and renal function. The treatment regimen was subsequently modified to incorporate intermittent non-invasive ventilator-assisted ventilation and symptomatic support aimed at increasing blood pressure, improving cardiac function, controlling the ventricular rate, and maintaining homeostasis; however, the patient's symptoms did not exhibit significant improvement. Consequently, he was transferred to our hospital, a tertiary cardiac specialty facility, on February 25, 2023, where he was diagnosed with heart failure, cardiomyopathy, and cardiogenic shock. Upon taking the patient's medical history, he denied any history of hypertension, diabetes, stroke, hepatitis, typhoid fever, or schistosomiasis, and he reported no known drug or food allergies. Regarding his family history, the patient's father is deceased, with the cause of death unknown, while his mother is alive and has no known cardiovascular disease.
Upon admission, the patient was conscious and exhibited mild scleral jaundice, diminished breath sounds bilaterally, and wet rales in the lower lung fields. Auscultation revealed no murmurs at any of the heart valves. Laboratory results indicated elevated cardiac biomarkers, specifically high-sensitivity cardiac troponin I (hscTnI) at 0.694 ng/ml, myoglobin at 219 ng/ml, and N-terminal pro B-type natriuretic peptide (NT-proBNP) at 5,682 pg/ml. Additionally, liver and renal function tests demonstrated impairment, with albumin at 33 g/L, alanine aminotransferase (ALT) at 5,358.2 U/L, aspartate aminotransferase (AST) at 16,734.6 U/L, lactate dehydrogenase (LDH) at 13,134 U/L, total bilirubin (TBIL) at 54.9 mumol/L, direct bilirubin (DBIL) at 21.2 mumol/L, and creatinine at 193 mumol/L. Inflammatory markers were significantly elevated, with a white blood cell count of 14.2 x 109 /L, procalcitonin at 0.27 ng/ml, interleukin-6 at 33.2 pg/ml, interleukin-8 at 238 pg/ml, and high-sensitivity C-reactive protein at 14.4 mg/L. Furthermore, coagulation-related markers indicated dysfunction, with prothrombin time (PT) at 60.7 s, activated partial thromboplastin time (APTT) at 35.6 s, fibrinogen at 1.0 g/L, D-dimer at 104.5 microg/ml, thrombin-antithrombin complex at 116.5 ng/ml, antithrombin III at 43.0%, and platelet count (PLT) at 52 x 109 /L.
The electrocardiogram indicated sinus rhythm with frequent premature ventricular contractions, poor precordial R-wave elevation, T-wave abnormalities, and a prolonged QT interval. Echocardiographic findings revealed a left ventricular ejection fraction (LVEF) of 20%. Both the left atrium (4.0 cm) and left ventricle (6.0 cm) were enlarged, and there was a general reduction in septal and left ventricular wall motion. The findings also indicated mild aortic regurgitation, severe mitral regurgitation, moderate tricuspid regurgitation, and markedly reduced left ventricular systolic function. Additionally, a small amount of fluid was noted in the pericardial cavity, along with a significant accumulation of fluid in the right pleural cavity. Based on the clinical signs and symptoms, electrocardiographic changes, elevated markers of myocardial injury, and echocardiographic evidence of myocardial damage observed after admission, the patient was comprehensively assessed and diagnosed with FM. Given the patient's history of antecedent infection, further testing for antibodies to myocarditis-associated viruses was conducted. The results were positive for IgM antibodies to coxsackievirus B3 and echovirus. Therefore, the patient's FM was attributed to a viral infection, which subsequently led to cardiogenic shock and severe coagulopathy.
Clinical management in this case focuses on three primary areas, the first of which is the improvement of organ function. Cardiac volume overload was addressed through negative volume balance, maintaining a deficit of 2,000 ml per day for the first four days. Cardiogenic shock was managed with norepinephrine at a dose of 0.15 microg/kg/min and dopamine at 5 microg/kg/min. An intra-aortic balloon pump (IABP) was implanted on day four of admission to enhance cardiac output and improve organ perfusion; it was withdrawn after four days of support. Amiodarone hydrochloride was administered at a rate of 30 mg/h to control arrhythmias and manage atrial flutter. Additional treatments included liver protection with reduced glutathione (1.8 g/day), diuresis, and supportive therapy such as oxygen therapy. The second area of focus was the correction of coagulation disorders. Based on laboratory findings, an International Society on Thrombosis and Haemostasis (ISTH) dominant disseminated intravascular coagulation (DIC) score of 7 (threshold >5) was obtained, suggesting a suspicion of DIC. However, the addition of a factor VIII (FVIII) activity of 176.5% and an APTT of 35.6 s did not support the diagnosis of DIC. Consequently, we initiated anticoagulation with unfractionated heparin, starting at a dose of 400 U/h, which was subsequently adjusted to 300 U/h for one week, along with continuous monitoring of D-dimer levels. Anticoagulation was accompanied by replacement therapy, including the infusion of fresh frozen plasma (FFP), with 200 ml administered on day two and another 200 ml on day five. Supplemental fibrinogen was infused, totaling 12 units of cryoprecipitate and 0.5 g of fibrinogen, to maintain fibrinogen levels above 1.2 g/L and prevent bleeding. For platelet replacement, 1 unit of platelets was infused when the platelet count dropped to 18 x 109 /L, with continuous monitoring. The third area of focus was the control of inflammation and infection. Management included intravenous human immunoglobulin (PH4) at a dose of 10 g/day for five days to provide immunosupportive therapy, alongside low-dose methylprednisolone at 40 mg for five days as an anti-inflammatory treatment.
After comprehensive treatment, the patient's organ function gradually improved, as evidenced by significantly better examination indices (Table 1). Echocardiography revealed a LVEF of 43%, with normal left atrial and left ventricular dimensions. Additionally, there was a reduced amplitude of septal motion, while the amplitude of left ventricular wall motion remained normal. Coagulation monitoring indicated that coagulation parameters had been corrected (<PMC11769995_fcvm-11-1538728-g001_undivided_1_1.webp>), with results showing fibrinogen at 2.8 g/L, D-dimer at 2.5 microg/ml, PLT at 61 x 109 /L, PT at 12 s, and APTT at 27.9 s. The patient's condition stabilized, allowing for discharge on March 11, 2023, following evaluation by the attending physician. The patient returned for follow-up visits in the first and fourth months post-discharge, during which liver function, markers of myocardial damage, and platelet counts were found to have returned to normal levels. These findings suggest a favorable prognosis for the patient."
PMC11817083_01,PMC11817083,Male,69.0,"We present the case of a 69-year-old non-atopic male who developed anaphylaxis following the application of Redwin Moisturizer. The patient had suffered extensive chemical burns from home concrete agents which required daily dressing. The patient applied a range of different moisturizers to the affected area which did not elicit any symptoms of concern. Within minutes of the first application of the Redwin moisturizer to his leg, the patient experienced immediate paresthesia at the site, flushing and had a syncopal episode. He was brought to hospital via ambulance and emergent treatment included fexofenadine and intravenous fluids, with symptoms resolving over 4 h. No adrenaline was administered; however, tryptase taken at the time of the event was elevated at 31.9 micrograms/L (normal reference range 0-11.4 micrograms/L). Tryptase in convalescence (3 months later) was 5.9 micrograms/L, suggesting this was an anaphylactic reaction. No other exposures within hours preceding the reaction, including food, drugs, topical products or insect stings, were reported. Similarly, other cofactors, such as recent viral illness or NSAID use, were not identified.
The patient's background history was significant for a single episode of an unspecified pruritic, skin rash 15 years prior, self-attributed to a new laundry detergent given the distribution of the rash which developed in areas of contact with clothing. This lasted several weeks and subsequently resolved without recurrence. There is no history of atopy or allergy otherwise.
Skin prick testing (SPT) was performed using a dilution 1:2 of Redwin moisturizer in normal saline and the patient's wife was used as a ""negative control"" to exclude an irritant effect of the product. The patient developed a wheal of 13 x 10 mm after 15 min, with the control developing no reaction (Fig. 1). Further testing was performed with neat phenoxyethanol as it was identified as a potential culprit when comparing the tolerated QV moisturizer (tolerated both before and after the reaction) with Redwin moisturizer (Table 1). The patient developed a 3 x 4 mm wheal, with again the control subject developing no wheal. Of the other ingredients present in Redwin but not QV moisturizer (Table 1, blue), only p-chloro-m-Cresol has been reported as an allergen causing a Type I hypersensitivity reaction which was contact urticaria but not anaphylaxis. This product was not available for skin prick testing at our institution. Furthermore, Triticum Vulgare (wheat) Germ Oil was judged unlikely as possible causative allergen as the patient was able to tolerate a wheat containing diet. Five other ingredients, that could not be skin tested, were found in the Redwin moisturizer and not in the tolerated QV moisturizer (Table 2). Although some may rarely cause allergic contact dermatitis, there are no descriptions of immediate-type hypersensitivity to these agents. Additionally, there was no evidence of a c-KIT mutation in peripheral blood to suggest an underlying mast cell disorder.
The patient was subsequently advised to avoid products with phenoxyethanol as the most likely culprit ingredient based on literature review and available testing. This included avoiding vaccines such as Vivaxim (Hepatitis A-typhoid), Quadracel (diptheria, tetanus, acellular pertussis, inactivated poliovirus) or other vaccines containing phenoxyethanol until further immunology review could be conducted. If required, vaccine specific skin testing could be performed in future as previously described in the literature. The limitations of not being able to test all individual ingredients in the moisturizer was communicated to the patient and an adrenaline auto-injector was prescribed in the possible event of future reactions. The reaction was also reported to the relevant governing authorities."
PMC11774432_01,PMC11774432,Male,31.0,"A 31-year-old man presented to the emergency department (ED) with a 10-day history of fever, 5 days of jaundice, and 3 days of altered consciousness. He had been hospitalized at another facility for a week, where tests for dengue, leptospirosis, scrub typhus, and typhoid were negative. His liver and kidney functions were abnormal, and his lipase levels were elevated. Hepatitis B and C serology were negative. Contrast-enhanced computed tomography (CT) imaging of the abdomen was reported to have multiple splenic infarcts. In this context, he was referred to as a case of acute undifferentiated febrile illness.
He had a continuous high-grade fever associated with chills and rigor for 10 days. Later, he developed a cough with expectoration, which was insidious in onset with whitish, nonblood-stained mucoid sputum. He also noticed yellowish discoloration of the eyes and urine 5 days after the fever onset. Seven days after the beginning of the fever, he developed altered sensorium in the form of reduced responsiveness and irrelevant talk. There was no history of seizures, vomiting, or chest pain. He was recently diagnosed with diabetes mellitus but was not taking his medications.
On presentation to the ED, he had a respiratory rate of 28 breaths/min, oxygen saturation of 86%, pulse rate of 138 bpm, and blood pressure of 110/70 mmHg. His saturation improved to 98% with oxygen via nasal prongs at 4 l/min. He was dehydrated, icteric, and had a tender splenomegaly. He was disoriented and had mild neck rigidity but no focal deficit. The rest of the system examination was unremarkable. His blood sugar was 385 mg/dl, and his urine ketones were negative. Acid-base analysis revealed metabolic acidosis with compensated respiratory alkalosis and type 1 respiratory failure with a P/F ratio of 217. Basic blood work showed a total leukocyte count of 4290/dL, abnormal renal function with hyperkalemia, elevated liver enzymes, and bilirubin [Table 1].
Blood cultures were taken while considering infective endocarditis or malaria as potential diagnoses. The patient was started on broad-spectrum antibiotics and antimalarials. A cardiac point-of-care ultrasound did not show any vegetation. Once the patient stabilized, a contrast-enhanced CT scan of the thorax, abdomen, and pelvis was conducted. The scan revealed an enlarged spleen and multiple hypodense nonenhancing lesions in the liver and spleen, consistent with abscesses [<PMC11774432_TJEM-25-63-g001_undivided_1_1.webp><PMC11774432_TJEM-25-63-g002_undivided_1_1.webp> and 2]. It also identified consolidation in the left posterior basal lung segment and small benign nodules in both lungs [<PMC11774432_TJEM-25-63-g003_undivided_1_1.webp>]. A separate brain CT scan showed no abnormalities. Based on the findings, meropenem was initiated for suspected melioidosis, and later blood cultures confirmed the presence of Burkholderia pseudomallei [Table 1]. Although the patient showed clinical improvement, he suffered a severe episode of hemoptysis on the 14th day of hospitalization and unfortunately passed away."
PMC12894103_01,PMC12894103,Male,34.0,"A 34-year-old previously healthy Asian man presented to the Emergency Department with a two-week history of persistent high-grade fever (<PMC12894103_cureus-0018-00000101399-i01_undivided_1_1.webp>), diffuse arthralgia, and rapidly progressive fatigue. He reported that the fevers occurred with clockwork regularity, spiking to high-grade levels each evening, and were accompanied by aching pain affecting both large and small joints symmetrically, along with a sore throat. He denied weight loss, cough, gastrointestinal or urinary symptoms, night sweats, or contact with sick individuals. There was no recent travel, no ingestion of unpasteurized dairy, and no occupational or environmental exposure to livestock, untreated water, or zoonotic sources.
At presentation, he appeared visibly unwell, febrile, diaphoretic, and uncomfortable even at rest, with significant joint tenderness and restricted mobility due to pain. Despite the severity of systemic symptoms, he remained hemodynamically stable, alert, and oriented. Physical examination revealed no visible rash. It was explicitly noted that the patient's darker skin tone could render the classic evanescent erythema imperceptible, a recognized factor contributing to diagnostic delay in such patients. There was no peripheral lymphadenopathy or hepatosplenomegaly. Cardiopulmonary and abdominal examinations were unremarkable.
Initial laboratory evaluation, summarized in Table 1, revealed a marked systemic inflammatory response, with significantly elevated inflammatory markers. Liver biochemistry demonstrated a mixed hepatocellular and cholestatic pattern of injury, with elevated transaminases as well as raised cholestatic enzymes. Total and direct bilirubin levels were mildly elevated. Platelet counts were initially within the lower to normal range and subsequently increased during the hospital course. Renal function, lipid profile, and serum triglycerides were within normal limits.
In keeping with a structured approach to FUO, a broad workup was initiated to systematically exclude infectious, malignant, and autoimmune mimics. Extensive cultures of blood, urine, and sputum remained sterile. Viral and zoonotic serologies, including dengue, chikungunya, leptospirosis, brucellosis, typhoid, Epstein-Barr virus, cytomegalovirus, human immunodeficiency virus, and hepatitis A, B, and C, were all negative. Malaria testing and tuberculosis screening using interferon-gamma release assay were nonreactive. High-resolution computed tomography of the chest, abdomen, and brain demonstrated no evidence of malignancy, granulomatous disease, or occult abscess formation.
An extensive autoimmune and rheumatologic evaluation was similarly unrevealing. Antinuclear antibody (ANA), anti-double-stranded DNA, rheumatoid factor (RF), anticyclic citrullinated peptide antibody, and extractable nuclear antigen panel were all negative. Complement levels were preserved. Hematologic evaluation showed no cytopenias, atypical lymphocytes, or blasts on peripheral smear. Serum ferritin, which had been pending during the early phase of evaluation, subsequently returned as markedly elevated.
Despite the initiation of broad-spectrum empiric antibiotic therapy with meropenem and linezolid, the patient continued to experience daily febrile spikes, and inflammatory markers remained persistently elevated. The presence of extreme hyperferritinemia in conjunction with systemic inflammation and hepatic dysfunction, in the absence of cytopenias or coagulopathy, raised a strong suspicion for an autoinflammatory syndrome, most notably AOSD.
High-dose systemic corticosteroid therapy was initiated empirically, guided by disease severity and hepatic involvement, with dexamethasone. The clinical response was rapid and striking. Within 24 hours, febrile episodes abated, and within 48 hours, the patient was afebrile, reporting substantial improvement in joint pain and fatigue. Inflammatory markers declined significantly; ferritin levels showed a marked downward trend; and liver enzyme abnormalities improved rapidly. <PMC12894103_cureus-0018-00000101399-i02_undivided_1_1.webp> illustrates the temporal relationship between corticosteroid initiation and ferritin decline in this case. The dramatic response to corticosteroid therapy served both therapeutic and diagnostic roles. The patient was subsequently transitioned to oral prednisolone with a structured taper. He remained in clinical remission at follow-up, with normalization of laboratory parameters and no recurrence of symptoms.
Investigations
A comprehensive and sequential investigative strategy was employed. Infectious disease evaluation included bacterial cultures from blood, urine, and sputum, all of which were sterile. Extensive serological testing excluded dengue, chikungunya, leptospirosis, brucellosis, typhoid, Epstein-Barr virus, cytomegalovirus, human immunodeficiency virus, and viral hepatitis. Malaria screening and tuberculosis testing using interferon-gamma release assay were negative. Cross-sectional imaging of the chest, abdomen, and brain excluded malignancy, abscess formation, and granulomatous disease.
Autoimmune investigations demonstrated no evidence of systemic connective tissue disease. ANA, anti-double-stranded DNA, RF, anticyclic citrullinated peptide antibody, and extractable nuclear antigen panels were all negative. Complement levels were preserved. Inflammatory markers were markedly elevated. Hematologic assessment revealed a normal complete blood count, with no cytopenias, blasts, or evidence of hemolysis. Lipid profile and coagulation parameters were within normal limits. The pivotal diagnostic clue was the identification of extreme hyperferritinemia, which, in the appropriate clinical context, strongly supported a diagnosis of AOSD.
Differential diagnosis
The diagnostic journey in this case was marked by the systematic exclusion of several high-priority differential diagnoses, each considered and ruled out on the basis of specific findings, as shown in Table 2. Ultimately, the differential narrowed to AOSD, supported by the triad of quotidian fevers, arthralgia, and hyperferritinemia, within the context of an otherwise negative diagnostic workup.
Diagnosis
The diagnosis of AOSD was established based on the internationally accepted Yamaguchi criteria, in combination with a structured process of exclusion and a hallmark therapeutic response. The patient fulfilled five criteria, meeting the required threshold: two major (fever >39 C for greater than one week; arthralgia greater than two weeks) and three minor (abnormal liver function tests, negative ANA/RF, and leukocytosis >10,000/muL, which is present in an inflammatory context presented in Table 1). The classic rash was not observed, likely due to skin pigmentation; however, its absence did not preclude diagnosis, particularly given the growing literature supporting a diagnosis even when the rash is subtle or unapparent in darker-skinned individuals. The hyperferritinemia (>6,900 ng/mL) provided additional support for the diagnosis, although not included in the original criteria. The rapid and reproducible response to corticosteroids further served as a strong diagnostic confirmation. Although glycosylated ferritin was unavailable for testing, the case still aligned with several features of the Fautrel criteria. Exclusion of all mimicking conditions, fulfillment of classification criteria, and therapeutic validation via steroid response provided a robust foundation for diagnosis.
Treatment and outcome
Empirical high-dose corticosteroids were initiated based on strong clinical suspicion of AOSD following exclusion of other causes. The patient received intravenous dexamethasone 6 mg twice daily, approximately equivalent to 75 mg of oral prednisolone. Within 24 hours of initiation, the fever curve flattened, and by 48 hours, the patient was afebrile and reported marked improvement in systemic symptoms and joint pain. Inflammatory markers declined rapidly: C-reactive protein halved, ferritin dropped to 3,700 ng/mL, and liver enzymes normalized. The patient was transitioned to oral prednisolone 60 mg daily, with a six-week taper (60 50 40 30 20 10 5 mg). He remained afebrile and symptom-free throughout tapering. Outpatient follow-up showed continued clinical and biochemical remission. Given his response and complete recovery, the patient was classified as having a monocyclic pattern of AOSD. He was educated about relapse signs and referred to rheumatology for surveillance. No steroid-sparing agents were required at the time of writing."
PMC13180846_01,PMC13180846,Unknown,4.0,"The recent case report by Sabbahi and colleagues describes an unusual and severe presentation of invasive non-typhoidal Salmonella infection in a previously healthy four-year-old child who developed necrotizing pneumonia with empyema requiring extracorporeal membrane oxygenation. Pulmonary infection caused by non-typhoidal Salmonella is exceedingly rare, particularly among immunocompetent pediatric patients, as these organisms most commonly cause self-limited gastrointestinal disease. The report therefore raises an immediate clinical question: how can a pathogen that typically causes self-limited gastrointestinal illness produce life-threatening pulmonary disease in an otherwise healthy child?.
When a pathogen that typically produces mild gastrointestinal illness causes life-threatening invasive disease in an otherwise healthy child, clinicians are naturally prompted to reconsider the factors that may have contributed to such an aggressive presentation, particularly given that invasive non-typhoidal Salmonella infections are associated with substantial morbidity and mortality worldwide. Addressing this question does not necessarily require identifying a single causal mechanism; rather, it invites reflection on how unusual infections may reveal important insights into host-pathogen interactions and clinical reasoning in pediatric practice.
One of the most striking features of the case described in the report is the discrepancy between the typical clinical behavior of the pathogen and the severity of the disease observed. Non-typhoidal Salmonella infections are generally associated with self-limited gastroenteritis, while extraintestinal manifestations are relatively uncommon, particularly in children without underlying medical conditions. The development of necrotizing pneumonia with empyema in a previously healthy child therefore represents a notable clinical paradox.
In everyday clinical practice, pediatricians often rely on pattern recognition when evaluating infectious diseases. Each pathogen is associated with a spectrum of expected clinical presentations. When an organism appears in an unexpected anatomical site or produces unusually severe pathology, clinicians are naturally prompted to reconsider the factors that may have contributed to that outcome.
Several explanations may account for such discrepancies. In some cases, severe infections may arise from stochastic events or transient predisposing conditions. In the reported case, the presence of influenza A infection may have facilitated bacterial invasion of the respiratory tract and contributed to disease progression. Viral respiratory infections are well known to predispose patients to secondary bacterial pneumonia, although Salmonella remains an exceptionally uncommon pathogen in this setting. Viral respiratory pathogens, such as influenza A, can induce direct cytopathic damage to the respiratory epithelium, impair mucociliary clearance, and trigger viral-induced immune modulation:such as the depletion or desensitization of alveolar macrophages. These mechanisms act synergistically to compromise local host defenses and create a permissive environment for subsequent bacterial adherence and invasion.
Alternatively, unusually severe infections may occasionally represent the first clinical manifestation of a previously unrecognized host vulnerability. Host defense against intracellular bacteria involves a network of immune mechanisms, including innate pathogen recognition pathways, phagocyte antimicrobial activity, and cytokine-mediated activation of macrophages. Defects affecting any of these systems may remain clinically silent until a specific infectious challenge reveals the underlying vulnerability. In the specific context of invasive non-typhoidal Salmonella infections, the interleukin-12 (IL-12) and interferon-gamma (IFN-gamma) axis plays a critical protective role in intramacrophage bacterial clearance. Deficiencies or subtle genetic variants within the IL-12/IFN-gamma pathway are extensively recognized as responsible for severe, disseminated Salmonella infections in individuals who appear otherwise phenotypically immunocompetent.
It is also possible that severe disease arises from complex interactions between host immunity and pathogen virulence rather than from a single identifiable abnormality. In the reported case, the patient's deterioration was accompanied by laboratory findings suggestive of a hyperinflammatory response, raising the possibility that host inflammatory amplification may have contributed to pulmonary tissue damage and disease severity.
Cases such as the one described by Sabbahi and colleagues illustrate an important principle in clinical medicine: unusual infections can function as diagnostic signals embedded within routine practice. When a pathogen that typically causes mild disease produces a severe or atypical manifestation, clinicians are prompted to reassess whether the event reflects an exceptional infection, an unrecognized host susceptibility, or a combination of both.
In this sense, the present case may be interpreted as a sentinel clinical event:an occurrence that signals the need to reconsider host-pathogen dynamics when disease severity exceeds typical expectations.
The designation of a patient as ""immunocompetent"" in clinical practice generally reflects the absence of recognized immunodeficiency and normal findings in initial laboratory screening. However, immune defense against infection is complex and involves multiple interacting biological pathways. Subtle vulnerabilities in these systems may remain undetected during routine clinical evaluation yet become apparent when a pathogen challenges a particular immune mechanism. The types of diagnostic questions that such sentinel cases may raise in clinical practice are summarized in Table 1.
Recognizing unusual infections as sentinel signals may therefore encourage clinicians to consider broader diagnostic perspectives. Such cases remind practitioners that rare clinical presentations can provide valuable insight into the limits of host immune defenses and into the diversity of host-pathogen interactions observed in pediatric infectious disease."
