case_id,pmcid,gender,age,case_text
PMC6884723_01,PMC6884723,Male,32.0,"A 32-year-old man with no antecedent comorbidities presented to the emergency department of a tertiary hospital in South Western Nigeria with an acute onset high-grade intermittent fever with chills and rigors, headache, myalgia, abdominal pain, and vomiting. There was no reported diarrhea or yellowness of the eyes. Prior to presentation, he had used oral anti-malaria medications, oral ciprofloxacin and antipyretics with no improvement. He worked as an agricultural research fellow and routinely spent a fair amount of time at work outdoors in farms and fields. Physical examination showed an acutely ill looking febrile patient with a temperature of 38.9 C, blood pressure of 120/70mmHg, a pulse of 92 beats per minute, and a respiratory rate of 24 cycles per minute. The rest of his physical examination was normal. His initial laboratory evaluation showed a leukocyte count of 7,090/mul of which 84.7% were neutrophils, a hemoglobin of 14.5g/dl, and platelet count of 89,000/mul. Activated Partial Thromboplastin Time (APTT) and prothrombin time were prolonged by 15.2 and 5.3 seconds, respectively. A slightly elevated INR of 1.35, but a markedly elevated D-dimer of 224.6mug/ml (ref 0-0.5mug/ml) were observed. The renal biochemical parameters were normal except for creatinine of 1.5mg/dl. Apart from an AST of 223 IU/l and an ALT of 70IU/l, all other liver function tests were normal. Urinalysis revealed microscopic hematuria. Other investigations are detailed in Table 1. Intravenous ciprofloxacin, metronidazole, and parenteral artesunate were commenced.
On subsequent review, the temperature was 39.2 C, pulse was 102 beats per minute, and there was tenderness on the right iliac fossa and suprapubic areas. Ciprofloxacin was changed to ceftriaxone, and parenteral metoclopramide was added to control the vomiting which had persisted since admission. On the fourth day of admission, he complained of rhinorrhea. Further physical examination revealed a mildly inflamed pharynx with no significant regional lymph node enlargement. Pulse was 82 beats per minute, blood pressure 110/70mmHg, respiratory rate of 32 cycles per minute, and reduced breath sounds in the middle and lower zones. Chest X-ray showed perihilar patchy opacities worse on the right with few patchy opacities on the right upper and lower zones. With concern for a sub-optimally treated community-acquired pneumonia, azithromycin was added for atypical pathogens. The following day, the temperature was noticed to be 40.5 C despite regular antibiotics. Pulse was 100 per minute, blood pressure was 130-170/60-100mmHg. The respiratory rate was 62 cycles per minute, and SpO2 was 79-81% while breathing ambient air. Percussion notes were dull on the right lower zone, and breath sounds were vesicular with a mix of coarse crackles and rhonchi on the right lower zone.
A repeat laboratory evaluation showed worsening microscopic hematuria, thrombocytopenia, and a leukocytosis of 11,720/mul. Blood film for malaria parasite detection was repeatedly negative. Supplemental intranasal oxygen at 4L per minute was administered. Loratadine and amlodipine were added, and the patient was transferred to the Intensive Care Unit (ICU) for respiratory support. In the ICU, the dyspnea improved with oxygen therapy by face mask. SpO2 on oxygen therapy ranged between 93% and 97%. Respiratory rate was 26 cycles per minute, pulse was 88 beats per minute, and blood pressure was 135/76mmHg. However, he continued to have high-grade fever, tachypnea and developed diarrhea with dark-colored stools over the next 3 days while in the ICU. On the 10th day of admission, a positive result for viral hemorrhagic fever screening using real-time RNA polymerase chain reaction panel detecting the dengue virus was obtained. Supportive management was continued. After 16 days of conservative management, the patient had an uneventful recovery and was discharged home from the hospital. He was established to have a normal blood pressure with no medication after a year of follow up."
PMC9792920_01,PMC9792920,Female,51.0,"In October 2019, a 51-year-old woman from a rural area of Santander, Colombia, was admitted to our unit with a story of fever and shivers for the past 5 days associated with epigastric pain, emesis, diarrhea, and an episode of hematemesis. Previous medical history included hypertension and dyslipidemia, and she was taking enalapril, hydrochlorothiazide, atorvastatin, and ASA.
Examination revealed hemodynamic instability, tachycardia, hypotension requiring vasopressors, delayed capillary refill time, and dehydration. Petechiae were identified on the skin of the extremities. Cardiopulmonary auscultation documented bilateral basal rales and palpation of the abdomen, painful hepatomegaly (4 cm).
Her blood count showed pancytopenia with severe thrombocytopenia (7000 cc/mm3). Liver function tests revealed transaminase elevation (50 times above its normal value), LDH> 1000, normal bilirubins, and normal alkaline phosphatase suggesting hepatocellular injury with an ischemic component; the PTT was prolonged without PT alteration (See Table 1). The chest X-ray and abdominal ultrasound showed evidence of leakage with free fluid in the abdomen and pleural effusion, and hepatomegaly was also noted. The presence of bubbles in the right cavities without evidence of shunt was reported by echocardiography, as a consequence, a Doppler ultrasonography of portal and mesenteric veins were performed as well as CT with portal venous phase, showing an image compatible with acute complete non-cirrhotic thrombosis in the proximal portion of the portal vein (see Fig. 1). She was serologically confirmed positive for anti-DENV-1 IgM by ELISA.
The patient required close monitoring in the intensive care unit with vasopressors for 11 days due to distributive shock. A presumptive diagnosis of severe dengue with secondary coagulopathy and thrombotic complications was made.
She received methylprednisolone and prednisone 1 mg/kg as maintenance for suspected ITP, and anticoagulation with LMWH was started when platelets reached >70,000 cells/mm3. She was treated with piperacillin tazobactam (4.5 g IV q.i.d.) for 7 days starting at the 6th day of thedisease.
The patient was further evaluated for additional causes of acute hemorrhagic fever syndrome with thrombotic events associated as well as prothrombotic systemic states (See Table 2). Cultures of the blood, urine, and stool yielded normal results. Malaria and Chagas tests in blood smear were negative. Hepatitis A, B, and C virus infections were ruled out serologically as well as CMV, HIV, and Leptospira infections. Screening for TMAs and inherited thrombophilia did not reveal any abnormality. She was screened for antiphospholipid syndrome, protein C and S deficiency, factor V Leiden, hyperhomocysteinemia, and ATIII deficiency. There was no evidence of hemolytic anemia, blood smear did not show abnormal cells, and ADAMTS 13 levels were normal. Complement fraction C3 was consumed and C4 was normal. ANAs, anti-dsDNA, and ANCAs were also negative. She was not tested for COVID-19 given that the first case reported in our country occurred in March 2020.
She underwent a control 8 weeks later, and Doppler ultrasonography of portal and mesenteric veins as well as laboratory initial alterations were completely normal. Steroid and anticoagulation therapy was discontinued after 3 months."
PMC8183367_01,PMC8183367,Male,38.0,"A 38-year-old man, forest guard, resident of a hilly station of Himalayas, having schizophrenia for the past 15 years, being on antipsychotics: aripiprazole and trihexyphenidyl, presented to the emergency department with high-grade, intermittent fever for 7 days along with myalgia and headache. Following 4 days of fever, he developed multiple painless rashes over the soles of both feet and ankles. The rashes were reddish at the onset and later blackened. There was no gangrene formation or bleeding tendency. He reported breathlessness on exertion and later on in the supine position, but not paroxysmal nocturnal dyspnea. Breathlessness was associated with progressive bilateral leg edema and generalized weakness. He had decreased urine output for 1 day. There was no other history of any localizing symptoms. There was no history of substance use, alcohol intake, smoking, or any other comorbidity except above psychiatry illness. He was evaluated in an outside hospital where dengue NS1 antigen (on day 3 of illness) was positive along with low platelet count (40,000/mm3).
On examination, he was thin built but pale and edematous, afebrile, mildly drowsy, and disoriented. Vitals were unstable: heart rate 128 bpm, regular with satisfactory pulse volume; blood pressure 98/60 mm Hg with pulse pressure 48 mmHg; tachypneic (respiratory rate 30/min) with arterial oxygen saturation of 86% on ambient room air and 92%-95% on 4 L of O2 therapy (hypoxemia). Along with bilateral pitting pedal edema, there were multiple palpable but nontender purpuric rashes present on both feet ranging in size from 2 mm to 8 mm, with fine scaling and postinflammatory hyperpigmentation with confluence toward the terminal aspect and impending gangrene [<PMC8183367_IJCIIS-11-39-g001_a_1_4.webp>]. All peripheral pulses were felt. Jugular venous pulse was not elevated. Chest examination demonstrated bilateral basal fine crackles and occasional wheezes. S1 and S2 were normal but with equal intensity (Tic-Tac rhythm like), and gallop/murmur was not present. Abdominal examination demonstrated mild tenderness over the right hypochondrium and epigastrium, but no palpable liver and spleen. Other systemic examinations were unremarkable.
From day 3 of admission (day 9 of illness), he started experiencing severe pain in both feet, which now showed darkening in color and was tender to touch, suggesting impending dry gangrene superimposed on the purpuric rashes [<PMC8183367_IJCIIS-11-39-g001_a_1_4.webp> and b]. All peripheral arterial pulsations were normal, including the toe movements, and there was hyperesthesia of feet.
A probable diagnosis of EDS (because of outbreak season) with myocardium, vessels, skin, and kidney involvements was made.
Electrocardiography showed sinus tachycardia. Chest X-ray revealed features suggestive of early pulmonary edema [<PMC8183367_IJCIIS-11-39-g001_d_4_4.webp>]. Initial arterial blood gas analysis showed compensated respiratory alkalosis. Hemogram on day 8 of the illness revealed anemia (Hb, 9.4 g/dL) with a normal mean corpuscular volume (MCV) and corrected reticulocyte count of 2.8, leukocyte count (7900/mm3), and thrombocytopenia (platelet count, 30,000/mm3) with a peripheral smear showing normochromic normocytic picture and reactive lymphocytes. Serum lactate dehydrogenase concentration was increased (457 U/L; reference normal <248 U/L in males). Erythrocyte sedimentation rate was 44 mm/h, and highly sensitive C-reactive protein fraction was 14.2 mg/L. Fibrin degradation products were 12 mg/L, and D-dimer was <0.5. ADAMTS13 levels, serum complement levels, and immunoglobulin levels could not be tested due to technical constraints and resource-limited setting. Kidney function tests suggested acute kidney injury. Liver function tests showed hyperbilirubinemia, predominantly conjugated (total bilirubin: 2.83 mg/dL/direct: 1.33 mg/dL), with mild transaminitis and hypoalbuminemia. NT pro-BNP levels were highly raised (3114.7 pg/mL; normal range <300 pg/mL); however, transthoracic echocardiogram did not reveal any abnormality. Blood cultures turned out to be sterile, and other infectious markers (malaria, scrub typhus, and chikungunya) were negative, except for dengue serology (ELISA-IgM). Serology for hepatitis B, hepatitis C, and human immunodeficiency virus was negative.
Doppler ultrasonography of both lower limbs demonstrated normal flow precluding arterial or venous occlusion. A skin biopsy was obtained from the area of purpuric rashes, which revealed foci in the upper dermis with perivascular infiltration by polymorphonuclear cells with mild edema and nuclear fragmentation, suggestive of leukocytoclastic vasculitis or CSVV [Figure 2a and b].
The final diagnosis of EDS with myocarditis, thrombotic microangiopathy, medium-vessel vasculitis (as impending peripheral gangrene), and CSVV (as purpura) was made.
He was given oxygen supplementation, titrated intravenous crystalloids, inotropic support (dobutamine), titrated diuretics, and other supportive measures. Intermittent continuous positive end-expiratory pressure support was given. Antipsychotic medications were withheld as per the advice by the psychiatrist. Antiplatelets were added after platelet counts were in the normal range.
Over the course of hospital stay, he improved symptomatically, tachycardia and respiratory distress settled, urine output increased with hydration, platelet counts improved, and features of purpura and impending gangrene improved. At the time of discharge, antipsychotic therapy was added as per the opinion of the psychiatrist. On follow-up visit after 7 days, his impending gangrene was not progressing and sloughing had started [<PMC8183367_IJCIIS-11-39-g001_c_3_4.webp>], and he was followed up in the department of plastic surgery. Recently, in a follow-up after 2 months of dengue, he is doing his normal daily activities."
PMC5820895_01,PMC5820895,Male,47.0,"A 47-year-old man presented with fever, headache, and myalgia for 7 days associated with vomiting and hematemesis of three episodes. He had reduced consciousness and suffered an episode of generalized tonic-clonic seizure on the day of the presentation. On initial assessment, his Glasgow Coma Scale (GCS) was E1V1M3 with unequal pupils of the right 3 mm and left 2 mm. The patient was hemodynamically stable with a pulse rate of 82, blood pressure of 148/87 mmHg and he was febrile with a temperature of 38.7 C. He was intubated and stabilized. Following that, his computed tomography (CT) brain revealed left thalamic bleed and right frontotemporoparietal acute subdural hemorrhage 30 mm in thickness with compression of adjacent brain parenchyma and the right lateral ventricle. There was midline shift of 20 mm to the left and effacement of basal cisterns [Figure 1].
The first blood tests on day 7 of fever recorded a total white cell count of 4.53 x 109/L, platelet count of 31 x 109/L, hematocrit 42.7%, and a lymphocyte count of 1.40 x 109/L. International normalized ratio (INR) was 2.63 with activated prothrombin time (APTT) 40.5 s. Nonstructural protein (NS1) antigen test was positive, dengue IgM negative and dengue IgG positive.
Coagulopathy and thrombocytopenia were treated with transfusion of fresh frozen plasma and platelet concentrate. The patient was sedated for cerebral resuscitation. The platelet count improved to 56 x 109/L and the INR reduced to 1.2 with APTT of 34.5 s. Unfortunately, the pupils were both dilated (5 mm) and were nonreactive prior to operation.
An operation was attempted 8 h after admission. A right decompressive craniectomy, evacuation of blood clots, external ventricular drainage catheter insertion, and fascia duraplasty was done.
Postoperatively, pupils remained 5 mm and nonreactive with GCS of E1VTM1 without sedation. There was no cough or gag reflex present. A repeat CT brain postoperation showed generalized cerebral edema with loss of grey-white matter differentiation, effacement of sulci and basal cisterns, bilateral thalamic bleeds, and midline shift of 10 mm to the right. Soon after, the patient's hemodynamic status deteriorated and required inotropic support. The patient died on the 3rd day of admission."
PMC4712770_01,PMC4712770,Female,34.0,"A 34-year-old gravida III woman presented to our hospital at 39.5 weeks of gestation with no significant medical history. During her pregnancy period, she did not regularly follow the consultant schedule nor fulfill prenatal tests. At 39 weeks of gestation, the parturient woman was reported to have polyhydramnios by ultrasound and then admitted to a provincial hospital for observation. Unfortunately, we could not obtain the images confirming her polyhydramnios state.
On her fourth inpatient day in the provincial hospital, she suddenly had a continuous high-grade fever (39 C) associated with myalgia and arthralgia. The first complete blood count result showed a platelet count of 69.000/mm 3 and hematocrit of 38.8%. The patient was suspected to have Dengue and received symptomatic and supportive treatment with acetaminophen and intravenous fluids for 3 days. Vital signs and bleeding manifestations were also closely monitored. On the seventh inpatient day, the body temperature declined and then remained stable at 37 C. In the same day, the patient noted small petechiae sized 1-2 mm in diameter, around her arms and forearms. The platelet count at this time was 50.000/mm 3 and hematocrit was 40.8%. One day later, the patient abruptly experienced an intermittent hypogastric pain and had vaginal bleeding. She was transferred to our tertiary obstetric hospital where she was confirmed to have Dengue with warning signs.
On the day of admission, the patient was alert and the vital signs were unremarkable (blood pressure of 120/80 mmHg, temperature of 37 C, pulse of 100 beats/min and respiration rate of 20 breaths/min). On obstetric examination, the clinician recorded a 33 cm fundal height, fetal heart rate of 142 beats/min. The cervix was 2 cm dilated and 60% effaced. Regarding laboratory analysis, the rapid test for Dengue diagnosis revealed the following results: NS1 antigen (+), IgM Dengue (+) and IgG Dengue (-). Hematocrit increased to 45.2% and the platelet count showed a continuously downward trend to 32.000/mm 3. Liver and renal function tests as well as coagulation workup revealed no abnormalities. In the delivery room, the patient was administered 2 units of packed platelet concentrate in around 30 minutes before giving birth. The patient successfully delivered a healthy female infant weighing 3.500 grams by vaginal route with APGAR score of 8 and 9 after 1 and 5 minute(s), respectively. A uterine atony and a first-degree vaginal tear were recorded, leading to the loss of about 200 ml of blood. The third stage of labor was actively managed, then the perineal laceration was sutured and the retained products of conception were excluded. After that, the uterus was well contracted and a blood pressure of 120/72 mmHg and pulse of 86 beats/min were noted. The mother and newborn were transferred to the waiting room for observation. After 10 hours, the uterine contractions decreased suddenly and became boggy; the total amount of blood loss was about 1000 ml. The patient was diagnosed with postpartum hemorrhage due to uterine atony. Intravenous fluid resuscitation with 500 ml of 0.9% NaCl in two hours and a half was implemented. 20 IU of oxytocin diluted with 500 ml of Lactated Ringer's solution was also administered intravenously with the infusion rate of 3 ml/min. In addition, the patient was given a dose of 200 mcg Methylergometrine by intramuscular injection. After 2 hours of intensive treatment, there was no further bleeding episodes and the normal range of vital signs were recorded. Repeated tests after childbirth showed moderate thrombocytopenia with a platelet count of 47000/mm 3 but no abnormal coagulation was detected. After bleeding was well-controlled with oxytocin, the clinicians decided to transfuse one more unit of platelets in order to increase the patient's platelet concentration to a safe range. The platelet count and hematocrit were 52.900/mm 3 and 35.9% respectively, after transfusion. The patient was transferred to the department of postpartum care. The patient gradually recovered without any abnormality. The laboratory findings of the newborn were unremarkable, especially the negative serological test for detecting Dengue infection. Consequently, the patient and her neonate were discharged in a stable state after 7 inpatient days in our hospital. The one-week follow-up also did not show any abnormal conditions."
PMC5437803_01,PMC5437803,Male,14.0,"A 14-year-old male child presented with fever associated with chills of 3 days duration. He also had dull aching continuous holocranial headache associated with 3-4 episodes of vomiting. On the 3rd day of fever, he noticed giddiness associated with difficulty in sitting and standing; needing support of family members; and swaying while walking. There was blurring of vision but no dysphagia, dysarthria, weakness or incoordination of limbs, sensory symptoms, or myoclonic jerks. On examination, his vitals were stable. He was conscious and oriented. The speech was normal. Pupils were equal and reactive. Oculomotor abnormality in the form of sudden conjugate horizontal saccadic oscillations without intersaccadic interval (ocular flutter) occurring spontaneously, with eyes open and closed, during pursuit and saccades, and mainly in horizontal than vertical direction of gaze was seen [Video 1]. Other cranial nerves were normal. Motor examination showed normal tone and muscle power with sluggish deep tendon reflexes. Sensory examination was normal. He had titubation with truncal, stance, and gait ataxia. Plantar response was mute. Other system examination showed mild hepatosplenomegaly. Complete hemogram showed low platelet count (0.76 lakh). Liver function test showed transaminitis (aspartate aminotransferase: 110 IU/L; alanine aminotransferase: 156 IU/L). Serum dengue nonstructural 1 antigen and immunoglobulin M antibodies were positive. Magnetic resonance imaging brain plain was normal. Cerebrospinal fluid (CSF) analysis was normal. He was treated with antipyretics and intravenous fluids. His fever subsided, but ocular flutter and ataxia persisted. He was given 5 days course of intravenous methylprednisolone after fever subsided. The patient had symptomatic improvement in the form that his ataxia improved and ocular flutter decreased [Video 2]. He was able to walk without support and was discharged with tapering dose of oral steroids."
PMC7370471_01,PMC7370471,Male,14.0,"A 14-year-old previously healthy boy presented with fever, headache, generalized body aches, and retro-orbital pain for 5 days duration. As he had symptoms of dengue, he underwent dengue NS1 antigen testing and blood counts on day 3 of fever. Complete blood count (CBC) revealed a platelet count of 170 x 103/cumm and white cell count of 5.7 x 103/cumm. Following NS1 antigen was detected positive, he had serial blood counts and supportive care during initial stage as guided by the general practitioner (GP). Patient was advised to have oral fluids approximately 75-100 ml per hour. On day 5 of fever, platelet count dropped to 98 x 103/cumm and white cell count dropped to 4.2 x 103/cumm, and he was admitted for in-patient observation and management. On admission to hospital, he had stable vital signs which included pulse rate of 140 beats per minute, blood pressure:100/70mmg, capillary refill time of less than 2 s, and hematocrit rise of 16.7% from baseline (42% on admission with baseline hematocrit being 36%). During initial 24 h following admission, he developed vomiting and abdominal pain but had no bleeding manifestations.
Physical examination revealed generalized flushing, right hypochondrial tenderness, 3 cm hepatomegaly, and no signs of leakage. Point of care ultrasound revealed a mild pleural effusion and thickened gall bladder wall. Investigations revealed leucopenia (2.2 x 103/cumm), thrombocytopenia (platelet count:68 x 103/cumm), and deranged liver functions (Alanine aminotransferase-88 U/L, Aspartate transaminase-124 U/L). C-reactive protein and renal functions were normal. Subsequently, he was managed as for dengue hemorrhagic fever in high dependency care unit. Platelets further dropped to the lowest count of 6 x 103/cumm on day 7. However, there were no bleeding manifestations during the course of illness. Dengue serology including both IgM and IgG were positive on day 7 of illness. He recovered on day 11 of illness with evidence of rise of platelet counts. The cell indices at discharge on day 11 were white blood cells:7.5 x 103/cumm and platelet counts:52 x 103/cumm. Follow-up was arranged with local GP to review platelet counts in 3 days and patient was also requested for a follow-up appointment at the tertiary care hospital in 2 weeks.
Platelet counts were followed up to ensure complete recovery although platelet count remained at 47 x 103/cumm at 2-week post-discharge review at the tertiary care hospital. He was subsequently admitted as in-patient for further evaluation although no significant abnormality was found. Platelet count at one-month post-discharge was 100 x 103/cumm. Unfortunately, his parents defaulted follow-up as investigations were normal apart from thrombocytopenia and the patient re-presented with multiple purpura for 1 week duration at 1-year post-discharge. The parents had managed by their own to repeat blood counts over period they defaulted clinic follow-up, and the records revealed persistent thrombocytopenia (ranged from 30 to 45 x 103/cumm).
He was investigated in-depth at this point for persistent thrombocytopenia. Average absolute lymphocyte over the period of 1 year was 3.26 x 103/cumm (based on five previous records during the period they defaulted treatment), and the latest lymphocyte count was 2.6 x 103/cumm. Erythrocyte sedimentation rate was 15 mm/1st hour. Anti-nuclear antibody, anti-double standard DNA, and anti-phospholipid antibodies were negative. Mycoplasma, influenza cytomegalovirus, hepatitis B, hepatitis C, human immunodeficiency virus, and Epstein-Barr virus serology were also negative. Past medical history was not supportive of immunodeficiency and baseline immunodeficiency screen (serum immunoglobulins and complement levels) was negative. There was no recent history of MMR (mumps-measles-rubella) vaccination or use of platelet lowering medications prior to first detection of thrombocytopenia. Blood film showed normal morphology of cells including platelets and showed only thrombocytopenia. Bone marrow examination showed megakaryocytes but was otherwise completely normal. The clinical evaluation and investigations ruled out differential diagnosis confirming the diagnosis of chronic ITP secondary due to dengue infection. Since the child had persistent thrombocytopenia for over 12 months, he was managed as for chronic ITP. The child was commenced on corticosteroids and currently being followed-up at pediatric hematology clinic."
PMC5098280_01,PMC5098280,Male,30.0,"A 30-year-old Sinhalese man was presented to us with history of high fever, head ache, generalized myalgia, arthralgia, loss of appetite, and nausea on the fourth day of the illness. He gave a history of digging a well a week before onset of fever and working at a rice paddy (exposure to leptospirosis). Leptospirosis was endemic, and a dengue epidemic was going on in his locality at that time. Six weeks ago, he developed a purpuric skin rash affecting all limbs with pruritus. After investigations including a bone marrow biopsy, a consultant hematologist has diagnosed ITP and started oral prednisolone and omeprazole. At the onset of his present illness, he has been on those drugs. He was also on topical clobetasol cream from a dermatology clinic for a patch of hypertrophic lichen planus at his left wrist. Apart from those, he was healthy.
On examination, he was not icteric or pale and had no skin rashes other than lichen planus rash. His pulse rate was 88/min, and blood pressure was 100/70 mmHg without a postural drop. Auscultation of lungs and abdominal examination was unremarkable. His oxygen saturation was 97 %.
Two most probable differential diagnoses were dengue and leptospirosis. Standard dengue fever management started, and in addition, intravenous crystalline penicillin was prescribed to cover leptospirosis. His skin sensitivity test for crystalline penicillin became positive. Hence, it was substituted with oral doxycycline, and prednisolone and omeprazole were continued.
Since his myalgia and arthralgia did not respond to oral paracetamol (acetaminophen) given pro re nata, a regular dose of oral tramadol was added. Oral calcium lactate was given from day 5 of the illness. On the seventh day of the illness, both dengue IgM and IgG were positive. Doxycycline was discontinued thereafter.
Table 1 summarizes his laboratory investigation results. 
His fever subsided after the sixth day of illness and never recurred. He developed marked flushing of the skin and conjunctival injection after the fifth day of illness that improved by the tenth day but never had any purpura or other bleeding manifestations; daily tourniquet tests were also negative during his hospital stay. He was sent home after 8 days and reassessed once and advised to continue to attend his hematology clinic. One week after discharge, his white cell count was 7.68 x 109/l (neutrophils 72.7 % and lymphocytes 23.4 %), hemoglobin level was 14.9 g/dl with a hematocrit of 43.9 %, and the platelet count has risen to 97 x 109/l. We did fasting blood sugar level test as well as he has been on steroids and it was also normal (4.1 mmol/l).
We discussed the relevant issues under four subheadings.
A dengue epidemic was going on in his locality when he presented. His symptoms and signs were compatible with dengue. His laboratory reports also favor diagnosis of dengue (leucocytopenia, invertion of neutrophils to lymphocyte ratio on the seventh day of illness and again reversing, serial changes of his platelet count, serial changes of his hematocrit). Finally, positive dengue IgM and IgG tests confirmed the diagnosis. Infection with other flavoviruses can give false positives in IgM and IgG tests. Japanese encephalitis (JE) is the other flavovirus disease in Sri Lanka, and it is rare. JE is very rare in the central hill country where the patient lives and he has never traveled abroad and never got vaccinated against JE. Considering all, we can conclude this as a dengue case.
Past studies from Sri Lanka and other countries show that in children with dengue, there is little correlation between platelet count and bleeding manifestations. One study involving adult dengue patients demonstrated platelet counts <5 x 109/l and hematocrit >50 % were significantly associated with bleeding manifestations. Another study suggested that bleeding occurred more often when platelet counts <20 x 109/l that necessitate platelet transfusion. However, one study done on adult dengue patients demonstrated no correlation between clinical bleeding and platelet count, and one third of their nonbleeding patients had counts <20 x 109/l. Before starting prednisolone, our patient had a purpuric rash although his platelet counts were higher. His platelet count did not drop below those risky levels, and the lowest was 20 x 109/l in the morning of the eighth day of illness but quickly improved without any bleeding manifestations. The above evidences explain why he did not bleed.
We wondered what prevented his platelet count dropping too low. The most likely possibility is he got a less severe form of dengue hemorrhagic fever (DHF). We speculate whether prednisolone he was on also might have helped him. Some of us and many other doctors known to us have used prednisolone, hydrocortisone, and methyl prednisolone to manage severe dengue, and in fact, some of us were treated with steroids as dengue patients in the past. There was a debate within the Sri Lankan medical fraternity of the use of steroids in dengue, and present dominant view is steroids are not beneficial. Complying with the latest national guidelines, we also have stopped using them except for especial cases like in this patient. Thrombocytopenia and capillary leakage (the corner stone of severe dengue), both are mainly resulting due to immune mechanisms. Temporary reversible disruption of the surface glycocalyx, a lining in the vascular endothelium that regulates microvascular filtration, is attributed to transient capillary leakage in dengue. Immune mechanisms play a role in increased peripheral destruction of platelets and impairment of platelet functions in dengue. Steroids blunt both innate and acquired immunity mechanisms responsible for these changes. There are evidences indicating that steroids modulate the function of the endothelial glycocalyx and may prevent damage to this layer. We generally expect steroids to compromise immunity and favor viral replication. Viral load was correlated to severity of dengue in the past studies. However, a laboratory study has shown that corticosteroids do not increase dengue viral replication in cell culture. A randomized, placebo-controlled, blinded trial also showed that both low-dose and high-dose prednisolone therapy during viremic phase of dengue is not associated with prolongation of viremia or other adverse effects. Nevertheless, this study did not show any benefits of prednisolone in preventing severe thrombocytopenia, shock or other complication of dengue as well. Another placebo-controlled study employing sealed envelope randomization done in Sri Lanka showed low-dose intravenous dexamethasone was not effective in achieving a higher rise of platelet count in dengue infection. According to the Cochrane review, there is insufficient evidence to evaluate the effects of corticosteroids in dengue at present. However, the only other similar reported case who was also on steroids at the onset of fever and continued to receive steroids like our patient recovered after only having petechial hemorrhages. His platelet count also did not fall <20 x 109/l, and those authors mention that they contemplated to increase steroid dose in the case of bleeding or platelet counts dropping below that level. Hence, steroids may be beneficial, at least unlikely to be harmful in treating dengue in diagnosed ITP patients when we consider above evidences. However, available evidences on the subject are inadequate to come to a reasonable conclusion."
PMC5098280_02,PMC5098280,Male,11.0,"An Indian boy who was also on steroids at the onset of dengue and continued to receive steroids like our patient recovered after only having petechial hemorrhages. Other reported cases are from Americas. They were managed in different ways such as high doses of corticosteroids, intravenous immunoglobulins (IVIG), IVIG with steroids and platelet transfusion, and platelet and other blood product transfusion. One 11-year-old Brazilian girl died. Others recovered, and unlike our patient, most of them have previously undergone splenectomy. Some past studies indicate patients undergone splenectomy may be less susceptible to development of severe forms of dengue. However, all of them had bleeding manifestations unlike our patient. Innate immunity and both humoral and cell-mediated immune processes are known to contribute to the pathogenesis of dengue hemorrhagic fever. Unlike IVIG, steroids blunt all those immune processes. That might be a reason for no bleeding of our patient and minimal bleeding manifestations of the Indian boy. Nevertheless, some other reported patients received steroids also had bleeding, but steroids were started late in them.
It is interesting to note one Cuban patient was treated symptomatically, and there was a steep transient rise of platelet count much above her baseline level on the 15th day after onset of fever. Our patient's platelet count did not show such a rise. Persistence of thrombocytopenia (or onset of ITP) after dengue infections were also reported. In contrast, our patient's platelet count improved in days."
PMC4327404_01,PMC4327404,Female,54.0,"A 54-year-old female was referred to our department with blurred vision and metamorphopsia in her left eye following the diagnosis of DF 2 weeks earlier. She presented all classic systemic symptoms of DF with a papular rash over her arms and hands followed by fever, headache, retro-orbital pain and myalgia. A systemic workup revealed a thrombocytopenia, and a real-time PCR for the dengue virus type 2 was positive, confirming the diagnosis of DF. Noteworthy, she reported 2 previous episodes of DF in 2009 and 2011. Her best-corrected visual acuity (BCVA) was 20/20 in the right eye and 20/150 in the left eye. An anterior segment examination showed no abnormalities. Ophthalmoscopy revealed subretinal fluid and focal hemorrhage in the macula of the left eye (<PMC4327404_cop-0006-0018-g01_a_1_4.webp>). A fluorescein angiography (FA) showed a hyperfluorescent lesion with well-defined borders and active leakage consistent with classic CNV (<PMC4327404_cop-0006-0018-g01_b_2_4.webp>). A spectral domain OCT [SD-OCT; Spectralis OCTTM (Heidelberg Engineering, Heidelberg, Germany)] revealed subretinal fluid and focal hyperreflective material in the subretinal space as well as an area with small retinal pigment epithelium (RPE) detachments (<PMC4327404_cop-0006-0018-g01_c_3_4.webp>). The patient was referred to receive 3 monthly intravitreal injections of ranibizumab (Lucentis; Novartis, Basel, Switzerland, and Genentech, Inc., South San Francisco, Calif., USA). After this loading dose, her BCVA improved to 20/25 in the left eye, and there also was a marked anatomical improvement (<PMC4327404_cop-0006-0018-g01_d_4_4.webp>). After 6 months, her BCVA was still 20/25 in the left eye and the SD-OCT remained without any signs of active CNV. Two years later, the patient again presented to our service complaining about a reduced VA in her left eye. The BCVA was 20/30 and the FA showed a leaking lesion temporal to and another site of leakage inferior to the fovea. Indocyanine green angiography revealed focal hot spots in these areas (<PMC4327404_cop-0006-0018-g02_a_1_4.webp><PMC4327404_cop-0006-0018-g02_b_2_4.webp>). SD-OCT showed marked subretinal fluid, an increased extension of RPE detachments and RPE discontinuity, discrete intraretinal cysts and hyperreflective subretinal material (<PMC4327404_cop-0006-0018-g02_c_3_4.webp>). The patient underwent 2 monthly intravitreal injections of ranibizumab with functional and anatomical improvement. The BCVA improved to 20/25, but there was persistence of fibrovascular RPE detachment (<PMC4327404_cop-0006-0018-g02_d_4_4.webp>). Six months later, her VA had returned to 20/20 and OCT showed an absence of disease activity. Regular follow-up visits were recommended."
PMC10440106_01,PMC10440106,Male,16.0,"A 16-year-old boy presented to the emergency department with complaints of dizziness, syncope, weakness, and fatigue. He was drowsy and had a blood pressure of 100/60 mmHg, pulse rate of 20 bpm, and oxygen saturation of 95%. He was febrile with a temperature of 37.7 C. Systemic examination was unremarkable, and his Glasgow Coma Scale score was 15/15. An urgent electrocardiogram (EKG) showed complete AV dissociation and ST segment depressions in leads I, II, and avL (Figure 1(a)). Atropine 1 mg IV was given, and an infusion of normal saline was started for hemodynamic support. A repeat ECG did not show any improvement. No history of using rate-limiting drugs was found. Subsequently, the patient was transferred to the cardiac cath lab, and a temporary pacemaker (transvenous) was placed. A paced rhythm was achieved, and the rate was set to 75 bpm (Figure 1(b)). The patient improved after that. Further history revealed that 6 days ago, the patient was taken to another hospital due to continuous high-grade fever, severe body aches, and an episode of epistaxis. He had stable vital signs. Apart from routine investigations, dengue serology was ordered which came out positive. There he was treated with IV paracetamol, antibiotics, and fluids. The patient refused hospital admission and was sent home on symptomatic treatment and necessary advice. We performed serial investigations that are shown in Table 1.
His dengue IgM was again positive, and confirmatory dengue polymerase chain reaction showed DENV-2 serotype. The patient was commenced on IV antipyretics, IV cefoperazone-sulbactam 2 g twice daily, and fluids. Platelets were transfused due to low platelets count and an episode of epistaxis and hematemesis on one occasion. Serial troponin-I, CK-MB, ESR, CRP, and LDH levels remained persistently elevated. The patient's blood culture, malarial antigen, typhoid serology, influenza virus, COVID-19, and diphtheria testing were negative. During hospitalization, he experienced only mild shortness of breath but no chest pain. His ejection fraction, systolic function, and valve anatomy were normal with no evidence of congenital heart disease on the echocardiogram (Figure 2). Based on the ECG findings and unusual cardiac enzymes changes, a clinical diagnosis of dengue myocarditis with CHB was made. A cardiac MRI was in the plan but contraindicated due to the temporary pacemaker (TPM) in place, so it could not be done. The family refused an endomyocardial biopsy. The patient remained TPM dependent for 1 week (Figure 1(c)) with no return of normal spontaneous rhythm. Ultimately, it was decided to place a permanent pacemaker. Unfortunately, the night before the surgery, the patient collapsed suddenly and died despite resuscitative efforts."
PMC9957551_01,PMC9957551,Female,53.0,"A 53-year-old morbidly obese female with a history of hypertension presented to the emergency department (ED), with a sudden onset of loss of consciousness, left-sided weakness, and altered sensorium for two days, which was associated with high-grade fever and vomiting. At admission, she was unconscious (Glasgow coma scale, or GCS, score = 5); had tachypnea (respiratory rate, or RR, 30-35 minute-1), tachycardia (heart rate, or HR, 114 bpm), and blood pressure (BP) 153/90 mmHg; was maintaining oxygen saturation of 94% to 94% (on room air) on spontaneous respiration; and was passing urine output around 40-50 mL/hour. Given airway protection, tracheal intubation was performed immediately. Post intubation, the GCS was 6. Noncontrast computerized tomography (NCCT) of the brain revealed right basal ganglia bleeding with intraventricular hemorrhage (Figure 1).
Then she was transferred to ICU, where cerebral protection strategy (head-up position, neck in a neutral position, osmotic diuretics, mean arterial pressure (MAP) 85-90 mm Hg, normoxia, normocarbia, euglycemia, normothermia, and maintenance of sodium (Na+) levels between 145 and 155 mEq/L) and further supportive care was initiated. Laboratory evaluation at admission is summarized in Table 1. Electrocardiography (ECG) showed sinus tachycardia. Chest X-ray (CXR) was normal.   
After a few days of ICU admission, she started spiking high-grade temperature (core temperature as high as 106-107  F), which was associated with rhabdomyolysis (serum creatine kinase (CK-total) = 10,000 IU/L), stage III acute kidney injury (AKI, requiring five sessions of renal replacement therapy), and coagulopathy (requiring blood component therapy). On workup, cultures turned out to be sterile. Other possibilities of hyperthermia (such as drug toxicity) were ruled out. NCCT head was repeated, which did not reveal any hematoma expansion. Workup for COVID-19 was also negative. On account of a history of fever with chill and myalgia around a week before ED admission, a tropical workup was sent for malaria, typhoid, leptospirosis, dengue, chikungunya, and scrub typhus, in which serology (IgM antibodies) for dengue turned out to be positive. Gradually, the temperature trends, renal functions, and coagulopathy recovered. In intercurrent issues, she had septic shock (secondary to ventilator-associated pneumonia and grade IV pressure injury in the sacral region) and neuromuscular weakness, resulting in prolonged weaning. Eventually, the patient was discharged after six months of ICU stay in tracheostomized condition, with a GCS score of 9, accepting Ryle's tube feeding and passing adequate urine output."
PMC4046007_01,PMC4046007,Male,55.0,"A previously healthy 55-year-old man with no prior known cardiovascular disease was admitted with fever and arthralgia of five days. The patient had a temperature of 39 C and had an irregular pulse with a heart rate of 78 beats per minute. His blood pressure was 130/80. He had no other significant findings on examination. A 12-lead electrocardiogram showed ventricular trigeminy (<PMC4046007_1755-7682-7-28-1_A_1_2.webp>).
The laboratory findings were: haemoglobin of 16.5 g/dL, a hematocrit of 48.1% and a white blood cell count of 3,100/mm3. The platelet count was 95,000/mm3, reduced to 70,000/mm3 on the following day and 55,000/mm on the 5th day. Other laboratory findings were potassium 4.6 mmol/L, sodium 135 mmol/L, magnesium 1.5 mg/dL, calcium9.6 mg/dL, creatine kinase 451U/L, CPK-MB fraction 20U/L, troponin <0.5 ng/mL, myoglobin 34.7 ng/mL, creatinine 1.2 mg/dL, urea 33 mg/dL, C-reactive protein 0.64 mg/dL, erythrocyte sedimentation time 38 seconds, serum aspartate tranaminase 187U/L and serum alanine transaminase 88.2U/L. Urine full report was normal. The transthoracic echo revealed a hypokinetic apex with an ejection fraction of 50% and evidence of dengue myocarditis. The serum IgM was positive for dengue and the serum IgG was negative.The following day, the pulse became regular and ECG showed sinus rhythm with no tachycardia (<PMC4046007_1755-7682-7-28-1_B_2_2.webp>). The platelet count became normal and the patient had no arrhythmias on discharge on day 7.
The patient underwent a repeat ECG and Echocardiogram two months later. They were both normal. The Echo showed EF > 60% and there were no hypokinetic segments."
PMC9972053_01,PMC9972053,Male,34.0,"A 34-year-old male patient returned to a rural region of Colombia on 17 December 2020, from Africa, where he lived for 10 months in the city of Gul, Uganda. He went to the emergency room on 26 December 2020 due to 10-day history of fever, holocranial headache, myalgia, arthralgia, and retroocular pain associated with sudden onset epistaxis and choluria. Physical examination revealed blood pressure 110/80 mmHg, heart rate 89 beats/minute, respiratory rate 16 breaths/minute, temperature 39 C, oxygen saturation 97% room air, cold and sweaty skin without jaundice or skin lesions, with adequate ventilatory dynamics, with hepatosplenomegaly 5 cm below the costal margin, and without any neurological compromise.
Laboratory analysis showed anemia (hemoglobin 10 g/dl reference value 12-14 mg/dl), thrombocytopenia (platelets 97 000/mm3 reference value 150 000-400 000/mm3) and abnormal serum transaminase. Various laboratory investigations were conducted to exclude any other likely cause of the fever and presence of an infection, including those for hepatitis B surface antigen and hepatitis C antibody, both came out normal. Serologic tests for dengue performed on the acute-phase serum (collected 10 days after onset of symptoms) showed the presence of immunoglobulin (Ig) M (titers 1:800) and IgG (titers 1:400; Table 1). Diagnosis of dengue virus infection with warning signs (Group B) was made and admitted to hospitalization for management with intravenous hydration, antipyretic, and total abdominal ultrasound. Ultrasound scan shows pleural effusion in addition to moderate free fluid in the peritoneal cavity surrounding urinary bladder and gallbladder wall thickening, hepatomegaly, splenomegaly, and pleural effusion. A 72 hours after admission, the patient persisted with fever and presented a decrease in hematocrit (34.4%) with an increase in hemoglobin 12 g/dL and platelets to 137 000/mm3 (Table 1).
Although dengue virus infection had been diagnosed, parasitic tests were performed because the patient had returned from an endemic country with persistent prolonged febrile syndrome, a thick and thin blood smear stained with Giemsa was performed and revealed the characteristic intraerythrocytic ring forms of Plasmodium falciparum (trophozoites: a total of 215 000 parasites/mul, parasitemia index of 2.3% and gametocytes), which confirmed the diagnosis of malaria as uncomplicated. Antimalarial management was started with artemether-lumefantrine 20/120 mg twice a day for 3 days. To rule out false positives, the asexual parasites load was performed on the peripheral blood smear and MAC-ELISA (considering more than 5 days illness) was positive for dengue virus type 2 (DENV-2). The MAC-ELISA is based on capturing human IgM antibodies on a microtiter plate using anti-human-IgM antibody followed by the addition of dengue virus antigens. The antigens used for this assay are derived from the envelope proteins of the 4 dengue virus serotypes (DENV-1-4). Considering IgG detection by ELISA in a single serum sample is not useful for diagnostic testing because it remains detectable for life after a dengue virus infection, the patient was asked if he had had dengue infection before, which he denied, and IgG was negative. Therefore, a diagnosis of concurrent malaria and dengue infection was established.
The patient completed antimalarial treatment with clinical and paraclinical improvement, afebrile, without new episodes of epistaxis or obvious bleeding, without skin lesions or jaundice, normalization of platelets and transaminases with normal total abdominal ultrasound. PCR (molecular test) was performed to confirm the presence of dengue virus in the blood, being positive. After 7 days at hospital, he was fully discharged."
PMC4759997_01,PMC4759997,Female,15.0,"A 15-year-old previously healthy girl came to our hospital because of history of 7 days duration of high-grade fever. She also had complaints of arthralgia, back pain, and myalgia. On examination, she was febrile, and there were no rashes, petechiae, hematuria, hematemesis, or hemoptysis. The blood pressure was 120/80 mmHg, pulse rate 102 beats/min, respiratory rate 18 breaths/min, and temperature was 38.4 C by axilla. Cardiovascular and respiratory system revealed no significant abnormality. Hematology revealed pancytopenia with a hemoglobin level of 8.8 g/dL, leukocyte count 1510/mm3 with differential count of 43.1% neutrophils, 47% lymphocytes, 4.6% monocytes, and 4.6% eosinophils, and platelets were 19,000/mm3. Serum bilirubin was 1.03 mg/dL, alanine aminotransferase 294 IU/L, aspartate aminotransferase 145 IU/L, and lactate dehydrogenase was 461 IU/L. Renal function tests, electrolytes, chest X-ray, and electrocardiogram were within normal limit. NS1 antigen and IgM antibodies were positive for dengue virus. She tested negative for malaria, HIV, hepatitis B surface antigen, hepatitis C virus, and chikungunya. Urine analysis was sterile. Ultrasonography showed mild bilateral pleural effusion, mild ascites, mild hepatomegaly, and marginal splenomegaly. The serum triglyceride level was 377 mg/dL, serum ferritin >2000 ng/ml, and plasma D-dimer was high. Bone marrow aspiration showed mild hypocellular marrow with increase in macrophages and monocytes activity. Few macrophages were seen with engulfed platelets and neutrophils within it.
The diagnosis of DF with hemophagocytic syndrome was confirmed by evidence of fever with positive serological tests, hypertriglyceridemia, hyperferritinemia, splenomegaly, and bone marrow hemophagocytes. She was treated with intravenous fluids and antipyretics. We discharged her on the 10th day in hemodynamically stable and afebrile condition with normal hematological parameters."
PMC3425248_01,PMC3425248,Male,28.0,"A 28-year-old man working in a local factory was admitted to the Department of Medicine with the diagnosis of acute dengue infection from where he was referred to the Psychiatry outpatient department of the University College of Medical Sciences and associated Guru Tegh Bahadur Hospital with the complaint of altered behavior.
Detailed psychiatric evaluation was performed. There was reported history of talking more than usual, feeling happy, increased activity, increased self-confidence, decreased need for sleep, and food, irritability, outbursts of aggression with grandiosity for a period of 5 days. Three days prior to onset of psychiatric illness, he developed fever (40.6 C) associated with severe headache, transient spells of altered consciousness, generalized body ache, anorexia, and occasional vomiting. There was no history of neck rigidity, photophobia, seizure, and covert or overt bleeding. General and systemic examinations were unremarkable. The patient's blood pressure and pulse rate were 114/76 mm Hg and 110-120 per minute respectively. Investigations were done on the third day of fever. His IgM ELISA for dengue was positive; other investigations revealed a platelet count of 26,000/mul, total leukocyte count: 5400/cmm with lymphocytes 46%. Blood electrolytes, blood sugar, lipid profile, and renal function tests were within normal range. Liver function tests were also normal except for aspartate transaminase (258 IU/ml) and alanine transaminase (366 IU/ml). The blood smear was found to be negative for malarial parasite. Prothrombin time was 13 seconds but bleeding time was increased (9 minutes). He was diagnosed as a case of dengue fever with thrombocytopenia. The patient received three units of platelet concentrates transfusion and was kept under observation and received only supportive therapy.
On the third day of dengue fever, the patient exhibited discernable symptoms (mentioned above) of a manic episode. His past, personal, and family history was noncontributory. Mental status examination revealed a young man of average built, wearing bright yellow colored shirt and green trousers with a pink hat with a string of beads round his neck. He appeared authoritative. While talking, it was difficult to interrupt him. He refused to sit despite being requested to do so by the examiner. He continued to move about in the examination room chanting some mantras and in between making claims of possessing special superhuman abilities like ability to engulf the sun, to trap the air, so on and so forth. No amount of explanation could shake him off his grandiose delusions rather it increased his irritability. There was no evidence of any formal thought disorder. Higher mental functions were found to be within normal limits. His abstract thinking was intact on formal assessment. The judgment was found to be impaired with insight of grade 1. His young mania rating scale (YMRS) score was 29. Mini Mental State Examination revealed no cognitive impairment with score of 28/30. Computed tomography scan of the head was found to be normal. He was started on tablet divalproex sodium 1500 mg/day and risperidone 6 mg/day to which he responded successfully within 3 weeks. Subsequent blood investigations conducted on day 18 of admission were within normal limits and he was followed up in the outpatient department of psychiatry for 3 months and did not develop the symptoms of mania."
PMC4395956_01,PMC4395956,Female,0.0,"Case one was a 5-month-old female who presented with fever of 10 days with multiple episodes of seizures and petechial spots over trunk and both limbs. Her platelet count was low and dengue IgM was positive. The second case was a 11-year-old female who presented with altered sensorium and multiple episode of blood mixed vomiting with fever of 1-day duration. Her dengue NS1 was positive, and CSF examination was normal.
All five cases were given intravenous fluids as per WHO guidelines. All five were discharged successfully without having any residual morbidity."
PMC3825978_01,PMC3825978,Male,13.0,"A 13-year old male with no previous medical history presented to the surgical unit of the University Hospital of the West Indies with a 3-day history of abdominal pain that began in the epigastrium but later became localized in the right iliac fossa. The pain was associated with several bouts of vomiting. There was no diarrhoea, joint pain, or petechial rash.
Physical examination revealed a temperature of 38  C, pulse rate 109 min-1 and normal blood pressure. Examination of the abdomen revealed marked tenderness in the right iliac fossa with mild guarding.
Complete blood count revealed thrombocytopenia (platelet count 119 x 106 mm-3) and leucopenia (white blood cell count of 2.1 x 106 mm-3). Haemoglobin and haematocrit were normal. An abdominal ultrasound was performed and showed a small fluid collection in the right iliac fossa, however the appendix was not identified. There was normal peristalsis of bowel loops.
The patient was observed for 24 h in hospital and was noted to have worsening right iliac fossa pain and leucopenia on the second day. Examination at that time revealed marked right iliac fossa tenderness in keeping with a diagnosis of acute appendicitis. Because the signs were thought to be typical of appendicitis diagnostic laparoscopy was not deemed necessary and an appendicectomy performed via a Lanz incision, at which time a normal appendix was found with multiple enlarged mesenteric lymph nodes. Lymph node biopsy was not done.
Repeat blood investigations again showed bicytopenia with platelet count of 99 x 106 mm-3 and a white cell count of 2.3 x 106 mm-3.
Dengue fever was suspected and was confirmed with a positive IgG and IgM enzyme-linked immmunoabsorbent assay.
The histology of the appendix showed no gross abnormality. The patient received supportive care, which included analgesics, bed rest and fluid therapy and made an uneventful recovery. Repeat blood investigations one week later were normal.
The patient was seen one year later in the outpatients department at which time blood results were repeated and were normal."
PMC8250497_01,PMC8250497,Unknown,2.0,"Respiratory syncytial virus (RSV) is a ubiquitous virus and a major cause of hospitalisation of young children worldwide, causing up to around 200,000 deaths in children under five per year, primarily in low-income communities   . The first infection with RSV is usually the most severe, typically causing the clinical syndrome of bronchiolitis (lung inflammation and congestion). In more severe cases, RSV causes respiratory failure and death. Naturally acquired immunity to RSV wanes over time, and individuals are commonly re-infected many times throughout their lives despite prior infection. It is increasingly recognised that RSV results in significant mortality among older adults, despite numerous prior infections and some degree of immunity   .
There is currently no licensed vaccine for RSV (although at least one is in phase III clinical trials) in part because RSV vaccine research was impeded by the occurrence of a high-profile case of VED. In 1966, an experimental RSV vaccine studied in toddlers resulted in many severe cases of what was termed 'enhanced respiratory disease' (i.e., more severe lung inflammation and respiratory failure) among child participants subsequently exposed to wild-type RSV, including the death of two toddlers. This led to extreme caution regarding further RSV vaccine research   .
Thorough investigation of human cases and preservation of stocks of the 1966 vaccine informed the development of an animal model that closely replicates RSV VED   . This has provided opportunities for research on the pathogenesis of RSV VED as well as the prospective testing of future RSV vaccines against the model to ensure that they do not cause similar pathology. Although animal models have identified VED in vaccines which, as a result, did not proceed to human trials   , earlier animal models (before RSV VED was identified) had failed to detect this risk. This highlights the limitations of animal models in eliminating the risk of VED (among other adverse effects).
 Staphylococcus aureus is a common species of bacteria found on the skin and upper respiratory tract. Around 30% of the world's population carries S. aureus, usually without symptoms, yet it causes up to 600 total infections and 30-40 invasive infections, (i.e., with septicaemia, abscess, or vital organ involvement) per 100,000 person-years  -  , with a particularly high incidence noted among hospitalised patients, resulting in significant morbidity and mortality  ,  . Early reinfection is common after one episode of clinical S. aureus disease (particularly in patients with risk factors for invasion)    and immunity to S. aureus is incompletely understood as antibodies to the bacteria are both ubiquitous and insufficient to prevent reinfection   . Moreover, the prevalence of resistant S. aureus is increasing worldwide, and WHO has identified methicillin-resistant S. aureus as a high priority resistant pathogen for which better control methods are urgently needed.
Of the 15 antigenic targets for a S. aureus vaccine identified in pre-clinical studies, none have resulted in effective human vaccine targets, despite three candidate vaccines reaching phase IIB/III trials  -  . One of these candidates (non-adjuvated IsdB) was associated with a five-fold increase in the mortality of patients with S. aureus infection occurring after cardiothoracic surgery (from 4% to 26%). This apparent VED was not seen in pre-clinical mouse challenge studies of the IsdB vaccine or phase I/II trials of healthy volunteers  ,  . Post-hoc analyses of the trial subjects experiencing S. aureus infection suggested that individuals with particular pre-vaccination cytokine signatures (low serum IL-2 and/or IL17a) experienced high infection-related mortality after vaccination (but not after placebo administration), but the mechanisms of this case of VED remain poorly understood.
A subsequent large phase III trial of another candidate vaccine aimed at enhancing opsonophagocytic killing of S. aureus was not associated with VED in high-risk patients, despite very similar preclinical observations and lack of overall efficacy  ,  . This serves to underscore the unpredictability of VED in late-stage trials, especially for pathogens with complicated and incomplete human immunity.
Dengue is a vector-borne arboviral disease caused by four related strains of dengue virus. Dengue causes millions of cases per year in endemic areas, and increasing numbers of people are at risk   . A key feature of dengue is that while first infection is often mild or asymptomatic, second infection (with a different strain to the first infection) is the most likely to be severe, especially if the antibody response to first infection has waned to a certain level, potentiating antibody-dependent disease enhancement   . Severe dengue occurs in approximately 2-5% of secondary infections and sometimes results in death   . Third and subsequent infections (with any strain) are typically mild or asymptomatic.
A 2015 study of an experimental tetravalent dengue vaccine (known as CYD-TDV) which enrolled children in endemic areas revealed that the vaccine was, overall, associated with a 60% reduction in symptomatic dengue. However, in some younger children, the vaccine was associated with increased risks; for example, vaccinated children aged 2-5 in the Asia-Pacific arm of the trial were 7.45 times more likely to be hospitalized with severe dengue than those in the control group   . At the time, it was thought that the most likely reason for higher risks in some children was that the live vaccine primed the immune system in a similar way to a first dengue infection among those who had never been infected (seronegative children). When these individuals then had a naturally-acquired wild-type infection after being vaccinated, this resulted in 'secondary-like' VED (i.e., more likely to be severe). Not every person in an endemic area is exposed to dengue every year, and it can take several years before children are infected for the first time, i.e., before 'seronegative' individuals become 'seropositive'. In older age groups in endemic areas, the majority are seropositive - and seropositive people (particularly those who have only been infected once before) appear to benefit from CYD-TDV vaccination.
In contrast to the cases discussed above, there is therefore good reason to think that CYD-TDV could provide net public health benefits, either by vaccinating only seropositive individuals or by vaccinating highly seropositive populations (although this strategy exposes a minority of individuals to a risk of VED). Public health modelling suggested that widespread use of CYD-TDV in populations with high proportion of seropositive individuals could reduce the burden of dengue disease by 10-40% over 10 years  1 . The vaccine was approved by WHO's Strategic Advisory Group of Experts (SAGE) for use in children over the age of nine in endemic areas where the proportion of seropositive individuals was greater than 70%. The vaccine was initially rolled out without routine pre-vaccination serological testing (due to economic and technical constraints   ) but with a plan to seek further data regarding the elevated risk in seronegative individuals   .
In contrast to the hypothesis that dengue VED was merely akin to secondary dengue infection, researchers not involved in the development of the vaccine estimated that CYD-TDV VED was up to 3.5 times more (likely to be) severe than usual secondary dengue infection   . These authors recommended in 2016 that CYD-TDV vaccination be restricted to seropositive individuals ""regardless of inconvenience or cost.""  ,  . Later, controversy ensued because after vaccination campaigns had begun, results confirming the risk of VED among seronegative individuals were published. In the Philippines, where over 800,000 children had been vaccinated, the controversy resulted in political uproar and a decline in confidence regarding vaccines in general  ,  .
Subsequently, SAGE convened a working group including an ethicist. The group proposed a change of policy to restrict the use of CYD-TDV to seropositive individuals, in whom there was clear evidence that the vaccine was safe and effective   . However, this resulted in significantly less public health use of the vaccine, because there is still no cost-effective serology testing strategy that could be used routinely to guide dengue vaccination strategies in endemic areas. It is likely that many thousands of seronegative individuals in endemic areas were vaccinated with CYD-TDV prior to the revised policy, and these individuals face a risk of VED if infected after vaccination. The true burden of CYD-TDV VED is difficult to estimate because seronegative individuals were not identified at the time of vaccination and because although it is known that the risk of VED persists for several years, the longer-term risks are poorly characterised."
PMC9724064_01,PMC9724064,Male,25.0,"A 25-year-old man presented with a 5-day history of high-grade fever, chills and one episode of vomiting. On admission, he had a single seizure episode, followed by an altered sensorium and deteriorating neurological status. He also had an erythematous macular rash over his body. The patient tested positive for dengue non-structural (NS1) antigen and immunoglobulin M (IgM) dengue antibody, while the test for dengue immunoglobulin G (IgG) antibody was negative. The haematological investigations at the time of presentation revealed a reduced haemoglobin (7 gm/dL) and thrombocytopaenia with a platelet count of 60 000/microl, which reduced to 40 000/microl over the subsequent two days. The platelet count steadily improved thereafter and was 80 000/microl on the sixth day.
CT imaging of the brain (Figures 1a-c) revealed ill-defined symmetrical bilateral hypodensities in the thalami, cerebellar white matter and bilateral frontal subcortical and deep white matter. Tiny hyperdense haemorrhagic foci were observed within some of these hypodense areas (Figure 1c). Repeat CT Brain imaging (Figures 1d-f), performed a day later due to the patient's clinical deterioration, revealed an increase in the haemorrhagic foci with intraventricular extension, obstructive hydrocephalus and generalized cerebral oedema.
MRI of the brain (Figures 2a-i) performed on the second day of admission revealed multiple, bilaterally symmetrical, hyperintense areas on fluid attenuated inversion recovery (FLAIR) and T2-weighted images involving the thalami, cerebellum, bilateral frontal and parietal subcortical and deep white matter, with patchy restricted diffusion at diffusion-weighted imaging (DWI) and apparent diffusion coefficient (ADC) (Figure 2g). Multiple internal foci of blooming were seen on gradient recalled echoplanar (GRE) images, representing haemorrhages (Figures 2h and 2i).
A diagnosis of dengue-associated haemorrhagic encephalitis was made based on the clinical presentation, imaging and laboratory findings."
PMC9724064_02,PMC9724064,Male,10.0,"A 10-year-old male presented with a 12-day history of high-grade fever and chills. He also had headaches, retro-orbital pain and occasional episodes of vomiting. He developed an acute onset of right upper and lower limb weakness five days later, followed by weakness of the left upper limb and a decreased level of consciousness. Haematological investigations revealed a platelet count of 80 000/microl with anti-dengue positive IgM and negative IgG status. Dual antigen for malaria and serology markers for Japanese encephalitis and herpes simplex virus (HSV-1) were negative.
Brain MRI revealed multiple patchy hyperintense areas on T2-weighted and FLAIR images in the left temporoparietal lobe and bilateral cerebellar hemispheres, involving the cortex and subcortical white matter, the body of the corpus callosum and the lower medulla (Figures 3a-e). The lesions showed no diffusion restriction and no enhancement on post-contrast T1FS images (Figure 3f). MRI screening of the spine revealed T2 hyperintense signal in the inferior part of the medulla, at the cervicomedullary junction and spinal cord up to the C3 vertebral level as well as in the terminal dorsal cord and conus medullaris from the T11 to the L1 vertebral level (Figure 4a-c).
A diagnosis of acute disseminated encephalomyelitis (ADEM) secondary to dengue infection was made based on the clinical history, laboratory findings and typical MRI findings."
PMC9724064_03,PMC9724064,Male,20.0,"A 20-year-old male presented with a 1-day history of fever, chills and severe vomiting, associated with myalgia, frontal headache and arthralgia. He tested positive for dengue NS1 antigen and was dengue IgM positive on the second day of fever. The patient progressed to a lower level of consciousness over 12 h after admission.
Brain MRI revealed an oval-shaped lesion in the splenium of the corpus callosum, which was hyperintense on T2-weighted and FLAIR images and showed no post-contrast enhancement (Figures 5a-c). The lesion revealed increased signal on diffusion imaging with corresponding low values on ADC and no blooming on GRE images (Figures 5e-f).
The patient was managed conservatively with intravenous fluid, antipyretics and close clinical monitoring. He recovered completely and was released from the hospital on the 14th day of his illness. A follow-up MRI revealed complete resolution of the splenial lesion. A diagnosis of transient lesion of the splenium of corpus callosum, also known as reversible splenial lesion syndrome (RESLES), was made."
PMC9724064_04,PMC9724064,Male,55.0,"A 55-year-old male presented with a 1-day history of left hand and right leg weakness, slurred speech, occipital headache and giddiness. He also had a single episode of convulsions. He reported intermittent high-grade fever with chills five days prior to presentation and was subsequently diagnosed with dengue fever with a platelet count of 75 000/microl. The patient was normotensive with no recent trauma or bleeding from any site.
MRI of the brain revealed a well-defined crescent-shaped extra-axial collection overlying the right cerebral convexity which appeared iso to hyperintense on T1-weighted and FLAIR images and of mixed signal intensity on T2-weighted images (Figure 6a-f). The collection demonstrated blooming on GRE images, suggestive of an acute to subacute subdural haematoma (Figures 6g and 6h).
A diagnosis of spontaneous subdural haematoma secondary to dengue virus fever was made."
PMC9724064_05,PMC9724064,Female,10.0,"A 10-year-old female presented to our hospital in a drowsy state with a history of intermittent moderate-grade fever for four days, not associated with chills or rigor. Her blood pressure was 96/66 mm Hg on admission. She tested positive for NS1 antigen and had a platelet count of 35 000/microl. No rashes or bleeding manifestations were present.
MRI of the brain demonstrated multiple, symmetrical, patchy hyperintense areas on T2-weighted and FLAIR images in both temporo-occipital lobes and to a lesser extent in the frontoparietal regions, involving the cortex and subcortical white matter (Figures 7a-f). These areas revealed no diffusion restriction, no blooming on GRE images and no post-contrast enhancement (Figures 7f-i).
Based on the clinical and imaging findings, posterior reversible encephalopathy syndrome (PRES) and dengue encephalitis were considered as possible diagnoses. The patient was managed conservatively and was given dopamine for blood pressure regulation along with methylprednisolone. There was no recorded hypertensive episode throughout the clinical course of the patient in our hospital. The child recovered well and was discharged from the hospital after seven days.
A follow-up brain MRI four months later revealed complete resolution of the signal abnormalities in the bilateral temporo-occipital and frontoparietal regions (Figures 8a-f). In view of the characteristic imaging findings that resolved on follow-up, clinical and laboratory investigations, a final diagnosis of PRES secondary to dengue fever was made."
PMC9386617_01,PMC9386617,Male,38.0,"A 38-year-old male living in Laguna, Philippines, was presented with persistent high fever, nausea, arthralgia, and slight complaints of myalgia. No reports of cough, sore throat, or dyspnea were made. The Patient had no prior travel history or contact with COVID-19 patients. He had no record of any chronic illness, had not been vaccinated against COVID-19, and is a strong, well-built adult. After 5 days of continuous fever progressing from 38.7 C to 39.8 C and no effect after taking common over-the-counter fever reducers, the Patient went to the Sta. Rosa Hospital and Medical Center for proper diagnosis.
At the initial examination, the Patient's vitals were blood pressure of 110/80 mmHg, pulse rate of 85/min, and respiratory rate of 18/min, all considered within the normal range except the body temperature, which was recorded as 39.4 C. The male did not complain of any upper and lower respiratory tract discomforts or symptoms. The physical examination was unremarkable, with no skin rashes (as expected in dengue). However, the Patient noted frequent mosquito bites in the preceding days, even 2 days before diagnosis. His gums appeared slightly red, although not bleeding, so the physicians opted for a hematology test of complete blood count (CBC), urinalysis, arterial blood gas analysis, general laboratory chemistry report, a CKMB and troponin test for an indication of heart health (Table 1), and SD BIOLINE Dengue Duo as well as a SARS-CoV-2 viral RNA RT-PCR from nasopharyngeal and oropharyngeal swabs since the COVID-19 pandemic was in full swing in the Philippines at the time of this case (August 2021). DENV-1-4 real-time RT-PCR was also performed (Table 2) following the Dengue Duo test.
The Dengue Duo test gave negative results for NS1 antigen but showed positive results for both IgG and IgM anti-dengue antibodies, concluding that the Patient has been affected by dengue in recent weeks. The COVID-19 RT-PCR test came a day later and showed positive for the presence of SARS-CoV-2. However, due to antigenic similarities between DENV and SARS-CoV-2, cross-reactivity between these two viruses can give false-positive results in rapid serology tests for both diseases. The positive IgG and IgM test results but negative NS1 results raised the possibility that the Patient had COVID-19, and the SARS-CoV-2 antibodies gave false-positive results in the Dengue Duo Test. Therefore, to rule out this possibility, DENV-1-4 RT-PCR was conducted, which also came positive. Hence, the Patient was confirmed as a co-infected patient. As both IgG and IgM and the RT-PCR test results were positive, it was reasonable to conclude that the NS1 antigen test gave a false negative result. Some ambiguity remained about how the DENV-1-4 RT-PCR showed positive results since DENV nucleic acid can generally be detected only during the early part of the infection while IgM and IgG count increase exponentially with disease progression. A possible reason could be a recurring dengue infection as the Patient complained about continued and frequent mosquito bites.
Three hematology tests (CBC) were done on three consecutive days following the disease's progress (Figure 1). On the first test, most components, such as hematocrit, count of lymphocytes, eosinophils, basophils, RBC, WBC, MCV, MCH, MCHC, and RDW, were found to be within the normal range. The neutrophil count was high, and the monocyte count was low. The hemoglobin level was slightly higher at 182 g/L than the acceptable range of 130-180 g/L. However, the major deviation was in the significantly lower levels of platelet count, at 145 x109/L compared to the normal range of 150-400 x109/L. On the second test, the hemoglobin had returned to its normal range (172 g/L) and all the remaining normal, except the platelet count, which dropped even more than the previous test, at 112 x109/L, and this alarmed the attending physicians. The third test was done; however, it showed a rise in platelet count to 157 x109/L, a value within the normal range, while all the other blood components also showed a healthy range. The variation in the platelet counts on the consecutive results is not conclusive evidence of a coinfection. However, the fluctuations alerted the medical attendants about the possibility of health deterioration resulting in further testing and continued care of the Patient.
The urinalysis on the first day showed normal urine concentration with a healthy color, transparency, pH, and no harmful secretions; only the bacterial count was ""heavy,"" and the Patient was diagnosed with urinary tract infection (UTI) for the time being. Subsequent results showed normal values, so the diagnosis was withdrawn.
Another blood test showed a slightly higher creatinine level of 120 muM. The accepted range was 62-115 muM, an extremely high SGPT/ALT (serum glutamic-pyruvic transaminase/alanine aminotransferase) of 374 U/L compared to its normal range of 16-63 U/L. In contrast, the sodium level was slightly lower than acceptable, which was done to detect and diagnose liver abnormalities. After 3 days, subsequent testing showed normal labels of creatinine, HDL cholesterol, and blood urea nitrates. Nonetheless, the LDL cholesterol was high (4.2 mM compared to 0-3.3 mM), a hemoglobin A1c test showed 8.1%, and a high fasting blood sugar of 8.00 mM, diagnosing the Patient as diabetic, which was previously unknown.
The arterial blood gas testing was done twice, with all values ranging within healthy limits, except those of paO2, which was marked low at 67 (normal range: 80-100), oxygen saturation low at 91%, and a slightly lower HCO3 and paCO2. Oxygen saturation returned to normal in the subsequent test. However, HCO3 and paCO2 remained slightly low. Troponin and CK MB (Creatine kinase-MB) tests were also performed to detect and monitor heart attacks, or any damage to the heart, just as a precautionary step and the values were normal.
Although the Patient did not complain of any respiratory issues, a radiology test (X-ray) was performed following the positive COVID-19 test, and an ill-defined density at the lower left lobe characteristic of pneumonia was found. Hence, pneumonia was confirmed as a diagnosis and caused due to SARS-CoV-2, but the infection was only moderate."
PMC8308854_01,PMC8308854,Female,31.0,"A 31-year-old female presented to the emergency department with a 4-day history of swallowing difficulty and a 3-day history of bilateral arm weakness and neck weakness. Initially, she had swallowing difficulty with only solids which progressed to liquids by the end of the third day. It was also associated with drooling of saliva, dry cough, nasal speech and nasal discharge. Her swallowing difficulty was continuous. There was no complaint of shortness of breath. She also had neck weakness and difficulty in head rotation. The weakness in arms was progressive in intensity, continuous and painless. She denied any associated symptoms of fever, sore throat, double vision, sensory facial disturbance, hearing difficulty, gait disturbance, diarrhea and vomiting. There was no significant history of dietary change, travel or medication use. Bowel and bladder functions were intact. There was no family history indicative of a similar pattern of symptoms with the complaint of fever, headache, generalized body ache, vomiting and fatigue for four days. She had a non-significant history of chronic illness except three weeks earlier, when she presented with complaints of persistent high-grade fever, throbbing headache, large joints pain and severe generalized fatigue for five days. Based on history and clinical grounds, a differential diagnosis of dengue was made. The patient was admitted and administered intravenous normal saline infusion, analgesics and antipyretics. After three days of management, the fever subsided along with significant improvement in other symptoms.
On examination, the patient was fully alert, oriented and vitally stable with SpO2 of 98%. The extraocular movements were intact in all directions with normal convergence. The pupils were bilaterally equal and responsive to light and accommodation. Her vision was normal as well. There was no nystagmus in any direction. Bell s phenomenon was observed in the left eye, with loss of left-sided nasolabial folds and forehead wrinkles, indicating towards lower motor neuron type of facial palsy on the left side. Gag reflex was also weak with a right-sided deviation of uvula. No fasciculations were observed on tongue protrusion. The facial sensation was intact. Rest of the cranial nerve examination was unremarkable. On motor examination of upper limbs, the bulk was normal bilaterally. Hypotonia was observed in both upper limbs. Muscle strength was assessed through the Medical Research Council (MRC) scale, which was 2/5, proximally and distally in both limbs. Deep tendon reflex (DTR) was significantly reduced. The power of neck muscles was reduced with a few episodes of head drops. The movements of the neck, however, was completely impaired against resistance. On lower motor examinations, the bulk, tone, power and DTR were normal. The sensory and cerebellar examinations were also unremarkable. There was no sign of meningeal irritation. Cardiovascular, respiratory and abdominal examinations were unremarkable.
The patient was admitted and relevant blood tests were ordered. Laboratory test results such as complete blood counts, serum electrolytes, thyroid profile, creatinine kinase, liver function test, lactate dehydrogenase (LDH), C-reactive protein, erythrocyte sedimentation rate (ESR) and serum B12 were normal. Anti-muscle-specific kinase (MuSK) antibodies and anti-acetylcholine receptor (ACHR) antibodies were also undetectable. Lumbar puncture was done for cerebrospinal fluid study which did not show any signs of active infection or albuminocytologic dissociation, however, IgM antibodies against Dengue antigen (NS 1) and Chikungunya virus (CHIKV) were detected, confirming the possibility of earlier Dengue-Chikungunya co-infection. Stool culture for Campylobacter jejuni was also negative. Magnetic resonance imaging (MRI) of the brain was ordered which did not show any pathological lesion. Subsequently, two days later, Nerve Conduction Studies (NCS) were performed on the upper and lower limb that showed normal sensory fiber conductions of median, ulnar, superficial/common peroneal and tibial nerve. However, there was decreased amplitude of the compound motor action potential (CAMPs), slowing of conduction velocity, prolonged distal latency and absent F-waves in the upper limbs (Table 1). On Electromyography (EMG), voluntary motor unit action potentials had normal morphology with diminished recruitment and normal spontaneous activity. These findings were consistent with the early stages of acute motor demyelinating and possible axonal neuropathy. This led to the diagnosis of the pharyngeal-cervical-brachial variant of GBS, occurring post-Dengue-Chikungunya co-infection. The diagnosis was further confirmed by the detection of antiganglioside antibodies (anti-GT1a antibodies).
From the 2nd hospital day, the patient was started on the treatment of intravenous immunoglobulin (IVIG) with a dose of 0.4g/kg/day for a total of five days. Her symptoms partially improved after the five doses of IVIG. She did not experience any respiratory distress during her hospital stay and her vitals and oxygen saturation also remained stable. By the 11th hospital day, the dysphagia was completely resolved and the patient was satisfied by this outcome. Muscle strength of the arms and neck were also assessed every day, which gradually improved to 3/5 by 16th hospital day. Her physical rehabilitation was initiated and she was discharged after 15 days. The patient continued regular physiotherapy for the next four months. The MRC grade in both upper limbs and neck was 5/5 at her four-month of follow-up."
PMC9897698_01,PMC9897698,Male,37.0,"A 37-year-old male presented with on-and-off fever (102 degrees F) for four days and generalized weakness in both upper and lower limbs. All necessary investigations were performed. On evaluation, the patient was diagnosed with dengue fever with thrombocytopenia. On examination, the patient was conscious and coherent with the following vital signs: blood pressure of 180/100 mmHg, pulse rate of 54 bpm, and saturation of peripheral oxygen (Spo2) of 95%. Neurological examination revealed sensory loss below the T4 level with absent deep tendon reflexes. The patient had a Glasgow coma score (GCS) of 15 without any signs of meningeal irritation. The pupillary size and reaction were normal. Serological tests for malaria and typhoid infection were negative. He had a hematocrit of 46%, and thrombocytopenia (1.01 lakhs/cumm) with an increased total leukocyte count (19,400 cells/cumm) and a normal coagulation profile (prothrombin time (PT) 14.1 sec, international normalized ratio (INR) 1.2). The rest of the laboratory results were unremarkable.
The patient was started on intravenous antibiotics (doxycycline 100mg), analgesics, and other supportive medications. His weakness gradually progressed with the inability to walk or stand. The patient was referred for a spine MRI, which showed long-segment spinal epidural hemorrhage in the cervical and dorsal spine (up to D8 level) causing mild to moderate lateral compression and anterior displacement of the cord at these levels (Figures 1, 2). An MRI of the brain was also performed which revealed mild diffuse subarachnoid hemorrhage with subtle dependent hemorrhage in the bilateral occipital horns of the lateral ventricles which correlated with CT (Figure 3). After the radiology report, a neurosurgeon was consulted regarding the MRI findings and explained the grave risk and poor prognosis in relation to the radiological findings. Since the epidural hemorrhage was a long-segment (cervicodorsal spine epidural hematoma from C2 to D7 level) and not focal, surgical treatment was not possible and conservative management was advised. The patient was intubated due to unresponsiveness on day 10 of the dengue fever diagnosis. On the same day, the patient's family members decided to have the patient discharged against medical advice. Subsequently, the patient died of the disease."
PMC5288990_01,PMC5288990,Male,45.0,"A 45-year-old man presented with a history of high-grade fever of 7-day duration. He was evaluated at a general hospital, and was noted to have NS1 IgM positive serology for Dengue infection and low platelet counts. Patient was diagnosed as DHF in view of severe thrombocytopenia and was managed accordingly with resuscitative measures. On the 7th day of the fever, the patient developed severe headache, multiple episodes of vomiting, and altered sensorium. Electrocardiograph (ECG) showed sinus bradycardia and computed tomography (CT) scan of the brain showed sellar and suprasellar hemorrhagic lesion with obstruction of the foramen of Monro, leading to hydrocephalus [<PMC5288990_SNI-8-4-g001_a_1_6.webp>]. The patient was referred to our tertiary neurosurgical center for further management. At presentation, he was drowsy, disoriented, but obeying to commands. The pupils were equal in size and reacting to light. Visual acuity and complete neurological status could not be tested due to the patient's altered sensorium.
The management issues in this patient were treatment of hydrocephalus and the surgical management of PA in the setting of severe thrombocytopenia. The patient's platelet count at admission was 27000/mm3. Serial platelet transfusions were instituted. While his hematological dysfunction was being corrected, patient deteriorated in sensorium (E1M4V2), was immediately intubated, and a right frontal external ventricular drain (EVD) was placed. Cerebrospinal fluid (CSF) was under high pressure. Patient did not improve in sensorium following EVD and repeat CT brain showed persistent left lateral ventriculomegaly. A left frontal EVD was placed. Following bilateral EVD placement, patient improved in sensorium to drowsy, obeying, and disoriented status.
A magnetic resonance imaging (MRI) of the brain showed a sellar suprasellar lesion extending into the third ventricle up to the foramen of Monro. The lesion was T1 isointense, T2 hyperintense with areas of T2 hypointensity, and was heterogeneously enhancing on contrast [<PMC5288990_SNI-8-4-g001_b_2_6.webp><PMC5288990_SNI-8-4-g001_c_3_6.webp><PMC5288990_SNI-8-4-g001_d_4_6.webp><PMC5288990_SNI-8-4-g001_e_5_6.webp><PMC5288990_SNI-8-4-g001_f_6_6.webp>]. On susceptibility-weighted images (SWI), intratumoral hemorrhage was clearly documented [<PMC5288990_SNI-8-4-g001_c_3_6.webp>]. Hormonal profile revealed normal serum hormonal levels (Growth Hormone (GH) = 0.48 ng/mL; Luteinizing Hormone (LH) = 4.05 IU/L; Prolactin (PRL) = 5.42 ng/mL; Cortisol = 42.94 nmol/L; Follicle Stimulating Hormone = 2.68 IU/L; T3 = 0.573 ng/dL; Thyroxine (T4) = 6.02 micro-g/dL; Thyroid Stimulating Hormone (TSH) = 1.060 mIU/L). Following multiple platelet transfusions, the platelet count was raised to 143,000/mm3, patient was hemodynamically stable and was planned for surgery. He underwent endoscopic endonasal transsphenoidal decompression of the pituitary adenoma. After entering sella and opening the dura, a gush of blood was noted. The tumor was decompressed carefully and hemostasis was obtained. Postoperative CT brain showed small residual tumor.
Histopathology sections showed fragments of an endocrine neoplasm composed of sheets, lobules, and papillaroid clusters of round-to-polyhedral cells having moderate amphophilic cytoplasm and a regular round-to-oval nucleus [Figure 2a and b]. Intratumoral hemorrhage was evident. Increased vascularity with delicate branching vessels was noted. The tumor was ACTH-positive and negative for all other IHC markers [Figure 2c and d].
The patient had a stormy postoperative course. He developed diabetes insipidus with serially rising sodium levels and high urine output. The intravascular volume status was monitored with central venous pressure (CVP) recordings. Patient was managed with hypotonic fluids and subcutaneous pitressin (5 units BD and 5 units in excess if urine output for two consecutive hours was more than 250 ml). The patient was managed with strict hourly input-output monitoring and eighth hourly electrolyte levels. This intensive CVP, input-output, and electrolyte level monitoring was essential in the setting of hypothalamic-hypophyseal dysfunction (in view of pituitary apoplexy) and increased vascular permeability (in view of DHF). On postoperative day 4, the patient regained consciousness. Sequential EVDs were removed with serial CTs not showing evidence of ventriculomegaly after EVD blockade. On discharge, the patient was conscious with visual acuity of 6/36 in both eyes, and fundus examination showing bilateral temporal pallor. At 6-month follow-up, the patient is doing well with only residual bitemporal hemianopia and MRI brain revealed minimal residual lesion [<PMC5288990_SNI-8-4-g003_a_1_2.webp><PMC5288990_SNI-8-4-g003_b_2_2.webp>]. He has been started on hormonal supplementation in view of hypothyroidism, hypocortisolism, and hypogonadism."
PMC3628230_01,PMC3628230,Male,43.0,"A male aged 43 years, residing in Bengaluru sought emergency services in July 2010. He presented with high-grade fever since four days and headache, myalgia, abdominal pain with distension since two days. He was a known diabetic (blood sugars were under control throughout the course, was on oral hypoglycemic agents) and was a social drinker (occasional alcohol consumption). Patient did not have any history of trauma. On examination he was febrile, anicteric, without any rash or lymphadenopathy. The complete blood count (CBC) showed total leukocyte count-6100 cells/mm3, differential count-neutrophils-50%, lymphocytes-45%, platelet count-96,000 cells/mm3 and packed cell volume-30%. The dengue serology was positive for both IgM and IgG antibodies (immunochromatography) serological test and peripheral smear for malaria was negative. The titers (ELISA) of dengue immunoglobulins was IgM : IgG = 4:1 and 14 days later IgM : Ig G = 5:2. With rising titers new dengue illness was diagnosed. The blood culture was sterile and ultrasound abdomen reported gross ascites, bilateral minimal pleural efflusion and borderline hepatosplenomegaly. We supposed the ascites is transudative and a part of the viral illness and as self-limiting. But the abdominal distension and pain continued to bother the patient so peritoneal tap was planned. Simultaneously, patient developed progressive pallor with drop in hemoglobin (from 9.6 gm/dl to 6.9 gm/dl) and hematocrit (from 30 to 23%), for which patient underwent blood transfusion (twice-packed red blood cells). During the initial two attempts of peritoneal tap, 500 ml of hemorrhagic ascitic fluid was drained. Even after drainage the abdominal pain and distention persisted with drop in hemoglobin, so laparoscopy was planned. Laparoscopic exploration showed 1.5 liters of peritoneal fluid with blood clots in the peritoneal cavity and mild diffuse congestion of the peritoneum. Liver, spleen, bladder and blood vessels were normal. His coagulation profile was within normal limits throughout the course (Prothrombin time (PT)-15.9 sec, Activated Patial thromboplastin time(APTT)-29 sec, International Normalized Ratio(INR)-1.48). Patient underwent blood transfusion (two packed red blood cells) again. The histopathological examination of the peritoneum showed mild hyperemia. Peritoneal drain was there for two days, abdominal discomfort and distention reduced over a week and hemoglobin improved and repeat ultrasound showed that the peritoneum was free of collection. Patient was discharged on oral hypoglycemic agents. The patient was asked to follow up with repeat hemoglobin, fasting and post-prandial blood sugar. During follow-up he is doing fine."
PMC5566360_01,PMC5566360,Male,17.0,"A 17-year-old male presented to the hospital emergency with fever associated with chills for the past 5-6 days. He also had complaints of abdominal pain and vomiting. The patients did not have any complaints of rash, joint pains, cough, difficulty in breathing, and any feature suggestive of urinary tract infection. The history of seizures and bleeding from any site was ruled out. There was no past history of diabetes mellitus, hypertension, tuberculosis, smoking, or alcohol intake. The patient did not give a history of previous treatment or self-medication. The patient resided in a slum area in east Delhi with a drain near his house.
On examination, the patient was sick and his general condition was poor. He was conscious and oriented and had severe pallor. His heart rate was 110 beats/min, respiratory rate was 16 breaths/min, and blood pressure was 110/70 mmHg. On per abdominal examination, abdomen was soft and nontender. Hepatomegaly and massive splenomegaly was detected. On central nervous system examination, patient was lethargic, but no other abnormality was present. On chest and cardiovascular examination, no significant abnormality was detected. On the basis of these findings, a provisional diagnosis of acute undifferentiated fever was made with a differential diagnosis of malaria, dengue fever, and enteric fever. The patient was admitted in the department of internal medicine, and the case was further investigated.
The hemoglobin of the patient was 5 g/dL, total leukocyte count was 3,900/mm3, and platelet count was 78,000/mm3 on Day 0 and 30,000/mm3 on Day 2. Peripheral blood smear (PBS) showed microcytic hypochromic anemia with tear drop cells and thrombocytopenia. Micro-hematuria was detected on urine routine examination. His liver and renal function tests were within normal limits. Tube Widal test titers were <1:40 for TO, TH, and AH. Serum RK-39 was negative. Chinkungunya immunoglobulin M enzyme-linked immunosorbent assay was negative. Dengue immunoglobulin M enzyme-linked immunosorbent assay (NIV, Pune, India) was reactive. Rapid malaria antigen test (RMAT) (Ybio, Goa, India) on Day 0 was positive for P. vivax only. However, on PBS examination, rings of P. vivax and rings and gametocytes of P. falciparum were seen. Parasite density for P. falciparum was found to be 2% (<PMC5566360_imcrj-10-289Fig1_A_1_4.webp><PMC5566360_imcrj-10-289Fig1_B_2_4.webp><PMC5566360_imcrj-10-289Fig1_C_3_4.webp><PMC5566360_imcrj-10-289Fig1_D_4_4.webp>). Polymerase chain reaction (PCR) assay confirmed the presence of both the species (P. falciparum and P. vivax) in the patient. Abdominal ultrasound showed enlarged spleen (30 cm in size), mild hepatomegaly, and ascites. Bilateral pleural effusion was also noted.
A final diagnosis of mixed malarial infection (P. vivax and P. falciparum) with dengue fever coinfection with pancytopenia was made.
The patient was prescribed intravenous (IV) artesunate 2.4 mg/kg on Day 0 then at 12 h and 24 h. He was also administered IV ceftriaxone 600 mg b.d., IV fluids, IV paracetamol, and IV ondansetron and pantoprazole as supportive management on Day 0 of admission. The next day, the patient was switched to oral ACT (1 tablet of artesunate 200 mg and 2 tablets of sulfadoxine/pyrimthamine 750 mg/37.5 mg on Day 1 followed by artesunate 200 mg for next 2 days).
By Day 3 of treatment, the patient's condition had improved, but fever persisted (>37.5 C).
RMAT and PBS were reperformed on Day 3. On PBS, ruptured schizonts of P. vivax, rings and gametocytes of P. falciparum were seen, with a rise in parasitemia to 5%. (<PMC5566360_imcrj-10-289Fig1_A_1_4.webp><PMC5566360_imcrj-10-289Fig1_B_2_4.webp><PMC5566360_imcrj-10-289Fig1_C_3_4.webp><PMC5566360_imcrj-10-289Fig1_D_4_4.webp>). RMAT was now positive for both P. vivax and P. falciparum.
Unfortunately, the patient left the hospital against medical advice and was lost to follow-up.
As the patient had rise in parasitemia with fever of (>37.5 C) on Day 3 of treatment, he was diagnosed as a case of early treatment failure (ETF) according to the National Vector Borne Diseases Control Programme guidelines. The patient's blood spots were inoculated on Whatman filter paper no. 1 for further molecular analysis.
Genomic DNA extraction of the patient sample collected on Day 0 and Day 3 was done from filter paper blood spots using a QIAamp DNA Blood Mini Kit (QiagenInc., Hilden, Germany) according to the manufacturer's instructions. Diagnostic confirmation of Plasmodium species was done by 18S rRNA PCR assay, which confirmed the results of microscopy and RMAT, showing mixed infections of P. falciparum and P. vivax in the patient (Figure 2). The samples were also genotyped for the drug resistance genes viz: chloroquine resistance (pfcrt), multidrug resistance (pfmd-r1), sulfadoxine (pfdhps), pyrimethamine (pfdhfr), and artemisinin resistance (keltch 13). Single-nucleotide polymorphisms (SNPs) in pfcrt, pfmdr1, pfdhfr, pfdhps, and keltch 13 genes were assessed by PCR-RFLP and sequencing as described previously. Restriction site for ApoI enzyme for K76T mutation associated with chloroquine resistance in the pfcrt gene and N86Y SNP for restriction enzyme AflIII in pfmdr-1 gene were seen in both the samples of the patient (Figure 2). Two mutations in pfdhfr gene at C59R and S108N were observed and there was one mutation in the pdhps gene at A437G. One SNP was seen on aligning with wild-type sequences of pfdhfr (GenBank accession no. 9221804) and pfdhps (GenBank accession no. 2655294) using Clustal W of the BioEdit 7.0 and MEGA (Molecular Evolutionary Genetics Analysis; http://www.megasoftware.net/) 4.0 programs (Table 1). Since this case was diagnosed as a case of ETF and artesunate resistance was suspected, sequence analysis to detect the presence of any SNP in kelch13 was also carried out. However, no SNPs were detected in this region (Table 1)."
PMC7468372_01,PMC7468372,Male,44.0,"A 44-year-old male presented with sudden onset, diminution of vision in both eyes for 10 days. He gave history of fever, myalgia, and weakness one week prior to onset of ocular problem. He was previously healthy, not known to have diabetes mellitus or hypertension. There was no relevant family or social history of medical significance. During clinical evaluation and laboratory investigation for fever; typhoid, malaria, tuberculosis, syphilis, collagen vascular disease and bleeding disorders were absent. He was diagnosed to have dengue fever as NS1 antigen and IgM antibody were positive. After conservative management, his platelet count had improved from 49x103/microL to 176x103/microL (normal range, 150-450x103/microL) over a week period. At presentation, his best-corrected visual acuity was 1/60 in the right eye (OD) and 6/18 in the left eye (OS). Anterior segment findings were normal. Fundus examination revealed vitritis, perivascular exudates, intraretinal hemorrhages, macular edema, peripapillary retinal whitening, and cotton wool spots in both eyes, with additional retinal whitening affecting the right macula (<PMC7468372_IMCRJ-13-363-g0001_A_1_2.webp><PMC7468372_IMCRJ-13-363-g0001_B_2_2.webp>). Fundus fluorescein angiography revealed disc and perivascular leakage limited to posterior pole along with patches of blocked fluorescence. In addition, there was capillary nonperfusion due to occlusion of multiple small arterioles supplying the macula of the right eye confirming macular ischemia (<PMC7468372_IMCRJ-13-363-g0002_A_1_2.webp><PMC7468372_IMCRJ-13-363-g0002_B_2_2.webp>). Optical coherence tomography of both eyes demonstrated macular edema with subretinal fluid. A diagnosis of bilateral retinal vasculitis with right eye macular infarction was made. Echocardiography and carotid Doppler studies revealed normal cardiac and carotid artery status. The patient was treated with intravenous methylprednisolone which was futile even after three days of treatment. Then he was counseled for treatment with immunoglobulin, which the patient refused and left for a second opinion without returning back to us."
PMC8312185_01,PMC8312185,Male,7.0,"A 7-year-old boy presented to the Emergency Department of Hasan Sadikin Hospital with a history of difficulty arousing from sleep, confusion, and incoherent speech for 1 day before admission. The patient experienced sudden onset of fever for 2 days prior to admission accompanied by coffee ground vomiting. There was no history of other bleeding episodes or seizures. Physical examination showed an obese, drowsy patient with a Glasgow Coma Scale (GCS) of 13, fever of 38.3 C, normal blood pressure, and no circulatory problems. Abdominal examination revealed no signs of hepatomegaly, abdominal tenderness, or petechiae. Ocular tests revealed normal pupils. Neurological examination showed no facial asymmetry, motor weakness, abnormal movements, nor posture. Reflexes were normal, and the Babinski was negative. Nuchal rigidity, Kernig, and Brudzinski signs were absent.
Laboratory examination showed hemoglobin and hematocrit levels were within normal range with leukocyte count of 1.9 x 103/uL, and lower platelet count of 129 x 103/uL. Liver transaminases were high with 446 U/L for aspartate aminotransferase (AST) and 204 U/L for alanine aminotransferase (ALT). Patient electrolytes were within normal limits with sodium of 141 mmol/L, potassium of 3.9 mmol/L, and non-fasting blood glucose of 139 mg/dL. CSF showed clear fluid, negative for Nonne's and Pandy's test and protein of 26.9 mg/dL which indicated CSF protein was within normal limits, cell count of 4 cells/uL, and glucose of 98 mg/dL. CSF gram and acid-fast bacilli stains were negative. Neuroimaging was not conducted. A presumptive diagnosis of viral CNS infection was given based on neurological manifestations as well as laboratory parameters.
During follow-up, conscious level improved to GCS 15 on day 4 and defervescence occurred on day 3 of hospitalization. Hematocrit dropped to 34.3% on the day 5 while nadir platelet count occurred on day 3 of hospitalization. Supportive treatment was given with antipyretics and fluid replacement. The patient continued to improve and was discharged on the sixth day following admission with dengue encephalitis as the final diagnosis. On the 1-month follow-up, the patient had completely recovered without any neurological sequelae.
Additional laboratory examination confirmed the presence of DENV serotype 1 RNA by reverse transcription polymerase chain reaction (RT-PCR) in CSF taken on admission day and in the serum specimen taken on the second day of hospitalization (Table 1). Molecular screening was conducted by genus-specific flavivirus RT-PCR, followed by DENV serotyping RT-PCR and whole genome sequencing. Obtained sequence was submitted to the GenBank with accession number MW559478.1. Anti-DENV immunoglobulin M (IgM)   was positive in both serum specimens from the second and the sixth day of hospitalization, while samples collected on day 6 showed immunoglobulin G (IgG) seroconversion (Dengue Virus IgG DxSelect, Focus Diagnostics, USA). Other classical neurotropic pathogens including Japanese encephalitis virus (JEV), chikungunya virus, human herpesviruses, enteroviruses, Streptococcus pneumonia and Haemophilus influenzae were negative using PCR testing algorithms   as well as an anti-JEV IgM assay.   Both CSF and blood samples were inoculated onto Vero E6 cells to attempt for virus isolation; no virus was isolated from these efforts. A phylogenetic tree was constructed based on E gene aligned to the top 20 sequence matches in NCBI BLASTn database (Figure 1). The DENV-1 strain from this study belonged to genotype IV and appeared to be closely related to strains previously identified in Indonesia. None of the GenBank DENV-1 strains analyzed in the phylogenetic tree were reported to be associated with CNS manifestations."
PMC3361784_01,PMC3361784,Male,20.0,"A 20-year-old young male was admitted to our hospital with a chief complaint of progressively increasing weakness of all the four limbs for 1 day. He had the history of high-grade fever for 5 days which responded to antipyretic with generalised body ache. The patient reported that his weakness started first from lower limbs, and within hours it progressed to involve upper limbs also. There was no history of neck pain, sensory symptoms in limbs, recent vaccination, diarrheal illness, recent vigorous exercise or heavy carbohydrate meal. On general examination, he was afebrile and rest of his vitals were normal. On neurological examination, only finding was grade 1-2/5 power in both upper and lower limb with diminished reflexes. There was no cranial nerve involvement, sensory deficit or any evidence of bladder, bowel, or bulbar dysfunction. His single breath count was 35. There was no past or family history of similar weakness or any episodic weakness. Blood investigations on admission were as follows: hemoglobin was 13.8 g/dl, total leucocyte count was 8.8 x 103/mul with 44% polymorphs, 54% lymphocytes and 2% monocytes. The platelet count was 1,00,000/mm. His blood biochemistry revealed serum potassium 1.82 mmol/l, sodium 139 mmol/l, and a normal creatinine kinase value, the arterial blood gas analysis showed a pH of 7.34, bicarbonate 16.7 mmol/l and anion gap 5.1 mmol/l. His renal and thyroid function tests were completely normal, and the liver function test showed a normal serum bilirubin with SGOT and SGPT of 90 and 100 IU/l, respectively. Urine analysis showed a pH of 6 with normal specific gravity and no proteinuria or glycosuria, and spot urinary sodium potassium and calcium were within normal limits, the hospital stay was uneventful. After 7 days, a challenge test performed with heavy carbohydrates diet and strenuous exercise, followed by rest, failed to produce any weakness. For the challenge test, the patient was hospitalized, and the procedure was explained to him. An informed consent was obtained. It was undertaken in an intensive care setting. His nerve conduction velocity (NCV)/electromyography (EMG) was completely normal, ECG showed prominent U waves [Figure 1], his dengue NS1 antigen ELISA as well as dengue IgM antibody test were positive. A diagnosis of dengue fever with thrombocytopenia with hypokalemic motor paralysis was made and the patient was given intravenous potassium chloride infusion. His motor power improved rapidly and at 10 h of starting treatment his power was completely normal. On the second day of treatment, his repeat serum potassium was 3.9 meq/l. The patient was not given any treatment for thrombocytopenia and was kept under observation as no signs of bleeding diathesis were present. At the end of first week, his platelet count became completely normal. The patient was discharged on 5th day of admission with advice for follow-up."
PMC3913988_01,PMC3913988,Female,40.0,"A 40-year-old woman presented with a 1-year history of afterimages in both eyes after having Dengue fever. Her best-corrected visual acuity (BCVA) was 20 / 20 in both eyes, and her intraocular pressure was normal. Slit examination revealed no abnormal findings. Retina examination revealed hemorrhaging in the retina inner layer and RPE atrophy in both eyes. Fluorescein angiography demonstrated fluorescence blockage by retinal hemorrhage. ICG showed late hypofluorescence due to choroidal filling disorder, and infrared (IR) imagery showed hypofluorescence that included both foveae. OCT imagery revealed disruption of the inner segment/outer segment junction (IS/OS) junction and outer retina thinning at the hypofluorescence site of the IR imagery (<PMC3913988_kjo-28-96-g001_A_1_5.webp><PMC3913988_kjo-28-96-g001_B_2_5.webp><PMC3913988_kjo-28-96-g001_C_3_5.webp><PMC3913988_kjo-28-96-g001_D_4_5.webp><PMC3913988_kjo-28-96-g001_E_5_5.webp><PMC3913988_kjo-28-96-g002_A_1_5.webp><PMC3913988_kjo-28-96-g002_B_2_5.webp><PMC3913988_kjo-28-96-g002_C_3_5.webp><PMC3913988_kjo-28-96-g002_D_4_5.webp><PMC3913988_kjo-28-96-g002_E_5_5.webp> and 2)."
PMC3913988_02,PMC3913988,Female,40.0,"A 40-year-old woman presented with an upper visual field defect in the left eye after contracting dengue fever 1 month prior. The right eye was normal. BCVA was 20 / 30 in the left eye, and no other abnormal findings were found in the anterior segment. Retina examination revealed RPE atrophy in the left eye. Fluorescein angiography (FA) of the left eye showed a patch choroidal perfusion delay and a window defect due to RPE atrophy. IR imagery demonstrated hypofluorescence in the superior nasal area including the fovea. OCT imagery revealed disruption of the IS/OS junction and outer retina thinning at the hypofluorescence site of the IR imagery."
PMC3913988_03,PMC3913988,Female,29.0,"A 29-year-old woman treated for dengue fever 1 year prior presented with a visual field defect in the left eye. All symptoms and test were normal in the right eye. The anterior segment was normal. Retina examination showed RPE mottling in the left eye. FA revealed a faint window defect in the left eye, and IR imagery revealed hypofluorescence in the fovea area. OCT imagery revealed disruption of the IS/OS junction and outer retina thinning at the hypofluorescence site of the IR imagery."
PMC10402786_01,PMC10402786,Male,43.0,"A 43-year-old man was admitted to the Clinica de las Americas (CDLA) in Santa Cruz de la Sierra, Bolivia, presenting with moderate-intensity, continuous crushing chest pain radiating to the lower jaw and the left shoulder. The pain had started two days prior and had progressively increased in intensity.
Five days prior to his hospitalization, the patient had presented to the emergency department for fever, headache, retro-orbital pain, general body aches, and joint pain. Due to the high degree of suspicion and multiple cases of dengue in the community, a dengue test (ELISA IgM) was performed, yielding a positive result, which was subsequently confirmed through reverse transcriptase polymerase chain reaction (RT-PCR). The patient was hemodynamically stable with no signs of heart failure, exhibiting no murmurs or rubs on auscultation, and a chest-radiography performed at that time showed normal results.
The patient's electrocardiogram (EKG) revealed sinus rhythm with a heart rate of 95 beats per minute. Additionally, an ST segment elevation of 2 mm was observed in leads II, III, aVF, and V4 to V6 (<PMC10402786_gh-18-1-1254-g1_undivided_1_1.webp>). This was interpreted as acute coronary syndrome with ST-segment elevation, so blood tests (including cardiac biomarkers) were requested and the myocardial infarction protocol (primary angioplasty) was activated. However, a coronary angiography revealed no significant lesions.
Simultaneously, a transthoracic echocardiogram was performed, revealing normal systolic function in both ventricles. The left ventricular ejection fraction (LVEF), assessed using Simpson's method, was 66%, and the diastolic function was preserved. Longitudinal deformation was -19.8% with a minor decrease in the deformation affecting the basal and medial inferoseptal segment. Finally, the parietal pericardium was found enlarged and diffusely hyperechogenic, suggesting an inflammatory process at that level (<PMC10402786_gh-18-1-1254-g2_undivided_1_1.webp>).
Complete blood count and basic metabolic panel lab results all yielded normal results, with hemoglobin of 12.6 g/dl, hematocrit of 39.2%, leukocyte count of 8700 cells/mul with normal differential and a platelet count of 263,000/mul. Creatinine, sodium and potassium levels were 0.7 mg/dl, 142 mEq/L, and 4.6 mEq/L, respectively. Cardiac markers were slightly elevated, with a NT-proB-type Natriuretic Peptide (NT-proBNP) level of 678 pg/mL (normal value <125 pg/ml), a troponin T level of 154 ng/L (normal value <14), but with a normal creatine phosphokinase (CPK) value of 88 U/L (normal value <308 U/L).
Cardiac magnetic resonance imaging (MRI) with gadolinium revealed normal-sized cardiac chambers, preserved right ventricular function, and a LVEF of 52% (lower than the normal range) in a context of mild hypokinesia of the inferior wall of the left ventricle (basal and medial segments) (Figure 3).
The presence of myocardial edema was also observed in the same inferior wall with inferoseptal extension (Figure 4). Late enhancement sequences revealed gadolinium uptake in the basal, medial, and inferior basal inferoseptal segments of the left ventricle, and the pericardium in its basal region (<PMC10402786_gh-18-1-1254-g5_undivided_1_1.webp>). All of these findings are consistent with acute myocarditis.
The differential diagnosis also included a number of pathologies characterized by chest pain, such as acute coronary syndromes, aortic dissection, pulmonary embolism, pneumonia, pneumonitis, tuberculosis, viral myocarditis, musculoskeletal disorders, gastric ulcer, gastroesophageal reflux disease, pneumothorax, herpes zoster, depression, and panic disorder.
Considering the exclusion of acute myocardial infarction through normal coronary angiography, the clinical findings, elevated cardiac biomarkers, positive specific serology, suggestive cardiac images, and the epidemiological context, a dengue myocarditis diagnosis was suggested.
The patient was treated with nonsteroidal anti-inflammatory drugs (NSAIDs), acetylsalicylic acid, and colchicine, resulting in clinical improvement of pain and reduction in cardiac biomarkers levels. During the first 24 hours of admission, the patient had persistent hiccups, which were effectively managed with intravenous metoclopramide. Discharge was effective on the third day of admission with prescriptions for acetylsalicylic acid (750 mg every eight hours for one week) and colchicine (0.5 mg daily for two weeks)."
PMC5088483_01,PMC5088483,Female,41.0,"A 41 year old Malay female with no prior medical illness, was admitted to medical ward with the complain of fever, headache and reducing platelet and increasing hematocrit for 3 days duration. Her Dengue NS-1 antigen was reactive which confirms dengue virus infection. She was diagnosed to have 'dengue fever with warning signs' based on WHO classification of levels of severity. On admission she complained of right eye blurring of vision for 1 day. Fundus examination was done by medical officer in Medical ward and was documented normal. Therefore she was not referred to Ophthalmology department during the hospital stay. She was treated with fluid resuscitation and was discharged after 5 days. However, right eye blurring of vision persisted and then she was referred to the ophthalmologist. She presented to our eye clinic with right eye blurring of vision for 8 days. It was sudden in onset and non-progressive.
On examination, patient was alert, comfortable and vital signs were stable. Ocular examination noted best corrected visual acuity in right eye was <20/1000 and left eye was 20/25. Intraocular pressure was normal in both eyes. Relative pupillary afferent defect was detected in the right eye. Right eye fundus showed typical features of CRVO:dilated, tortuous retinal veins and retinal hemorrhages in all four quadrants, optic disc swelling, cotton wool spots and macular edema. Left eye examination was normal (<PMC5088483_40942_2016_27_Fig1_HTML_a_1_2.webp><PMC5088483_40942_2016_27_Fig1_HTML_b_2_2.webp>). 
Optical coherence tomography (OCT) of right eye macula disclosed cystoid spaces with edema, retinal thickening and subretinal fluid (Fig. 2). 
Further assessment to identify the risk factors for CRVO were done. She was not on any hormonal contraception. Blood investigations were done namely fasting serum lipid, fasting blood sugar, renal profile, full blood count (post recovery), anti-cardiolipin antibodies (ACA), Anti-Beta-2-Glycoprotein 1 (2GP1), Protein C activity, Protein S activity, Antithrombin activity, Activated Protein C Pathway which were normal. Serum electrophoresis shows no paraprotein band and no immune paresis. Her full blood count (FBC) trend during hospital stay showed increasing hematocrit and reducing platelet which peaked on day 6 of illness and then gradually improved (Table 1). Her symptoms onset was during early period of the illness when her hematocrit and platelet levels were still acceptable. 
Six weeks later, fundus fluorescein angiography was done and there was delayed venous filling, less than ten disc diameter area of capillary dropout and areas of masking by retinal hemorrhages (Fig 3). Patient was planned for repeat FFA, however her right eye progress to develop proliferative retinopathy:new vessels elsewhere on the posterior pole which was treated with panretinal photocoagulation. There was no new vessels on the iris or angle noted. The macular edema improved drastically and was monitored with OCT imaging. Unfortunately, her vision did not improve. Her best corrected visual acuity of right eye is 20/400 and left eye 20/25."
PMC10062082_01,PMC10062082,Male,28.0,"A 28-year-old male presented with complaint of blurring of vision in the left eye (LE) and headache for 15 days. He had a history of DF 22 days before the presentation. The DF was confirmed by positive immunoglobulin M enzyme-linked immunosorbent assay serology for the Dengue virus. His best-corrected-visual-acuity (BCVA) was (right eye [RE]) 6/9 and (LE) finger counting 0.5 m. On examination, (LE) fundus revealed focal constriction of arteries and veins, soft exudates, dot-blot and flame-shaped hemorrhages in branch vein distribution, attempt at macular fan formation, and area of macular edema [Figure 1]. (LE) optical coherence tomography (OCT) revealed neurosensory detachment with cystoid macular edema [Figure 2]. Central macular thickness was 1018 mu.
Complete blood count revealed platelet count: 84,000 (thrombocytopenia). Based on history, thrombocytopenia and clinical findings, diagnosis of dengue retinopathy was made. The patient was given intravitreal triamcinolone acetonide (4 mg/0.1 ml).
At 2 months, BCVA (RE) was 6/6 and (LE) 6/18. Since (LE) visual acuity did not normalize, fundus fluorescein angiography (FA) and OCT angiography (OCTA) were done. FA LE showed normal foveal avascular zone (noted in the early phase of angiogram), few areas of the delayed filling (inferotemporal vascular arcade) with capillary leakage. Disc leakage was also noted [<PMC10062082_OJO-16-177-g003_a_1_2.webp><PMC10062082_OJO-16-177-g003_b_2_2.webp>]. OCT showed cystoid spaces, intraretinal exudates with back-shadowing, disruption of the external limiting membrane, the ellipsoid zone, and the interdigitation zone in the foveal region. There was the subfoveal area of hyperreflectivity and retinal thinning [<PMC10062082_OJO-16-177-g004_undivided_1_1.webp>]. (RE) OCTA was normal. OCTA (LE) showed distortion of retinal superficial and deep capillary plexus (SCP-DCP) inferotemporal to foveal center [Figure 5]. The features on OCT and OCTA were suggestive of AMN.
Six months visit revealed complete resolution of fundus features, visual acuity of both eyes on Snellen's 6/6, but with persistent micropsia. OCT revealed retinal thinning with the restoration of retinal layers. Distortion of SCP-DCP on OCTA persisted, which was the only persistent defect explaining the visual complaint of the patient [Figure 2]."
PMC7092381_01,PMC7092381,Male,34.0,"A 34-year-old Sri Lankan Tamil male, was presented to a tertiary care hospital in Northern Province of Sri Lanka with a history of high-grade fever of 3-days duration which was associated with myalgia, arthralgia and retro-orbital pain. He also had vomiting and loss of appetite for preceding 3 days. He never experienced an abdominal pain or distention. He had no mucocutaneous bleeding manifestations on presentation. He had no symptoms suggestive of either respiratory or urinary tract infection. There was no past medical history of note. He is an ethanol user, consuming 16 units per week for last 10 years. He did admit a history of binge drinking during the initial course of the illness to relieve his pain.
On arrival, he was conscious and rational. He was febrile with a temperature of 38.6 C. He was not pale or icteric. His capillary refilling time was less than 2 s. There were no peripheral lymphadenopathy, petechial rashes, ecchymotic patches or stigmata of chronic liver disease.
His pulse rate was 84 beats/min and blood pressure 120/80 mmHg without a significant postural drop. There was no clinical evidence of pleural effusion or free fluid in the abdomen. Abdomen was soft, non-tender, and there was no hepatosplenomegaly. There were no features of neurological deficit or meningeal irritation. Rest of the clinical examination was unremarkable including the optic fundus.
Initial full blood count showed white blood cells (WBCs) of 3.91 x 109cells/L with neutrophil 3.22 x 109/L and lymphocytes 0.37 x 109/L. Hemoglobin, hematocrit and platelet were 16.1 g/dL, 46.1% and 142 x 109/L, respectively. Initial liver biochemistry showed alanine aminotransferase (ALT) 3760 U/L and aspartate aminotransferase (AST) 9352 U/L. Prothrombin time was 16.3 s (standard: 10-13 s). Renal function and urine full report were normal. The dengue non-structural protein 1 (NS1) antigen in serum became positive on day 3 of illness (day of admission).
He was managed in the ward during the initial 48 h with usual supportive care in addition to the standard fluid therapy according to the national dengue management protocol. During this 48 h, the clinical parameters remained within the normal limits.
Although he had defervescence on day 5, he became restless. His conscious state, pulse rate blood pressure and capillary blood glucose were normal, and there was no postural drop or bleeding manifestations. Abdominal examination revealed mild tenderness in the right upper quadrant. Full blood count showed WBC 4.17 x 109cells/L (neutrophil 64%, lymphocytes 30%), hemoglobin 17.6 g/dL, hematocrit 46.8% and platelet count 27 x 109cells/L. Liver biochemistry was as follows: ALT of 8648 U/L, AST of 28,373 U/L, alkaline phosphatase 155 U/L (range: 46-116), albumin 37 g/L and total bilirubin 55.1 mumol/L with direct bilirubin 30 mumol/L. Prothrombin time was elevated to 21.3 s. His other routine biochemical investigations such as blood glucose, renal function tests, serum calcium and venous blood gas were within normal range. A bed side ultrasound scan did not reveal any evidence of plasma leakage.
On the same day night, ceiling of medical care was escalated and patient was transferred to High Dependency Unit. At this point of care, he was diagnosed with acute liver failure with grade III hepatic encephalopathy evidence by deranged liver biochemistry, coagulopathy and altered level of sensorium, and he was started on intravenous NAC infusion (150 mg/kg in 250 mL of 5% dextrose over 15 min, then 50 mg/kg in 500 mL 5% dextrose over 4 h followed by 100 mg/kg in 1000 mL of 5% dextrose over 16 h). Furthermore, he also received lactulose and metronidazole as a part of the treatment for hepatic encephalopathy. Throughout the course of illness, he had never experienced a shock and his vitals were stable except the altered level of consciousness. He was never given supra-therapeutic dose of paracetamol, any other medicines, herbals or traditional medicines that could cause liver injury. He had no clinical, laboratory or radiology evidence of plasma leakage throughout the course of illness. Furthermore, he also developed features of alcohol withdrawal and it was managed with intravenous thiamine and short acting benzodiazepines.
With the above treatment, his cognitive state started to improve. AST and ALT started to decline gradually from the day 6 of the illness as shown in Table 1. On day 7 of illness, the dengue serology (both immunoglobulin G (IgG) and immunoglobulin M (IgM)) was positive. Even though co-existence of alcoholic hepatitis was considered, however, it does not explain the degree of elevation of transaminases in this patient. Since the clinical scenario and the serological evidence confirmed a dengue infection, we did not explore for an alternate cause of hepatic injury other than the work up for co-infections with primary hepatitis virus A, B and C which all became negative. On day 15, patient was sent home after complete recovery.
On review a month later, he was asymptomatic and had successfully abstained from alcohol. His follow-up liver profile and ultrasound scan of the abdomen showed no abnormalities except mild fatty liver."
PMC4750307_01,PMC4750307,Female,45.0,"A 45-year-old female patient presented with high-grade continuous fever for 5 days, headache and vomiting for 3 days, disorientation for 1-day, and facial deviation to the left side for 1-day.
On neurological examination, she had neck rigidity with positive Kernig sign. GCS Score was E3M5V4. Right-sided upper motor neuron (UMN) type facial nerve palsy was noted [Figure 3, Right panel]. Motor function, sensory function, deep tendon reflexes, cerebellar function, and autonomic function were all within normal limit. Planter was equivocal in both sides.
MRI scan of brain (plain and contrast) done on 6th day of fever, showed multiple tiny nonenhancing hypo on T1 and hyperintense lesions on T2, T2 fluid attenuation inversion recovery (FLAIR) sequence suggestive of ischemic demyelination in lentiform nucleus, peri- and para-ventricular white matter and centrum semiovale on both sides [Figure 3, Left panel]. So, a diagnosis of dengue meningoencephalitis with right sided UMN type facial palsy was made.
The patient was treated with intravenous (IV) fluid and antipyretics, and at the end of the 2nd week patient became completely afebrile with no neck rigidity but facial palsy persisted partially. Patient was discharged and on follow-up at the end of the 4th week there was complete resolution of facial palsy."
PMC4750307_02,PMC4750307,Female,26.0,"A 26-year-old girl presented with high-grade continuous fever associated with chills and rigor for 5 days, severe headache anorexia, nausea, multiple episodes of vomiting for 4 days, and disorientation for 2 days. There was a history of one episode of GTCS convulsion day before admission. There was no similar illness in the past.
On neurological examination, she had neck rigidity with positive Kernig sign. GCS Score was E4M5V3. No cranial nerve abnormality was noted. Motor function, sensory function, reflexes, cerebellar function, and autonomic function were all within normal limit. Planter was bilateral extensor.
MRI scan of brain (plain and contrast) done on 6th day of fever, showed mild diffusion restricted nonenhancing altered signal intensity (hypointense in T1, hyperintense in T2 and FLAIR) in both thalamic and left medial temporal lobe suggestive of encephalitis [<PMC4750307_JNRP-7-114-g007_undivided_1_1.webp>]. The patient was diagnosed as dengue meningoencephalitis.
Patient was treated only with IV fluid and paracetamol as antipyretic. Patient improved gradually with normal sensorium gained on the 10th day of hospital stay with no neck rigidity. He had uneventful hospital stay thereafter and was discharged after 2 weeks."
PMC4750307_03,PMC4750307,Male,37.0,"A 37-year-old man presented with high-grade continuous fever associated with chills and rigor for 6 days, severe headache, multiple episodes of vomiting for 5 days, and disorientation for 2 days. There was a history of repeated GTCS in last 2 days. There was no similar illness in the past. He was drowsy but arousable on examination (GCS E3M6V5).
On neurological examination, he had only neck rigidity with positive Kernig sign and planter was bilateral extensor. Rest of the CNS examination was within normal limit. Other systems were also within normal limit.
MRI of brain, done on 7th day of fever, showed diffuse brain edema without any structural abnormality, and the patient was diagnosed as dengue meningoencephalitis based on clinical presentation, MAC ELISA reactivity of IgM dengue, CSF profile, and normal routine blood test during and after GTCS.
Patient was treated only with IV fluid, paracetamol as antipyretic and anticonvulsant (IV phenytoin). On 3rd day onward he had no focal or generalized convulsion. Patient improved gradually, and neck rigidity was absent on the 5th day of hospital stay. Thereafter he had an uneventful hospital stay and was discharged on the 14th day."
PMC4750307_04,PMC4750307,Male,45.0,"A 45-year-old male patient, presented with high-grade continuous fever for 5 days without chills and rigor, persistent headache for 5 days, recurrent episodes of vomiting, and GTCS followed by drowsiness for last 3 days.
He was semiconscious (GCS E3M4V2) on first examination, and neurological examination showed he had only neck rigidity with positive Kernig sign. Deep tendon reflexes are all absent and planter was bilaterally extensor. Rest of the CNS examination could not be done. Other systems were also within normal limit.
MRI brain (plain and contrast), done on the 6th day of fever, showed bilateral symmetrical T2 hyperintensities in both thalamic regions [<PMC4750307_JNRP-7-114-g008_undivided_1_1.webp>]. So, the diagnosis of dengue meningoencephalitis was done.
This patient also was treated only with IV fluid, paracetamol as antipyretic and anticonvulsant. On 2nd day onward he had no event focal or generalized convulsion. Patient improved gradually, and neck rigidity was absent on the 11th day of hospital stay. Patient had uneventful hospital stay in the rest of the days and was discharged on the 14th day."
PMC4750307_05,PMC4750307,Male,34.0,"A 34-year-old male patient presented with high-grade continuous fever associated with chills and rigor for 7 days, persistent severe headache for 6 days, multiple episodes of vomiting, and disorientation for 5 days. There was a history of multiple episodes of GTCS for last 4 days. He had also purpuric spots in lower extremities for last 4 days.
On neurological examination, she had neck rigidity with positive Kernig sign. GCS Score was E1M4V2. No cranial nerve abnormality was noted. Motor examination revealed hypotonia on all four limbs. Planter was bilateral extensor. Rest of the CNS examination could not be done. Other systems were also within normal limit.
MRI scan of brain (plain and contrast), done on 8th day of fever, showed mild diffusion restricted altered signal intensity (hypointense in T1, hyperintense in T2, and FLAIR) in both thalamic and splenium of corpus callosum region [Figure 6], and the diagnosis of dengue meningoencephalitis was done.
Again, treatment was started only with IV fluid, paracetamol as antipyretic and anticonvulsant. Patient had several episodes of GTCS till 7th day of hospital admission. Then it gradually decreased and 12th day onward he had no episode of GTCS. Neck rigidity was absent on 16th day. Thereafter he had an uneventful hospital stay and was discharged on 21st day.
He was the only patient to have IgM dengue positivity in CSF."
PMC4750307_06,PMC4750307,Male,12.0,"A 12-year-old boy presented with 5 days continuous high-grade fever with chills and rigor, severe headache, anorexia, nausea, vomiting for 3 days, neck stiffness for 2 days, and drowsiness for 1-day. However, there was no history of loss of consciousness and convulsion.
His GCS was E4M6V5 on admission. On neurological examination, he had only neck rigidity with positive Kernig sign. Rest of the CNS examination was within normal limit. Other systems were also within normal limit.
MRI of the brain done on the 6th day of fever showed no detectable abnormality. A diagnosis of dengue meningitis was made based on the clinical presentation that is, fever and neck rigidity, MAC ELISA positivity for dengue, and the suggestive CSF profile.
His clinical condition improved gradually on conservative management with IV fluids and paracetamol. Neck rigidity disappeared after 10 days. He was discharged from the hospital after 2 weeks of hospital stay in a stable condition."
PMC4750307_07,PMC4750307,Male,19.0,"A 19-year-old male patient presented with high-grade continuous fever, headache, vomiting for 8 days, severe headache and vomiting for 4 days, and altered sensorium for 1-day. There was no history of convulsion during this period.
On neurological examination, he had neck rigidity with positive Kernig sign. GCS Score was E2M4V1. No cranial nerve abnormality was noted. Plantar was nonresponsive bilaterally, and hypotonia was found in all four limbs. Power could not be tested.
MRI scan of brain done on 9th day of fever showed areas of hyperintensities involving bilateral periventricular and parietal region with signal changes involving right cerebellar peduncle with involvement of upper brainstem which were suggestive of acute disseminated encephalomyelitis (ADEM) [Figure 7].
Patient became fully conscious after 2 days. Then on motor system examination it was revealed that he had quadriparesis with the power of right lower extremity 1/5, left lower extremity 2/5, and both right and left upper extremity 4/5. All deep tendon reflexes were diminished. There was no sensory impairment. MRI of whole spine showed hyperintense intramedullary signal changes involving spinal cord extending from C3 level downward until conus suggestive of myelitis with cord edema [Figure 7]. CSF study showed immunoglobulin synthesis index 0.72, immunoglobulin synthesis rate 6.5 mg/day with no oligoclonal bands. VEP was also normal. Autoimmune markers such as ANA, pANCA, and cANCA were negative.
So, a revised diagnosis of dengue meningoencephalomyelitis was made, and he was put on IV methylprednisolone 1 g once daily for 5 days. Patient regained his power in upper extremities, but both lower extremities had 4/5 power on discharge. At first follow-up, after 3 weeks of discharge he had no residual paraparesis.
Both the patient presented with fever (for 7 and 8 days), headache (both for 5 days), recurrent episode of vomiting (for 2 days and 1-day), and disorientation (both for 1-day). One had purpuric spots in lower extremities for 1-day. They had impaired sensorium on admission (GCS 8 and 9) but unremarkable neurological examination except for abnormal plantar response (B/L extensor and nonresponsive). One patient had severe hyponatremia, and other one had hyponatremia, neutropenia, and thrombocytopenia. Both the patients had elevated transaminase level. Both the patients had normal MRI brain and normal CSF picture. Both the patients regained their sensorium after conservative management and electrolyte correction within 7 days. So, metabolic abnormalities caused by dengue virus were considered as the cause for the CNS manifestations in both the patients and diagnosed as dengue encephalopathy. Both of them were discharged at the end of 2nd week."
PMC5408821_01,PMC5408821,Female,17.0,"The patient, a 17-year-old female, was admitted to the hospital on June 4, 2016, at 2:50 am. She had a history of seizures at eight years of age. She was managed with diphenylhydantoin for two years, after which the medication was discontinued. Her current illness began after returning from a school trip. At the end of the day, her teachers observed generalized tonic-clonic movements with increased muscle tone, though the duration was not noted. She was transferred to the regional hospital in Xochitepec, Morelos, where diphenylhydantoin was administered. However, her seizures continued. Epileptic status was suspected, and the decision was made to protect the airways with orotracheal intubation. She was then moved to Children's Hospital of Morelos. On admission, she did not exhibit respiratory effort, corneal reflex, or cough reflex. ACT revealed cerebral edema and severe ventricular collapse (Fig. 1). 
Her laboratory and blood tests reported are presented in Table 1. The patient remained on respiratory support. Two electroencephalograms (EEGs) were performed, with both being isoelectric. Based on the clinical and EEG reports, brain death was determined, and the patient was declared dead two days after admission. Reported serology for dengue NS1 via enzyme-linked immunoassay (ELISA) was positive; PCR to detect enterovirus in the cerebrospinal fluid (CSF) was negative."
PMC5408821_02,PMC5408821,Female,14.0,"A 14-year-old female was admitted to the hospital on June 5, 2016, at 2:20 am. The patient's symptoms started 12 h after clinical manifestation in her sister (Case 1). She had a 39  C fever and headache progression for 24 h. She presented with psychomotor agitation, followed by generalized tonic-clonic seizures. She was taken to Axochiapan Morelos Hospital for assessment. On admission, she exhibited neurological deterioration requiring orotracheal intubation and was sent to Children's Hospital of Morelos, where cranial computerized axial tomography (CAT) revealed severe cerebral edema and uncal herniation (Fig. 2). Her laboratory blood tests are presented in Table 1. She was transferred to the intensive care unit where hemodynamic and antiedema care was provided. On beginning intensive care, clinical data indicated brain death, which was confirmed by three isoelectric EEGs. The patient died in the hospital five days after admission. Serology positive for dengue NS1 by ELISA was reported, and PCR was performed to detect enterovirus in the CSF, with negative results."
PMC5408821_03,PMC5408821,Female,6.0,"Both patients underwent anti-doping and immunoglobulin testing on admission (Table 1). At the time of interview, family members responsible for both patients were asked about any background that might indicate probable toxic poisoning of the patients, but no positive indications were obtained. When questioned about whether there was another member of the family with the same clinical picture, the mother of the children said that on June 3 of the same year, her 6-year-old daughter had a fever of 38  C. She was taken to a health center in the community of Axochiapan Morelos where paracetamol was prescribed, which improved the symptoms, and no other complications presented. Due to the history of the complications suffered by the patients, serology for dengue NS1 in the 6-year-old child was performed by ELISA, with a positive result.
In our country, the ELISA and PCR tests used for the detection of dengue virus are based on the Epidemiological Diagnostic and Reference guidelines of the Department of Health, performed as follows.
 Nonreactive: A sample with an index value < 0.5 is considered non-reactive for the dengue virus NS1 antigen.
 Equivocal: A sample with an index value between 0.5 and 1.0 is considered equivocal for the dengue virus NS1 antigen; such a sample should be analyzed again.
 Reactive: A sample with an index value >1.0 is considered reactive for the dengue virus NS1 antigen.
A commercial kit (Platelia NS1)  that is an immunoenzymatic method useful for qualitative or semiquantitative detection of the dengue virus NS1 antigen in human serum or plasma was used. The assay utilizes murine monoclonal antibodies (mAbs) for antigen capture and detection. Samples from patients and controls are incubated directly and simultaneously with the diluted conjugate for 90 min at 37  C. Any NS1 antigen present in the sample will form an immune complexes, mAb-NS1-mAb/peroxidase, which is detected using the enzymatic development solution, promoting a colored reaction (blue). After 30 min of incubation at room temperature, the enzymatic reaction is stopped by the addition of an acid solution (stop solution). The optical density obtained at 450/620 nm is proportional to the amount of NS1 antigen present in the sample. The presence of the antigen in a sample is established by comparing the optical density of this sample with that obtained in threshold serum. The results are interpreted according to the following criteria: 
 Negative: There is no viral RNA present, or there is an extremely low viral load related to the sensitivity of the method.
 Positive: ""Dengue virus infection is only indicated by NS1 positivity.""
Multiplex real-time reverse transcriptase-PCR (RT-PCR) has the ability to monitor the progress of amplification in each cycle. Data are collected from the first reaction cycle to the last, allowing relative and absolute quantification of the viral load present in the sample. Amplification of a specific sequence is monitored by detection of fluorescence signals emitted during the PCR cycles. The presence of high concentrations of RNA or number of copies of genetic material will cause an early increase in fluorescence, whereas low concentrations of RNA will cause an increase in fluorescence in later reaction cycles. As the dengue virus circulates in detectable concentrations during the acute phase of the disease (0-5 days), this assay is only used during the acute phase and in samples positive for the NS1 antigen. The results are interpreted according to the following criteria: 
A positive result is indicative of recent infection and the presence of viral RNA of the serotype(s) detected. Multiplex real-time RT-PCR determines the presence of RNA from the four dengue virus serotypes in serum and plasma. A positive result is indicative of recent infection caused by the serotype(s) identified."
PMC6417330_01,PMC6417330,Female,24.0,"A 24-year-old female underwent transcranial surgery for pituitary macroadenoma. She underwent the right frontotemporal craniotomy. The lesion was approached through right subfrontal and pterional transsylvian corridor. Postoperatively, she was recuperating well in the neurosurgical intensive unit. She was fully conscious and oriented with a Glasgow Coma Scale (GCS) of 15/15. Computed tomography (CT) scan done at this juncture was uneventful with only postoperative changes [<PMC6417330_AJNS-14-211-g001_undivided_1_1.webp>]. She had mild fever which manifested on the 4th postoperative day which lasted for few days and subsided. All routine investigations were done which were equivocal and cultures were negative. After 2 days, we noticed a swelling over the craniotomy site which gradually increases by the 10th day to involve upper part of the face. A CT scan was repeated which showed subgaleal and extradural hematoma (EDH) beneath the craniotomy site with mild midline shift of 3 mm [<PMC6417330_AJNS-14-211-g002_undivided_1_1.webp>]. In view of the recent epidemic of Dengue in our region, we investigated her for NS1 antigen and Dengue IgM antibodies both of which turned out to be positive. Her platelet counts during this time were alarmingly low, 19,000/mm3. Further investigation revealed her activated partial thromboplastin time (APTT) was 59 s and international normalized ratio (INR) 1.3. Her blood group was ""O"" negative, and accordingly, she received multiple platelet concentrate transfusions without a notable rise in her platelet counts. By the 11th day her GCS deteriorated to 10/15 and there were multiple petechial hemorrhages all over the body. During this time, it was noticed that her left arm was swollen due to underlying hematoma at the venipuncture site. The radial pulse in her left arm disappeared due to ongoing compartment syndrome. She also started to develop anisocoria consequent to uncal herniation. Platelet count during this time was 40,000/mm3. In this life-threatening situation, it was decided to go ahead with emergency life and limb-saving surgery. She underwent craniotomy and evacuation of the EDH and fasciotomy of the left upper limb. Multiple transfusions of fresh blood, plasma, and platelets were given during the surgery as there was profuse bleeding from both sites. Hemostasis at the craniotomy site was achieved by the use of Floseal, a hemostatic matrix (Baxter Healthcare Inc.). After fasciotomy, the radial pulse in her hand reappeared and the wound was packed loosely with mop and dressing after achieving hemostasis; however, there was mild diffuse oozing from the dressing site.
After surgery, she regained consciousness to a GCS of 13/15 and her platelet count showed mild increase to 50,000/mm3. A repeat CT scan was taken which showed recollection of EDH [<PMC6417330_AJNS-14-211-g003_undivided_1_1.webp>]. Since she was conscious and alert we decided to wait and watch. But again, after 2 days she deteriorated in her consciousness and a repeat CT revealed the size of the EDH had further increased with mass effect on the brain [<PMC6417330_AJNS-14-211-g004_undivided_1_1.webp>]. She underwent emergency surgery during which there was diffuse ooze from the underlying dura. A meticulous hemostasis was achieved with bipolar cautery and surgical. She was given multiple platelet concentrate transfusions during this time. Postoperatively, she improved in her consciousness to a GCS of 12/15 and platelet counts rose to 65,000/mm3. A repeat CT scan was take after 3 days of second reexploration which showed that there was no further bleeding [<PMC6417330_AJNS-14-211-g005_undivided_1_1.webp>]. The fasciotomy site wound which had diffuse oozing also stopped by this time.
After the second resurgery, she developed chest infection and went into adult respiratory distress syndrome (ARDS). She was transferred to the critical care unit and was weaned off from the ventilator gradually. She recovered well from the ARDS and was discharged after 4 weeks with a Glasgow outcome scale of 5/5."
PMC6417330_02,PMC6417330,Female,1.0,"A 1-year old female child was referred to us with fever of 1-week duration and altered sensorium. She was initially assessed by the emergency paediatrician. She was drowsy with a GCS of 9/15. A CT scan was advised which revealed bilateral cerebellar infarcts and patchy hypodensities in the left middle cerebral artery territory [<PMC6417330_AJNS-14-211-g006_undivided_1_1.webp><PMC6417330_AJNS-14-211-g007_undivided_1_1.webp> and 7]. There was dilatation of the ventricles suggestive of obstructive hydrocephalus. She was referred to us for urgent intervention. After evaluating her clinically, placement of external ventricular drain was planned as an emergency measure to relieve the obstructive hydrocephalus. Preoperative investigations revealed she had low platelet count(30,000/mm3) and also showed positive reaction to dengue NS1 antigen. Her INR was 1.4 and APTT was 45 s. Multiple platelet transfusions were given with a modest rise in platelet counts to 50,000/mm3. An EVD was placed over the right Kocher's point to relieve the hydrocephalus after which the child became conscious to a GCS of 11/15. She started to localize for pain. After 1 week of placing the EVD, we were planning to convert it into a permanent ventriculoperitoneal shunt but her platelet counts never reached a crescendo to ensure a safe neurosurgical intervention. After 10 days when her platelets improved to 95,000/mm3, the EVD was clamped overnight. As there was no deterioration in her consciousness, the EVD was removed after draining a moderate amount of cerebrospinal fluid (CSF). Unfortunately, within 15 min of this, there was sudden worsening of her neurological status to decerebrate posturing with anisocoria. The EVD was immediately reinserted along the previous track. An urgent CT scan was taken which revealed a large intracerebral hematoma in the opposite cerebral hemisphere [<PMC6417330_AJNS-14-211-g008_undivided_1_1.webp>]. She went into profound hypotension and her pupils became nonreactive following this. She was started on hemodynamic supports with dual vasopressors but succumbed to a cardiac arrest on the next day."
PMC6417330_03,PMC6417330,Female,75.0,"A 75-year-old female had a history of fall at home after which she became unconscious and was brought to our hospital emergency. After resuscitation, a CT scan was taken which showed a right temporal lobe hematoma [<PMC6417330_AJNS-14-211-g009_undivided_1_1.webp>]. She underwent craniotomy and evacuation of hematoma after which she regained consciousness. She had an uneventful postoperative period until the 2nd week. Postoperative CT scan showed no fresh bleeding [<PMC6417330_AJNS-14-211-g010_undivided_1_1.webp>]. She was set to be discharged when she developed mild fever and altered sensorium. She was transferred to Intensive care unit and evaluated. Investigations revealed she had thrombocytopenia (63,000/mm3) which prompted us to evaluate her for dengue. She was positive for NS1 antigen and IgM antibody. Her INR was 1.3 and APTT was 40 s. She was administered platelet concentrates without a notable rise in her thrombocytopenia. After 4 days, her consciousness further deteriorated and chest X-rays revealed she had severe chest infection [<PMC6417330_AJNS-14-211-g011_a_1_2.webp><PMC6417330_AJNS-14-211-g011_b_2_2.webp>]. She was ventilated as she further developed respiratory failure sequelae to ARDS. Throughout her illness, her platelet counts never recovered to normal levels despite several platelet transfusions. Finally, she succumbed to her disease after a prolonged period of ventilation."
PMC6417330_04,PMC6417330,Male,82.0,"A-82-year-old otherwise healthy male had a history of fever of 1 week. He was not a diabetic or hypertensive. There was no history of trauma. After few days, he developed headache with vomiting which was associated with low backache. This was followed with gradual onset of weakness of lower limbs and urinary incontinence. The weakness worsened over the next few days to flaccid paralysis in both lower limbs. He was taken to a local hospital from where he was referred to us. On examination, he was conscious but not oriented. There were patchy ecchymotic patches on his sacral region. GCS was E4V4M5 along with Grade 0 power of lower limbs. There was no perception of any sensations below the trunk. There was normal power in the upper limbs. Investigations revealed he had severe thrombocytopenia (platelet count 20,000/mm3) which prompted further evaluation for dengue in view of ongoing epidemic. He was positive for dengue IgM antibodies. His INR was 1.3 and APTT was 45 s. Emergency CT scan of the brain along with magnetic resonance imaging (MRI) of the spine was advised. CT scan revealed diffuse patchy subarachnoid hemorrhages involving both cerebral hemispheres along with intraventricular bleed [<PMC6417330_AJNS-14-211-g012_a_1_2.webp><PMC6417330_AJNS-14-211-g012_b_2_2.webp>]. MRI spine showed he had subdural and intramedullary hematoma involving the thoracolumbar region. The spinal cord was distended from T11 to L1 regions due to underlying hematoma [<PMC6417330_AJNS-14-211-g013_a_1_2.webp><PMC6417330_AJNS-14-211-g013_b_2_2.webp> and 14]. It was decided to perform emergency decompression of the spinal cord, but his platelet counts were too low to perform a safe surgery. He was given multiple platelet transfusions after which thrombocytopenia slowly recovered partially to more than one lac over a period of 4 days after admission. He was taken up for surgery during which, a laminectomy of the T11, T12, and L1 vertebrae was performed. The cord was seen swollen with underlying bluish blush of the hematoma [<PMC6417330_AJNS-14-211-g015_undivided_1_1.webp>]. The dura was opened to visualize the underlying subdural clot which was removed slowly with biopsy forceps [Figure 16]. The hematoma was seen to enter the substance of the spinal cord and was splaying the nerve roots. Thorough irrigation with saline was given and the hematoma was evacuated in piecemeal. At the end of the surgery, the cord was seen pulsating after which a meticulous dural closure was achieved. He regained consciousness after surgery but the power in his lower limbs did not improve."
PMC4329688_01,PMC4329688,Female,13.0,"A 13-year-old girl presented to the emergency department with history of fever, severe headache, and vomiting of 3 days duration. She had an episode of generalized tonic clonic seizure at the time of presentation. On examination, she was conscious, oriented and her vital parameters were stable. Neurological and fundoscopic examinations were within normal limits. Laboratory investigations revealed blood hemoglobin of 14 g/dl, neutrophil count of 12,000 cells/mm3, and platelet count of 50,000 cells/mm3. Liver and renal parameters and D-dimer level were within normal limits. USG (GE healthcare, Logiq P6, Milwaukee, USA) of the abdomen revealed mild bilateral pleural effusion and minimal free fluid in pelvis. Non-contrast computed tomography  (CT) (Siemens Somatom Sensation, Erlangen, Germany) scan of the head showed asymmetric hypodensity in bilateral deep gray matter nuclei and right posterior parietal lobe without any hemorrhage. Cerebrospinal fluid (CSF) examination revealed mildly elevated protein with lymphocytosis and no red blood cells (RBC). Serologic testing for malaria and leptospira was negative. Serology and CSF analysis for dengue (IgM and IgG antibodies) was positive, confirming the etiology.
Magnetic resonance imaging (MRI) (Siemens Avanto, Erlangen, Germany) was performed the next day which revealed multifocal T2-weighted (T2W) and fluid attenuated inversion recovery (FLAIR) hyperintensities in bilateral cerebral hemispheres including basal ganglia [<PMC4329688_IJRI-25-52-g001_A_1_2.webp><PMC4329688_IJRI-25-52-g001_B_2_2.webp>]. Some of these regions showed restricted diffusion and subtle peripheral contrast enhancement [<PMC4329688_IJRI-25-52-g002_A_1_2.webp><PMC4329688_IJRI-25-52-g002_B_2_2.webp>]. None of the lesions revealed hemorrhage. Diagnosis of acute viral encephalitis was made based on the clinical and imaging findings. Patient was started on  methyl prednisolone (15 mg/kg/day for 5 days). Patient was clinically stable for next 2 days. On the 3rd day, she had another episode of generalized seizure with severe headache. Repeat laboratory investigations revealed blood hemoglobin of 13.5 g/dl, neutrophil count of 11,000 cells/mm3, and platelet count of 35,000 cells/mm3. Liver and renal parameters were within normal limits. Neurological examination at that time revealed weakness of right upper and lower limbs with a motor power of 3/5. Repeat MRI was performed which revealed hemorrhages [Figure 3] in the lesions that were noted previously. No new lesions were seen. She was managed conservatively with IV steroids and IV immunoglobulins. She improved clinically and was discharged a week later. At the time of discharge, the motor power was 4/5. Follow-up after 1 month revealed complete motor recovery in the right upper limb and a power of 4/5 in the lower limb."
PMC4823875_01,PMC4823875,Female,30.0,"Female, 30 years old.
Chills, febrile sensation, muscle pain.
There was nothing significant to report. No one in her family had ever had dengue fever.
None of her coworkers showed similar symptoms or were diagnosed with dengue fever. In the region where she lives, there was no report of any dengue fever case. She had not been recently bitten by any mosquito because it was winter at the time.
A year before she was injured by the syringe needle, she had visited Hong Kong for a short period. She had no other travel history.
The laboratory where she worked was a biosafety level 2 research facility. When she was injured by the syringe needle, she was in charge of infecting cultured mosquito cells with dengue virus type 2 (DENV-2). During that procedure, she transferred dengue virus solution in a 50 mL conical tube (hereafter referred to as ""the tube"") into a 10 mL syringe (hereafter referred to as ""the syringe""). Then, she connected the syringe to a disposable filter in order to filter the virus solution (<PMC4823875_40557_2016_104_Fig1_HTML_a_1_2.webp><PMC4823875_40557_2016_104_Fig1_HTML_b_2_2.webp>). While she was suctioning the virus solution with the syringe, she removed the needle attached to the syringe. At that moment, the needle cap was not stripped away. However, as she repeated that procedure, the amount of the virus solution contained in the tube decreased. She, therefore, reattached the needle to the syringe and stripped away the cap in order to suction the rest of the virus solution. When she tried to recap the needle to remove it, she was injured (<PMC4823875_40557_2016_104_Fig2_HTML_a_1_3.webp><PMC4823875_40557_2016_104_Fig2_HTML_b_2_3.webp><PMC4823875_40557_2016_104_Fig2_HTML_c_3_3.webp>).
The patient washed the wound in running water for 10 min according to laboratory biosafety accident countermeasures and first aid guidelines immediately after she was wounded. She, however, could not disinfect the wound because the necessary materials were not on hand. She went to a nearby hospital, got the wound disinfected, and went home. She kept working in that laboratory unit after the accident. She conducted daily self-tests using the SD BIOLINE Dengue NS1 Ag Rapid Test (Standard Diagnostics Inc., Yongin, South Korea), which is a rapid diagnostic test for dengue virus nonstructural protein 1 (NS1) antigen (Ag). Ten days after she was wounded, a positive test result was confirmed (Fig. 3). Symptoms had started one day before the positive reaction was confirmed. Muscle pains began first. Then, vomiting, chills, and a febrile sensation followed. Two days later, a rash started around both knees (Fig. 4). As symptoms appeared and a positive reaction was confirmed from a diagnostic kit, she went to a university hospital in the city of Gwangju on the third day of the symptoms. However, she did not receive any special examination or treatment. On the next day, the symptoms continued, and she was hospitalized in a community hospital near her home for symptomatic treatment.
When she was admitted to the hospital, the patient's blood pressure, pulse, and respiration rate were all within a normal range. Her body temperature measured in the axillary region was 37.3 C, indicating a mild fever. There was a rash around both knees, but physical examination revealed no other abnormalities such as edema or ascites.
The patient's blood test results when admitted were as follows: complete blood cell count results showed leukocytes of 3,390/mm3, hemoglobin of 13.3 g/dL, platelets of 300,000/mm3, and hematocrit of 41.0 %, showing slight leukopenia. The blood chemistry examination showed aspartate aminotransferase (AST) of 33 IU/L, alanine aminotransferase (ALT) of 26 IU/L, total protein of 7.7 g/dL, and albumin of 4.3 g/dL, which were within a normal range. Urine examination results were normal. On her sixth day of hospitalization, her blood sample was sent to the Korea National Institutes of Health (KNIH) for confirmatory tests. Immunoglobulin M (IgM) was measured twice using the DENV Detect  IgM Capture enzyme-linked immunosorbent assay (ELISA) (InBios International, Inc., Seattle, WA, USA) and Panbio  Dengue IgM Capture ELISA (Panbio Diagnostics, Brisbane, Queensland, Australia) once each. Both tests were positive. However, reverse transcription polymerase chain reaction (RT-PCR) was negative (Table 1).
During hospitalization, she complained of symptoms such as muscle pains, chills, mild fever, nausea, vomiting, and skin rashes accompanied by itchiness. In order to relieve her symptoms, she was treated with acetaminophen, antihistamines, and so on. On the third day of hospitalization, in spite of the ongoing treatments, the muscle pain expanded to her entire body, and the rash kept spreading to other parts of her body. However, on the fifth day of hospitalization, her major symptoms disappeared, except the rash. The rash continuously expanded to her entire body, including her arms, legs, and face. Then, on the seventh day of hospitalization, the rash began to improve.
Blood tests on the third day of hospitalization showed leukocytes of 2,410/mm3, showing that leukopenia had worsened. AST and ALT increased to 66 IU/L and 48 IU/L, respectively. On the sixth day of hospitalization, leukocytes were 6,390/mm3, showing no leukopenia. However, AST was 235 IU/L and ALT was 269 IU/L, both increasing further. Then she was treated with hepatotonics. On the eighth day of hospitalization, when she was discharged, AST and ALT decreased to 46 IU/L and 145 IU/L, respectively (Table 2). She had neither residual symptoms nor blood parameter abnormalities when she underwent follow-up two weeks later."
PMC11004779_01,PMC11004779,Female,25.0,"A 25-year-old female was admitted after 3 days of progressive abdominal pain located in the epigastrium of a stabbing type intensity 9/10, associated with vomiting. Physical examination showed a distended abdomen, increased frequency of bowel sounds, and tenderness in the upper abdominal area on palpation. Dry mucous membranes, skin and sclera with jaundice ++/+++. The following laboratory tests were performed: complete blood count, amylase, lipase, liver profile (albumin, globulins, total and fractionated bilirubin, glutamic oxaloacetic transaminase GOT, glutamic pyruvic transaminase GPT, alkaline phosphatase), urea, creatinine, and urine test. Leukopenia 3500 cells/mul, hemoglobin 11.2 g/dl, hematocrit 33.6%, platelets 175,000 cells/mul, total bilirubin 4.76 mg/dl, direct bilirubin 4.58 mg/dl, albumin 3.4 g/dl, GOT 1989, GPT 2540, leukocytes in urine >100 cells/field and bilirubin in urine 1+ and reactive hepatitis A virus antibodies were found. She was hospitalized and given hydration, antiemetics and analgesics. During her hospital stay, vomiting decreased in frequency, but nausea and fever persisted. On her 5th day of hospitalization, a reactive result was obtained for IgM IgG for dengue positive and NS1 negative."
PMC10750506_01,PMC10750506,Male,29.0,"A 29-year-old Pakistani male was presented to the Emergency Department of a Tertiary Care Hospital in Karachi on October 19th, 2022, with an altered level of consciousness for 1 day and a history of fever, vomiting, and abdominal pain for the past 5 days.
On history, the fever was high grade with chills and rigors. The pain was aching, localized to right hypochondrium, aggravated with vomiting, and did not relieve with paracetamol. He then gradually developed an altered loss of consciousness and speech impairment which progressively worsened. The patient was admitted to another hospital for 4 days before being referred to the current setup after noticing behavioral alterations. Anti-HBs test, Anti-HAV IgM, and Anti-HEV IgM showed that Hepatitis A, B, and E infections were negative.
On the third day of illness, a Panbio Dengue immunochromatography assay, and an immunochromatographic test for Malaria were utilized, and both yielded a negative result. A chest X-ray was also performed as shown in Figure 1.
Upon receiving the patient in the emergency department, pulse and blood pressure were recorded as 63 beats/min and 94/50 mmHg. He was physically assaulting family and staff members alike, along with displaying resistance to therapeutic care by removing cannulas and nasogastric tubes and to taking medicine. On evaluation by the Psychiatry Department, he was under the impression of delirium. The laboratory investigations are reported in Table 1, which evidently reports deranged Liver Function values. The patient was injected with 1 l of Ringer's lactate to stabilize his vitals and was then advised admission to the Medical High-dependency care Unit (HDU).
The patient was received in Medical HDU, not oriented. The abdomen was examined to be flat, with the lower edge of the liver palpable 1 cm below the costal margin with moderate tenderness in the right hypochondrium, no splenomegaly was appreciated, however, with signs of free fluid present with positive shifting dullness. Pupils were found to be equally reactive to light bilaterally.
The patient was shifted to Medical Intensive Care Unit (ICU) on the sixth day of illness and was being treated along the lines of Fulminant Liver Failure. The progressive fluctuations in hemoglobin levels, Total Leukocyte count, Platelet count, and electrolyte levels since before and during admission to the ICU are tabulated in Table 1.
The patient was subjected to the treatment regimen, which included Meropenem 1 gm IV x TDS, Omeprazole 40 mg IV x OD, N-acetylcysteine 150 mg/kg in five divided doses, loading dose of 150 mg/kg in 100 ml 5% dextrose water over 15 min with the maintenance dose of 12.5 mg/kg/h over 4 h and third dose of 6.25 mg/kg/h over 16 h, Mannitol 200 ml IV stat then 100 ml IV x OD (3 days) and Syrup Lactulose 30 ml BD.
On the eighth day of illness, a Dengue IgM Antibody test was performed on the patient, which yielded a positive result. The test was conducted using the Calbiotech Inc. (Catalog No. DE051M) ELISA test system, an enzyme-linked immunosorbent assay designed to detect IgM antibodies to Dengue virus in human serum or plasma.
An ultrasound of the entire abdomen was also performed with the following findings:
The liver, pancreas, spleen, and kidneys were normal in size.
The gallbladder wall was appreciated to be thick and hypoechoic, measuring 1.0 cm, with no masses or calculi apprehended. The common bile duct was found to be 0.4 cm in diameter, and the findings were indicative of acute acalculous cholecystitis.
Gross ascites were evident, along with bilateral gross pleural effusions secondary to lung collapse.
The patient became tachypneic and tachycardic with a drop in Glasgow Coma Scale due to which the patient was electively intubated on the seventh day.   The patient gradually developed scrotal swelling, which was evaluated by the Urology Department on the 12th day of illness. The department commented on the patient having generalized body swelling which predisposed to scrotal swelling. The patient was currently on a mechanical ventilator and required only scrotal support and elevation for relief. He also developed an abnormal breathing rhythm which was found secondary to blockage of the endotracheal tube with blood clots signifying massive internal hemorrhage. Four packs of Fresh Frozen Plasma, six packs of platelets, and one bag of Packed Cell Volume were transfused to combat the deteriorating hemodynamics of the patient. The patient succumbed to the disease at 10:18 A.M. on the thirteenth day due to hemorrhage secondary to multi-organ failure, as a complication of Dengue fever."
PMC10876100_01,PMC10876100,Male,30.0,"A 30-year-old man, resident of Uttarakhand, security officer by occupation presented to the emergency department with a history of acute onset high-grade fever for the last seven days. He was associated with mild to moderate intensity holocranial headache and hiccups for the last five days; and acute onset, continuous, dull aching, right hypochondrial pain on a log scale of 4 out of 10 for the last four days. He also complained of dizziness with one episode of fall without loss of consciousness or seizure episode three days back. He was admitted to a hospital and had a total platelet count of 54,000/dL with Dengue NS1 positivity. In the hospital, he developed agitation, aggressive behavior, and confusion not recognizing family members, followed by drowsiness and aphasia. For these complaints, he was referred to our tertiary care hospital. There was no history of vomiting, rash, diplopia, blurring of vision, seizure episode, or any bleeding manifestation. There was no history of recurrent fever, cough, or any recurrent infections in the past to suggest any immunocompromised state neither he had any history suggestive of vector-borne diseases. Social history was negative for smoking, alcohol, illicit drugs, or high-risk behavior. Documentation of the last hospital admission did not show the administration of any antibiotics or steroids.
On physical examination, the patient had sinus bradycardia of 48 heart rate per minute with normal blood pressure, a random blood glucose of 243 mg/dL, had icterus and was conscious but disoriented to time, place, and person, and had hoarseness of voice. No signs of meningeal irritation were noted, and other neurological examinations were normal. On respiratory system examination, he had inspiratory crackles over bilateral infra-axillary and infra-scapular areas. Multiple creamy white lesions were noted on the posterior oro-pharyngeal wall and palate (<PMC10876100_cureus-0016-00000052627-i01_A_1_2.webp>, 1B). The patient had mild tenderness on the right hypochondriac region without organomegaly.
His blood investigation showed worsening thrombocytopenia (38,000 cells/mm3), leukopenia (2,600 cells/mm3), and hematocrit of 37.2%. Hydration with intravenous fluid was continued and gradually his sensorium improved on the next day. Peripheral smear showed no atypical cell or blast. Prothrombin time was within normal (14.6 seconds). Serum glutamic oxaloacetic transaminase (SGOT) was 2,912 units/liter serum glutamic pyruvic transaminase (SGPT) was 1,712 units/liter, total bilirubin of 7.3 mg/dL and direct bilirubin of 4.5 mg/dL, alkaline phosphatase was 150 Units/liter. The renal function test was within normal limits. Microscopy of oro-pharyngeal swabs showed budding yeast cells, and culture of the same grew candida. Cardiac biomarkers (CPK-MB - 11 IU/L, troponin-T - 0.01 ng/mL) were within normal limits. Tropical fever workup showed dengue NS1 positive (ELISA method). Anti-HIV, anti-HCV, and HBsAg were negative. HBA1C came out to be 7.1% and fasting C-peptide was within normal (3.44 ng/mL). USG whole abdomen showed mild hepatomegaly (16.8cm). Fundoscopy showed no evidence of papilledema, and indirect laryngoscopy showed normally functioning vocal cords, with mild congestion.
Severe dengue fever was kept as a primary diagnosis. There was no other endocrinopathy or hearing loss in the patient. Although diabetes mellitus is itself an immunodeficiency condition, it was not severe in this case. The possibility of primary immunodeficiency cannot be ruled out, but no history of recurrent infections was there.
The sensorium of the patient improved gradually over the next one to two days. Liver function tests also improved, and platelet count started improving with conservative management without any antibiotics. For oral candidiasis, nystatin ointment was used, and it improved significantly. Hoarseness also started improving with voice rest and gargling with chlorohexidine mouthwash.
Case 2"
PMC10876100_02,PMC10876100,Male,43.0,"A 43-year-old man, a resident of Uttar Pradesh, driver by occupation, a smoker for 25 years, and occasional alcohol consumer, having a previous history of dengue fever six years back, known patient of diabetes mellitus, presented with a history of acute onset intermittent, high-grade fever associated with chills during the last seven days followed by mild to moderate epigastric pain and two episodes of gum bleeding. He also noticed yellowish discoloration of eyes for three to four days, and throat pain for two days. On examination, the patient was hemodynamically stable with a random blood sugar of 180 mg/dL and had multiple ecchymoses over the arm and abdomen, icterus, and multiple creamy white patches over the tongue, posterior oro-pharyngeal wall and palate (<PMC10876100_cureus-0016-00000052627-i02_A_1_2.webp>, 2B). Tenderness was noted on the right hypochondriac region; on respiratory system examination, the patient had inspiratory crackles over bilateral infra-axillary and infra-scapular areas. The rest of the systemic examination was unremarkable.
Baseline blood investigation showed hematocrit of 39.7%, thrombocytopenia of 19,000/mm3, and total leukocyte count of 6,700/mm3; liver function test showed total bilirubin of 3.56 mg/dL, direct bilirubin of 2.00 mg/dL, SGPT of 450 Units/liter and SGOT of 633 Units/liter, with alkaline phosphatase of 559 Units/liter. The renal function test was within normal limits. A tropical fever workup came positive for dengue NS1 (ELISA method), and viral markers (anti-HCV, anti-HIV I/II, and HBsAg) were non-reactive. Serum HBA1C level was 10%. Fundoscopy showed no evidence of hypertensive or diabetic retinopathy, and urine routine microscopy showed no evidence of proteinuria. Abdominal ultrasonography showed grade II fatty liver with coarse liver echotexture without any sign of portal hypertension or dilatation of biliary radicle. Upper gastrointestinal endoscopy showed evidence of oro-pharyngeal candidiasis but not esophageal involvement or any varices there.
The patient improved with conservative management and transfusion of random donor platelets. Oral thrush improved with nystatin suspension, 4 mL four times a day. Over the next two weeks, the patient reported a complete resolution of throat pain. Blood glucose was optimized using subcutaneous regular insulin (10U three times a day) in the outpatient setting."
PMC10932498_01,PMC10932498,Male,17.0,"A 17 year old male patient with no previous comorbidities presented with a 13 day history of high grade fever and productive cough. The patient also had nausea and vomiting for 7 days, followed by bilateral flank and epigastric pain for 5 days. The patient was initially treated for dengue fever (Dengue NS1 test positive) at rural health care facilities in Kashmir. The patient developed sinus bradycardia, heart rate of 37 beats per minute, with borderline blood pressures of 100/70 mmHg that was managed with Atropine and transferred to the tertiary care hospital in Islamabad. On admission, patient was afebrile with normal liver function tests, thyroid profile, Antineutrophil Cytoplasmic Antibodies (ANCA) profile and Extractable Nuclear Antigen Antibodies (ENA) profile. Further workup revealed weakly positive (Antinuclear Antibody) ANA and elevated serum creatinine of 1.5 mg/dL (0.5-1.0 mg/dL) which was presumed to be pre-renal acute kidney injury. Baseline Hemoglobin was 14.7 g/dL, White blood cell count 4350/uL, and Platelets of 140 thousand/uL. On day 2 of admission he was started on intravenous fluids and empirical antibiotics. On the 3rd day of admission, patient developed apprehension. 12 lead ECG was done along with cardiac enzymes. Cardiac enzymes were found to be elevated with Troponin I of 2610 pg/mL and CKMB 9 %, however ECG did not reveal any specific ischemic changes. Echocardiography performed on day 2 of admission was consistent with reduced LV systolic function of 35 % with mild tricuspid and pulmonary regurgitation, along with mid-ventricular ballooning and hyperdynamic apices depicting reverse takotsubo syndrome [<PMC10932498_jchim-14-01-072f1_undivided_1_1.webp>]. Patient was shifted to critical care unit thereon for cardiac monitoring. He was started on guideline directed medical therapy for cardiomyopathy.
During his stay in critical care unit the patient developed sinus bradycardia (heart rate ranging between 40 and 60 beats per minute, which did not require Atropine) with hypotension. Hypotension was largely attributed to hypovolemia, which resolved with careful intravenous fluid resuscitation. IV fluids were discontinued after adequate oral intake was established. Bradycardia improved sequentially.
Repeat echocardiography was performed after 72 h which revealed same ejection fraction as before. Patients blood and urine culture were sent to the lab and revealed no microbial growth. At the time of discharge patient was hemodynamically stable and afebrile. His cardiac enzymes had improved with Troponin I down to 862 pg/mL and CKMB 3.4 %. Labs revealed improved serum creatinine of 1.25 mg/dL. His bradycardia had fully resolved and he was discharged with a plan for follow up echocardiography after 5 days. Discharge medications included Valsartan tablet 40 mg once daily (OD), Aspirin 75 mg tablet OD and a multivitamin tablet 22.5 mg OD all to be taken orally for a month.
Furthermore, he was found to be Vitamin D deficient (Vit D levels 6 ng/mL - Normal range 20-50 ng/mL), therefore a Vitamin-D3 cholecalciferol tablet once daily was added to his prescription. For persistent dyspepsia Tablet Omeprazole 40 mg tablet OD was also prescribed to be taken orally for 14 days. Tablet Valsartan 40 mg and tablet Aspirin 75 mg were continued on once daily dosage. On follow up 5 days after discharge repeat echocardiography showed complete reversion to normal left ventricle function and improvement of ejection fraction to 60 %."
PMC10870101_01,PMC10870101,Female,51.0,"A 51-year-old female patient presented to our medical center with complaints of altered sensorium, fever, and chills for the past five days, and dyspnea for the past two days.
A general examination revealed an average build, with the patient being moderately nourished. She was febrile with a body temperature of 100 F, and had a pulse rate of 128 bpm, blood pressure of 100/70 mmHg on inotrope, 94% SpO2, and respiration rate of 24 cycles/minute; dehydration was also noted. Positive findings included fever, tachycardia, hypotension, dehydration, tachypnea, and hypoxia.
During the systemic evaluation, on the central nervous system (CNS) examination, the patient exhibited signs of lethargy, irritability, noncompliance with verbal instructions, and movement of all four limbs. There was no neck stiffness. Kernig and Brudzinski signs were negative. Bilateral pupils reacted similarly to light. Bilateral extensor plantar reflex was noted. On respiratory examination, bilateral fine basal crepitations were present. On per abdominal examination, mild hepatomegaly was noted.
We investigated dengue, Leptospira, malaria, typhoid, and rickettsia, which are common causes of acute febrile illness with associated altered sensorium and mild-to-severe hepatic impairment. Day 1 reports (Tables 1, 2) suggested dengue and Leptospira coinfection fever with mild hepatitis and thrombocytopenia. Fluid resuscitation was started with crystalloids for dehydration and injection. Doxycycline 100 mg twice a day is given intravenously to treat leptospirosis.
MRI of the brain (Figure 1) and CSF studies were conducted, both of which showed viral encephalitis changes.
In addition to two episodes of melena, there was worsening of the patient's thrombocytopenia, and the development of ecchymosis over both the upper and lower limbs occurred on day 3 (<PMC10870101_cureus-0016-00000052466-i02_A_1_4.webp>-2C). Furthermore, there was a great deal of subcutaneous edema on the front side of the left elbow and the area immediately around the forearm, as well as fluid-filled vesicles (bullae) all over the left upper limb (<PMC10870101_cureus-0016-00000052466-i02_D_4_4.webp>); the patient was transfused with single-donor platelets, fresh frozen plasma, and packed red blood cells.
An endotracheal intubation was performed on the patient immediately after she experienced respiratory distress on day 6, and mechanical ventilator support was started at the same time.
High-resolution computed tomography (HRCT) of the thorax was performed, which revealed bilateral pleural effusion and ground-glass opacities in the superior segment of the right lower lobe with interlobular septal thickening in the left lower lobe (<PMC10870101_cureus-0016-00000052466-i03_A_1_3.webp>-3C), suggestive of pulmonary edema. An undiluted infusion of furosemide 200 mg injection was started. The patient was kept on mechanical ventilation while arterial blood gases (Table 3) and other laboratory data were examined (Tables 1, 3).
The patient was taken off the mechanical ventilator, and a T-piece experiment was performed before extubation. The patient was transferred to the ward for observation and then discharged. The follow-up went smoothly."
PMC10777759_01,PMC10777759,Female,24.0,"A 24 years old, previously healthy female presented with a history of fever for 4 days, with a maximum recorded temperature of 103 F. Fever was associated with chills and rigor. Along with this, she also had a history of severe myalgia and arthralgia. For these symptoms, she had not sought any medical care. On the third day of onset of fever, she developed severe epigastric pain, which was nonradiating, aggravated by consumption of food and associated with multiple episodes of non-bilious vomiting. There was no history of similar episodes in the past. She was initially being managed at a local hospital for 3 days, where she was improving with conservative treatment. The patient however presented to our center seeking specialist care on her own accord. She did not have any history of alcohol consumption. On examination, her vitals were stable, and there were no signs of pallor, icterus, or dehydration. On abdominal examination, there were no findings apart from mild tenderness in the epigastric region. All other findings of systemic examination were within normal limits.
Her blood investigations revealed a blood count of 16,070/mm3 (58.5% neutrophils, 33.9% lymphocytes), hemoglobin of 9.3 g/dl, platelets count was 85,000. The White Blood Cell (WBC) counts gradually reduced while the platelet counts went up on subsequent investigations. Her amylase and lipase were found elevated to more than 3 times of the reference upper limit, with amylase of 350 U/l (reference range: 28-100 U/l) and lipase of 833 U/l (reference range: <60 U/l). On liver function tests, total and direct bilirubin were 30 gm/l and 19 gm/l, respectively. Aspartate aminotransferase was 51 U/l, alanine aminotransferase was 62 U/l, alkaline phosphatase was 150 U/l, total protein was 63, and albumin was 24 U/l. On serological investigations, she was found positive for dengue IgM; however, dengue IgG was negative. These findings pointed us toward acute pancreatitis in the background of dengue fever.
The ultrasonography of abdomen and pelvis came out to be normal. On contrast enhanced computed tomography (CECT) scan, pancreas was found to be bulky (Figure 1, green arrow), measuring approximately 2.5 cm at the neck; however, there was no peripancreatic fluid collection or peripancreatic fat strandings. The main pancreatic duct was of normal caliber. The common bile duct was also normal in course and caliber, without any evidence of stones. Minimal left pleural effusion with adjacent subsegmental atelectasis was seen, and minimal pelvic ascites was also noted. With these findings, she was diagnosed with mild acute pancreatitis complicating dengue fever. Since the patient was hemodynamically stable and was improving both clinically and on biochemical parameters, she was managed conservatively with intravenous fluids and analgesics. She was discharged on 4th day of admission in stable condition and was doing well on follow-up."
PMC10805995_01,PMC10805995,Female,49.0,"A 49-year-old female with no known comorbidities presented with history of fever, generalized body weakness and loss of appetite and who had been diagnosed with dengue fever after positive results of NS1 antigen and was under oral Paracetamol 500 mg per oral (as per required) presented to emergency room with retention of urine after 5 days of her initial symptoms. She was discharged with Foley's catheter in situ. Two days following this, she presented to ER again with inability to stand and walk which was associated with weakness and tingling sensation of bilateral lower limbs. She also complained of burning sensation over dorsal aspect of right foot for 3 years but had no history of any known comorbidities like diabetes, hypertension, or thyroid disorders.
Her vitals were stable and central nervous system examination showed intact higher mental functions. There were no signs of meningeal irritation. Muscle power was normal in the upper limb whereas it was decreased bilaterally in the lower limb. Her sensory examination revealed intact fine and crude touch but vibration and joint position sensation were reduced on bilateral lower limbs, abdomen and chest below T2 level. Superficial abdominal reflex was abolished and knee and ankle reflex were absent bilaterally with plantar reflexes bilaterally upgoing. Neurological examination of upper limbs, the cranial nerves and cerebellar examination were normal. Ophthalmological examination were also within normal limits.
Laboratory investigations showed normal complete blood counts and no growth on blood culture. Her HIV serology was nonreactive and blood sugar, electrolytes, kidney function tests, vitamins level were within normal limits. CSF analysis and auto immune panel also did not point us toward any pathological condition. Patient clinical profile did not guide us to perform serological evidence of anti-aquaporin 4 (NMO-IgG) to rule out neuromyelitis optica spectrum disorder (NMOSD). As shown in <PMC10805995_CCR3-12-e8461-g002_undivided_1_1.webp>, MRI Brain did not reveal any significant finding. However, MRI dorsal spine (Figure 2) showed mild disc bulge at the L4/5 and L5/S1 levels, mild bilateral neural foraminal stenosis without major neural impairment, and lumbar spondylosis-like characteristics.
Provisional diagnosis of TM was made based on patient's symptoms and correlating with the examination and investigations. MRI report of mild disc bulge at L4/L5 could not explain the examination findings of reduced vibration and joint position sensation in chest, abdomen and bilateral lower limbs below T2 level.
She was admitted and managed with analgesics and IV methylprednisolone 1 g intravenously once a day for 5 days and then changed to oral prednisolone 60 mg per oral once a day. Bladder catheterization was removed after 5 days. Physiotherapy was also started in hospital. Her symptoms of weakness improved dramatically with starting of steroids and she could walk with assistance. She was discharged after 8 days of hospital stay and advised to follow-up in OPD (outpatient department). As per advice, on neurophysician consultation, her steroids were tapered gradually over 30 days but for her burning sensation, she was started and advised to continue capsule gabapentin 100 mg, three times a day. In the follow-up after 2 weeks, the patient had no difficulty walking in level ground and her condition drastically improved. She is under regular follow up in our OPD."
PMC10995331_01,PMC10995331,Female,41.0,"A 41-year-old Taiwanese female contracted DENV-1 infection during the 2023 endemic in Taiwan and was confirmed by positive results of dengue non-structural protein 1 (NS1) antigen assay and polymerase chain reaction (PCR) examination. The platelet count reached the nadir at 102,000 cells/L on day 7 after the onset of DF (Post Symptom Onset Day 7, PSO 7). She had a history of optic neuritis (ON) in the left eye (oculus sinister, OS) more than 10 years ago. This time, she suffered from sudden onset blurred vision OS on PSO 10 with a white blood cell count of 7,600/mul and a platelet count of 272,000 cells/L. There were no pain or limitations in the eye movement.
The ophthalmic examination on PSO 11 revealed her best corrected visual acuity (BCVA) being 1.0 per glass (PG) right eye (oculus dexter, OD) and 0.05 PG OS. There was minimal relative afferent pupillary defect OS. The color plate test was 11/15 OD and 5/15 OS. Intraocular pressure (IOP) was 8.8 millimeters of mercury (mmHg) OD and 9.5 mmHg OS. The slit lamp showed no remarkable findings. Fundus examination (Figures 1A, B) and optical coherence tomography (OCT, Figures 2A, B, 3) showed macular edema, disc hyperemia on both eyes (Oculus Uterque, OU) with ellipsoid zone (EZ) infiltration, and probably involving the choriocapillaris OS. Magnetic resonance imaging (MRI) of the head was also performed, but no evidence of active ON is present (Supplementary Figure 1). She was then diagnosed with dengue maculopathy OU, with OS more severe than OD.
Systemic survey accidentally found type 2 diabetes mellitus, hypertension, and hypertriglyceridemia, while excluding human immunodeficiency virus (HIV) infection and syphilis, and yielded a negative result in antinuclear antibodies, anti-phospholipid autoantibodies, and the connective tissue disease screening panel (Anti-CTD screen).
She received pulse therapy with intravenous 250 mg of methylprednisolone four times daily for 1 day, followed by intravenous dexamethasone 5 mg once, along with oral aspirin 100 mg daily, and topical prednisolone.
However, blurred vision persisted, and a new central scotoma OS was noted on PSO 15. A follow-up examination found worse BCVA (0.6 OD and 0.0125 OS) and new mild vitreous haze (2+) OS. Therefore, oral prednisolone 40 mg daily was given for 1 week and was tapered down gradually over 2 months. Color fundus (Figures 1C, D) on PSO 16 found macular and perimacular edema. Fluorescent angiography (Figures 1E-H) and OCT (<PMC10995331_fmed-11-1379429-g0002_C_3_4.webp><PMC10995331_fmed-11-1379429-g0002_D_4_4.webp>) on PSO 16 showed capillary leakage, vitreous opacity OS, and late staining at disc OU. Visual field examination (Figures 1I, J) on PSO 17 showed an enlarged blind spot OS with a mean deviation (MD) of -4.86 decibels (dB). All evidence, including vitritis, small vessel vasculitis-related maculopathy, and optic disc inflammation, are consistent with the diagnosis of AMN.
With treatment, the color plate test soon normalized, no more vitreous cell was found, and BCVA gradually improved within a week. Follow-up BCVA was 0.7 OD and 0.05 OS on PSO 29 and 1.0 OD and 0.1 OS on PSO 38. During her latest follow-up, color fundus and OCT showed less hyper-reflective material with residual EZ disruption and the BCVA improved to 0.16 OS. The patient is currently on low-dose oral corticosteroids with a maintenance dosage of 5 mg on PSO 59 (Figure 4)."
PMC11378234_01,PMC11378234,Male,17.0,"A 17-year-old male recipient of matched-sibling donor transplant for myelodysplastic syndrome, on immunosuppressive agent, presented with fever and body ache on day +317. Donor chimerism at day +180 was >90%. At presentation, CBC showed Hb = 16.5 g/dL, hematocrit (HCT) = 48%, platelet = 90 x 109/L. Physical examination revealed harsh vesicular breathing. Dengue NS1 antigen was detected. Blood cultures were negative. He was managed conservatively for 1 week as inpatient with intravenous hydration, analgesics, and antipyretics. Platelet count dropped to 24 x 109/L followed by recovery without need for transfusion."
PMC11378234_02,PMC11378234,Male,16.0,"A 16-year-old boy, with severe aplastic anemia, presented in transplant emergency with high-grade fever associated with shivering, pain in right hypochondrium and loose watery stools for 2 days, on day +88 posttransplant. Pan cultures and other infective workup were negative while Dengue NS1 antigen was detected. His platelet count declined rapidly with rising hematocrit level. He was managed aggressively with supportive care, intravenous hydration, and platelet transfusions during critical phase. He also had slightly deranged renal function and liver enzymes were elevated two times upper normal limit. However, the coagulation profile was normal. Mild pleural effusion and moderate ascites were also observed on ultrasound. He stayed in the hospital for 15 days for management of dengue fever."
PMC11378234_03,PMC11378234,Male,10.0,"A 10-year-old boy with transfusion-dependent beta-thalassemia along with secondary hemophagocytic lymphohistiocytosis (proven on bone marrow biopsy) received matched-related donor transplant. On day +130 posttransplant, he reported in emergency department with 1 day history of continuous high-grade fever and myalgias. He was on tacrolimus, mycophenolate mofetil, and oral prednisolone for Graft vs host disease (GVHD) prophylaxis along with eltrombopag for poor graft function and incomplete blood count recovery. His blood counts revealed Hb = 10.5 g/dL, white blood cell (WBC) = 7.0 x 109/L, Absolute neutrophil count (ANC) = 4.2 x 109/L, Platelet = 16 x 109/L. Dengue NS1 antigen was detected. Supportive treatment was offered along with platelet transfusion. Coagulation profile was slightly deranged. He developed vomiting, loose stools, abdominal distension and periorbital puffiness, and rising creatinine and deranged liver function test. On the fourth day of admission, he became restless, his urine output decreased with increasing abdominal distension, developed tachycardia, tachypnea, and severe hypotension. Cardiac support was started following crystalloid administration, platelet, and Fresh frozen plasma (FFP) transfusion along with all other emergency measures but unfortunately he collapsed and could not be revived."
PMC11378234_04,PMC11378234,Male,5.0,"A 3.5-year-old boy presented with high-grade fever and body ache for 1-2 days after 8 months of allogeneic stem cell transplant for transfusion-dependent beta-thalassemia major. He was on cyclosporine for GVHD prophylaxis and antitubercular treatment for pulmonary tuberculosis which he developed 4 months after transplant. He was diagnosed with dengue fever and developed thrombocytopenia and leucopenia rapidly with deranged coagulation during febrile phase. After 5 days of febrile illness, his platelet counts further dropped to a nadir of 15 x 109/L, followed by recovery phase. There were no signs of plasma leakage. Child was discharged uneventfully after 10 days."
PMC11378234_05,PMC11378234,Male,19.0,"A 19-year-old male diagnosed case of T cell acute lymphoblastic leukemia presented on day +103 of matched-sibling donor transplant with fever, throat pain, and flu-like symptoms. His dengue NS1 antigen was positive, with mild thrombocytopenia. His posttransplant course remained uneventful with full donor chimerism and negative Measurable residual disease (MRD) status at day +100 posttransplant. No admission was required as he was managed with supportive care and serial monitoring of blood counts in outpatient department."
PMC11378234_06,PMC11378234,Male,64.0,"A 64-year-old gentleman, post-autologous stem cell transplant for multiple myeloma, presented with persistent fever and cough. Though dengue NS1 antigen and serology were negative, clinical and laboratory parameters favored the diagnosis of dengue fever. Chest X-ray was normal. His platelet count fell from 123 x 109/L at baseline to 30 x 109/L and serum creatinine increased along with gross hematuria. Nephrologist was taken on board and patient was managed conservatively with hydration, continuous bladder irrigation, and platelet transfusion support. On ninth day of his admission, he was discharged after improvements were seen in his renal function, and his thrombocytopenia and hematuria were resolved."
PMC11378234_07,PMC11378234,Male,16.0,"A 16-year-old male with acute myeloid leukemia underwent matched-sibling donor transplant. Eighteen months posttransplant, off immunosuppressant, he presented with intermittent fever for 24-48 h and found to be positive for dengue NS1 antigen. He only had thrombocytopenia, without any significant complications. He was successfully managed as an in-patient with hydration, analgesics, antipyretics, and serial monitoring of blood counts for 5 days."
PMC11378234_08,PMC11378234,Male,8.0,"An 8-year-old child, admitted in transplant unit for haploidentical stem cell transplant for beta-thalassemia major, developed fever spike on day +26 posttransplant. Pan cultures were sent with all other infective workup. Piperacillin/tazobactam and amikacin were started empirically. He grew Escherichia coli in urine culture with raised C-reactive protein and procalcitonin. Laboratory workup was negative for dengue NS1, malarial parasite, galactomanan, BKV, and Cytomegalovirus (CMV). Antibiotics were continued according to culture and sensitivity report. Second fever spike occurred 4 days later and that time dengue serology turned out to be positive. He also developed features of plasma leak syndrome confirmed on ultrasound of whole abdomen and chest X-ray. He was successfully managed with Intravenous immunoglobulin (IVIG) rescue therapy and supportive care treatment."
PMC11378234_09,PMC11378234,Male,4.0,"A 4-year-old boy, with transfusion-dependent beta-thalassemia major, underwent second stem cell transplantation at our institute. He developed fever on day +1, which persisted intermittently for 10 days. He was initially managed on febrile neutropenia protocol. All of his infective workup turned out to be negative. Multiple sets of cultures were also negative along with dengue NS1 antigen. Afterward, after a fever-free interval of 72 h, he developed a new fever spike and dengue NS1 antigen was detected at that time. Neutrophil engraftment was achieved on day +11. He was managed with hydration and broad-spectrum antibiotics (Meropenem 40 mg/kg) during neutropenic phase. Ultrasound abdomen revealed flattened bowel mucosa, edematous gallbladder, moderate ascites, and mild pleural effusion. His peripheral film showed rings of plasmodium falciparum, for which antimalarial therapy was immediately started but on the very next day (day +22) he succumbed to respiratory failure."
PMC11003597_01,PMC11003597,Male,27.0,"A 27-year-old male deceased donor kidney transplant recipient presented to us 6 months posttransplant with high-grade fever, retro-orbital pain, headache, and myalgia of 3 days duration. His brother, who lives with him, had similar complaints, and was diagnosed with dengue fever. His native kidney disease was IgA nephropathy. His dialysis vintage was 6 years. He received basiliximab induction and was on triple-drug immunosuppression (mycophenolate mofetil, tacrolimus, steroids). He had immediate graft function with nadir creatinine of 0.8 mg/dl. There was no history of abdominal pain, dysuria, or yellowish discoloration of urine or sclera. Also, there was no history of arthralgia, rash, and seizures/altered sensorium. On general physical examination, he showed signs of dehydration, hypotension with a blood pressure of 90/60 mmHg, and tachycardia. Systemic examination was unremarkable. Routine laboratory tests revealed pancytopenia, acute allograft dysfunction, hyponatremia, and sinus tachycardia on electrocardiogram (ECG) [Table 1]. Tacrolimus trough level was 7 ng/ml. Ultrasound abdomen and pelvis was suggestive of mild splenomegaly. Intravenous fluid therapy was started immediately, which consequently led to improvement in blood pressure. Tacrolimus dose was reduced, mycophenolate mofetil was stopped, and a stress dose of steroids was initiated. Because of thrombocytopenia, investigations were sent to look for tropical infections. Dengue NS1 antigen returned positive. Workup for leptospirosis, malaria, and scrub typhus was negative. Blood and urine cultures were sterile. Hence, a diagnosis of dengue fever was made. During the ward course, kidney functions and blood pressure normalized. However, fever persisted, pancytopenia continued to worsen, and inflammatory markers such as hsCRP and D-dimer were rising [Table 2]. He developed mucosal bleed with petechiae due to thrombocytopenia, which required transfusion of single donor platelets. Among all the blood tests performed, a few were particularly noteworthy - serum ferritin level 26,250 ng/ml and lactate dehydrogenase (LDH) level 665 U/l. Because of recovered dengue fever and allograft dysfunction, but worsening pancytopenia, he underwent a bone marrow biopsy. Simultaneously, we looked for CMV, EBV, and parvovirus DNA polymerase chain reaction (PCR) levels, which returned negative.
Bone marrow aspiration was suggestive of hypocellular marrow with erythroid predominance and maturation arrest in the granulocyte series with evidence of hemophagocytosis [<PMC11003597_IJN-34-079-g001_undivided_1_1.webp>]. The peripheral smear did not show any features of hemophagocytosis. A diagnosis of HLH secondary to dengue viral infection was made based on the modified HLH 2009 criteria [Table 3]. This patient had fever, splenomegaly, pancytopenia, elevated ferritin levels, hypertriglyceridemia, and hemophagocytosis on bone marrow aspiration, satisfying the diagnostic criteria for HLH.
He was started on intravenous (IV) dexamethasone 10 mg/m2 (as per the HLH 2004 protocol), which was tapered over 10 days. Following this, the fever subsided, and the patient improved symptomatically. Pancytopenia improved over the next 3 days. HLH markers repeated every 3 days showed an improving trend. He was discharged in a stable condition with normal allograft function and reduced levels of inflammatory markers on day 10. On follow-up visits, the tacrolimus dose was optimized and mycophenolate mofetil was restarted approximately 1 week after discharge."
PMC10981262_01,PMC10981262,Male,40.0,"A 40-year-old male patient from Ica, a coastal city in Peru, with a medical history of epilepsy, has been on treatment with valproic acid and lamotrigine for the past 10 years. He denies alcohol, tobacco, or drug use. Five days before the consultation, the patient experienced ""red spots"" and had a fever of 39.2 C, leading to a diagnosis of dengue through a positive NS1 antigen test. New samples were sent to the national reference laboratory, which confirmed the case by positive IgM antibody test. Since the patient had no risk factors, he was advised for home treatment with hydration and paracetamol.
During the dengue episode, the patient experienced general discomfort, ocular itching, and vesiculobullous skin lesions on the face, chest, and lower limbs, accompanied by fever and respiratory difficulty. These nonpruritic lesions, upon touch, would detach and secrete a serous fluid.
The physical examination revealed a patient in fair general and nutritional condition, with vital signs showing a blood pressure of 110/70 mmHg, a heart rate of 90 beats per minute, a respiratory rate of 16 breaths per minute, and oxygen saturation of 96% with an inspired oxygen fraction (FiO2) of 0.21%. Skin examination revealed bullous lesions with erythema on the head, upper limbs, lower limbs, and chest, while mucous membranes displayed bloody features and desquamative lesions. These manifestations affected approximately 10% of the total body surface. The Nikolsky sign was positive. Based on this clinical examination, SJS was diagnosed, and complementary tests were requested (Table 1).
The patient was admitted to the intensive care unit, where a treatment plan was implemented, including a hyperproteic liquid diet, hydration, dexamethasone administration, dermatological care, pain management, and modification of anticonvulsant therapy.
Despite initially slow progress, the patient showed gradual improvement (Figure 1). After 6 days in the intensive care unit, he was transferred to the internal medicine department, where he continued with a modified diet and antibiotic treatment. The patient experienced a seizure episode that was successfully treated with diazepam. Finally, he was discharged after 14 days with appropriate instructions and follow-up care."
PMC10777758_01,PMC10777758,Female,58.0,"A 58 years old female from Western Nepal presented during a dengue outbreak, with complaints of fever for 4 days, myalgia and arthralgia. The fever was intermittent in nature, documented maximum of 102 F, associated with chills and relieved with oral paracetamol. She had multiple episodes of nonbilious, non-projectile vomiting. She also had a history of throat discomfort but without any dysphagia. She gave history of reduced appetite, weakness, fatigue and light-headedness upon standing from a sitting position. There was no history of headache, alteration or loss of consciousness, abnormal body movements, rash, flu-like symptoms, cough, abdominal pain, chest pain, burning micturition, or abdominal distension. Bowel and bladder habits were normal. She has no known comorbidities. She is post-menopausal without a history of tobacco smoking, alcohol abuse, or any other substance use.
On examination, her vitals were within normal limits with blood pressure of 100/70 mmHg, pulse of 90 bpm, SpO2 of 95% in room air, respiratory rate of 19 breaths/min, and temperature of 97 F. The findings of systemic examination were within normal limits. Blood investigations revealed total counts of 10,600/mm3, with 85% neutrophils and 12% lymphocytes. Liver function tests were abnormal, with aspartate aminotransferase of 251 U/L and alanine aminotransferase of 300 U/L. Serum sodium was 127 mmol/L and C-reactive protein was positive. She was found positive for dengue NS1 antigen.
Though there were no chest complaints, we performed a routine ECG (Figure 1) to look for any cardiac involvement. The ECG presented ST-segment elevation in leads V3, V4, V5, V6, II, aVF; T-wave inversion in leads I, aVL, V4, V5, V6; and abnormal Q waves in leads I, aVL, V1 to V6. Troponin I also came back positive. On echocardiography, left ventricular ejection fraction of 60% was noted with anterior wall hypokinesia. With these reports, the diagnosis of STEMI with dengue fever was made. Primary management with loading doses of aspirin, clopidogrel, and atorvastatin was done, and percutaneous coronary intervention (PCI) was planned. PCI was done immediately, and 80%-90% stenosis with clot was present in proximal left anterior descending artery (LAD). Stenting with drug eluding stent was done in LAD, and the patient was monitored in cardiac care unit. There were no complications post-procedure, and she was discharged after 8 days of admission on aspirin, atorvastatin, clopidogrel, metoprolol, and spironolactone. Her health was improving on subsequent follow-ups without manifestation of any complications."
PMC11795545_01,PMC11795545,Male,32.0,"A 32-year-old previously healthy male presented to the emergency department with a 5-day history of high-grade fever, myalgia, and generalized fatigue. He reported that the fever was persistent, often exceeding 39 C, and was associated with chills and rigors. He also experienced severe muscle pain, particularly in the lower back and legs, which significantly limited his mobility. On initial evaluation, the patient was alert but appeared uncomfortable due to pain. Vital signs revealed a heart rate of 110 beats per minute, blood pressure of 100/60 mmHg, and a temperature of 38.5 C. The physical examination noted mild hepatomegaly, but there were no signs of a rash, lymphadenopathy, or jaundice. No neurological deficits were observed at this stage.
Initial laboratory investigations were conducted, revealing thrombocytopenia with a platelet count of 85,000/mm3 (normal range: 150,000-450,000/mm3) and mild elevations in liver enzymes, specifically aspartate aminotransferase (AST) at 75 U/L and alanine aminotransferase (ALT) at 85 U/L (normal range: 10-40 U/L). Hematocrit levels were stable at 44 %, and a complete blood count showed leukopenia with a white blood cell count of 4000/mm3 . Serological testing for dengue fever was conducted, resulting in positive IgM and IgG antibodies, confirming a diagnosis of dengue fever. The patient was treated conservatively with supportive care, including intravenous hydration and acetaminophen for fever management. After three days of treatment, his fever resolved, and he experienced a gradual improvement in symptoms. He was discharged from the hospital on day 8 with advice to monitor for any new or worsening symptoms.
On day 10 after the onset of fever, the patient returned to the emergency department, reporting the sudden onset of weakness that began in his legs. He described the weakness as starting distally in the feet and progressing rapidly upwards, with noticeable difficulty in walking. Within 24 hours, he developed weakness in his arms, rendering him unable to lift his arms above shoulder level. Additionally, he reported paresthesia, including tingling and a ""pins and needles"" sensation in both hands and feet. During the neurological examination, the following findings were noted: bilateral, symmetric flaccid paralysis of all four limbs, with the patient being unable to perform movements against gravity. Deep tendon reflexes were absent, with no signs of muscle atrophy. Sensory examination revealed a diminished response to light touch and pinprick sensations in a glove-and-stocking distribution. Cranial nerves were intact, and there was no evidence of respiratory distress or bulbar involvement.
Given the rapid progression of neurological symptoms, the patient was admitted to the intensive care unit (ICU) for close monitoring and further evaluation. An urgent electromyography (EMG) and nerve conduction study were performed, which revealed significant demyelination characterized by prolonged distal motor latencies and reduced conduction velocities, confirming the diagnosis of acute inflammatory demyelinating polyneuropathy (AIDP), the most common subtype of Guillain-Barre Syndrome. A lumbar puncture was also performed to analyze cerebrospinal fluid (CSF). The CSF analysis revealed an elevated protein level of 110 mg/dL (normal range: 15-45 mg/dL) with a normal white blood cell count, consistent with albuminocytologic dissociation:a hallmark of GBS.
Given the diagnosis of Guillain-Barre Syndrome secondary to dengue infection, the patient was started on intravenous immunoglobulin (IVIG) therapy at a dose of 0.4 g/kg/day for five days. Additionally, early physical therapy was initiated to prevent complications related to immobility and to aid in recovery. Throughout his ICU stay, the patient was closely monitored for respiratory function, as GBS can lead to respiratory muscle weakness. Fortunately, he did not exhibit any respiratory compromise. Over the course of treatment, the patient began to show signs of improvement in muscle strength and sensation, with gradual recovery noted in both upper and lower extremities.
By the end of his hospitalization, approximately four weeks post-admission, he had regained near-complete strength in his upper limbs. However, he continued to experience mild residual weakness in his lower limbs, particularly with activities requiring strength in the hip flexors and ankle dorsiflexors. He was discharged from the hospital with a comprehensive rehabilitation plan and outpatient follow-up. At his three-month follow-up visit, the patient reported significant recovery, with nearly full strength regained in all extremities and the ability to walk independently without assistance. He was encouraged to continue his outpatient physical therapy to maximize recovery and prevent long-term complications."
PMC11754817_01,PMC11754817,Female,14.0,"A 14-year-old patient was admitted on November 21, 2023 to the pediatric department of a multidisciplinary hospital in the central federal district of the Russian Federation on day 4 of the disease with complaints of fever for 4 days up to 40  C, muscle aches, sore throat, runny nose, dry cough, rash on the extremities, nosebleeds, abdominal pain and liquid stools.
From the history of the disease, it is known that the patient fell ill on November 17, while on vacation in the Maldives. Since November 17, fever up to 40  C and myalgia were noted. From 2 days onwards, a rare dry cough, sore throat and rash on the extremities joined, prompting the parents to seek medical attention at the local hospital. After examination, a diagnosis of dengue fever was made (confirmed by a positive immunochromatographic rapid test for antigen in the blood). Infusion therapy with saline unbalanced solution such as 0.9 % isotonic sodium chloride solution was performed, as well as symptomatic antipyretic therapy. Upon returning to Moscow on day 3 of the disease, severe abdominal pain and liquid stools up to 3 times, and nosebleed occurred at the airport. In this regard, the patient was examined by a physician and hospitalization was recommended, which the parents refused. The next day, there was a repeated rise in temperature to 38.5  C, liquid stool once, rash on the distal parts of the extremities with rapid spread to the proximal parts, and catarrhal events persisted. An ambulance crew was called, and the patient was hospitalized in the pediatric infectious disease department.
Epidemiological history. No one in the family is sick. The patient was on vacation in the Maldives from November 11 to November 19, where she developed symptoms of the disease on the 6th day of her stay. Contacts with infectious patients, animals, rodents, birds and raw materials of animal origin are denied. Mosquito bites were reported. Swimming in bodies of water: ocean, swimming pool. Consumption of water from open sources and unboiled water is denied. Meals were eaten at the catering facilities, the hotel restaurant. No antibacterial drugs have been taken in the last 6 months.
Life history. In the first year, the patient grew and developed according to her age. She was vaccinated according to the National Calendar of Prophylactic Immunization, not vaccinated against DF. Previous diseases: ARVI not more than 6 times a year. No known hereditary diseases. The patient is observed by an otolaryngologist with a diagnosis of vasomotor rhinitis. No history of trauma or surgery. No allergic history.
On admission, the condition is moderate due to intoxication and hemorrhagic syndrome. The skin is of normal color, moderately moist. There are elements of a maculopapular rash of the ""isles of white in a sea of red"" type on the upper and lower extremities and back. The rash is also seen on the feet (see Fig. 1). There are insect bite marks on the upper and lower extremities. The tongue is covered with white plaque at the root. The visible mucous membranes are clean, the posterior pharyngeal wall is moderately hyperemic, there is conjunctival hyperemia in both eyes. Palatine tonsils are Grade 1 enlarged, loose, clean. Cervical lymph nodes are enlarged up to 15 mm, up to 2 per group, painless with soft consistency. Breathing through the nose is moderately difficult, the discharge is mucous. Vesicular breath sounds are heard over the lungs, there are no rales. Heart tones are audible, rhythmic, there are no murmurs. The abdomen is soft, painful on palpation down the intestine, in the epigastric region. Vesical symptoms: Murphy, Kerr, Ortner are negative. The gallbladder point is painless on palpation. The sigmoid colon is not spasmodic. The liver and spleen are not palpable. The genitals are of proper gynecoid form. The stool is liquid, brown, without impurities.
In addition to routine examination, a PCR blood test for dengue virus DNA was performed. For differential diagnostics, examination for malaria and cholera, acute intestinal infections, herpes virus infections, and examination of oropharyngeal swab materials for nucleic acids of 16 respiratory pathogens were performed. The instrumental examinations included abdominal and renal ultrasound scan, thoracic CT scan, ECG, and sinus CT scan (see Fig. 2).
According to the hematology findings (see Table 1), leukopenia, lymphopenia, and thrombocytopenia were noted on admission, which is consistent with changes characteristic of the viral etiology of the disease. In subsequent tests, these changes persisted, and a trend toward greater thrombocytopenia and lymphopenia was noted.
According to the blood chemistry findings (see Table 2), C-reactive protein (CRP) level was elevated 2 times of the norm on admission, with subsequent increase to 3 times of the norm in 2 days (by November 22).
On the first day of hospitalization on November 20, fever up to 39.6  C and rash with dynamics to spread to the proximal parts of the extremities persisted. Recurrent nosebleeds were reported. Based on the sinus CT scan findings (signs of bilateral maxillary sinusitis), some dynamics of CRP increase, intensification of catarrhal symptoms, it was decided to start empirical systemic antibacterial therapy (intravenous ceftriaxone). On the second day, November 21, the appearance of skin itching, a single moderate nosebleed, and a rash with gradual spread to the proximal parts of the extremities were noted. The cough syndrome persisted. The body temperature rose to 37.6  C during the day. Due to the change in the nature of the skin process (itching occurrence), persisting cough, and rhinosinusitis according to CT scan, the material of an oropharyngeal swab was examined to isolate M. pneumoniae DNA, and the blood was tested to determine the level of M. pneumoniae-specific IgM and IgG.
On the third day of stay, November 22, subfebrile fever and low-productive cough persisted, and skin itching was less troubling on antihistamine therapy. Rash on the hands had a trend towards regression, no nosebleeds were noted in 24 hours.
Taking into account the data of additional examination (positive M. pneumoniae IgM), it was decided to change the antibacterial drug (ceftriaxone to oral clarithromycin), intramuscular Meglumine acridonacetate, a low molecular weight interferon inducer, with a wide range of biological activity (antiviral, immunomodulatory, anti-inflammatory) was added at a dose of 250 mg/day every other day, No. 5. During the nucleic acid amplification test of the whole blood dated November 24, 2023, the RNA of antigenic group B arbovirus, a causative agent of dengue fever, was isolated. The next two days the patient was not feverish, the rash showed a trend towards fading and decreasing itching, and the catarrhal symptoms regressed. The patient was discharged from the Infectious Diseases Department on November 27 feeling good, her condition was satisfactory.
For detoxification and to control intoxication syndrome, the patient received infusion therapy with Meglumine sodium succinate, a balanced polycomponent crystalloid solution, at a dose of 400 mL/day by intravenous drip slowly from the 1st to the 5th day of hospitalization. Meglumine sodium succinate contains Na, K, Mg, Cl ions and succinic acid (succinate), it is an antihypoxic and detoxifying agent widely used in endogenous and exogenous intoxications of various genesis in adults and children from the age of 1 year. Due to the fact that Meglumine sodium succinate solution contains succinate, a universal metabolic intracellular metabolite, the solution has a positive effect on aerobic processes in the cell, reducing the production of free radicals and restoring the energy potential of cells, which is extremely relevant in the treatment of infectious diseases.
Thus, based on the data of the disease history, epidemiological anamnesis, complaints, physical and laboratory-instrumental examination data, the final diagnosis was established. The primary diagnosis: dengue fever of moderate severity. The secondary diagnosis: mycoplasma infection (M. pneumoniae) of moderate severity. The patient was discharged from the Pediatric Infectious Disease Department on November 27, 2023. On the therapy conducted, symptoms of general intoxication were managed, the temperature normalized, catarrhal events and rash resolved. Harsh breathing persisted in the lungs, there were no rales. Physiological functions were not impaired. Other organs and systems had no negative trends. The patient was discharged home with clinical improvement and recommendations for further treatment."
PMC11718385_01,PMC11718385,Male,31.0,"A 31-year-old male with a history of illicit drug use (cocaine and marijuana), and no significant medical history, was initially hospitalized for dengue fever with warning signs, confirmed by Non-Structural Protein 1 (NS1) antigen testing. Treatment included hydration therapy and antipyretics. Four days after discharge, the patient developed dyspnoea on moderate exertion, orthopnoea, and bradycardia, prompting readmission. Subsequently, he was referred to our institution for evaluation and management of severe bradycardia.
On admission, heart rate was 41 b.p.m., blood pressure 137/63 mmHg, and respiratory rate 13 breaths/min. Physical examination revealed bradycardic heart sounds, with otherwise unremarkable findings. Blood pressure remained stable throughout the episodes of third-degree atrioventricular (AV) block, with systolic pressures ranging between 110 and 130 mmHg and diastolic pressures between 70 and 80 mmHg, all within normal limits. Electrocardiography showed atrial fibrillation with a low ventricular response, along with T-wave abnormalities in Leads II, III, and aVF (Figure 1A). Metabolic studies during hospitalization were normal. Additional findings included Troponin-I at 24.3 pg/mL (reference range <17 pg/mL), Creatine Kinase-MB (CK-MB) at 4.3 ng/mL (reference range 0-6.3 ng/mL), and B-type Natriuretic Peptide (BNP) at 63 pg/mL (reference range 0-100 pg/mL). The initial transthoracic echocardiogram revealed mild left atrial dilation with a volume index of 37 mL/m2 and preserved biventricular systolic function, including a left ventricular ejection fraction (LVEF) of 65% and tricuspid annular plane systolic excursion (TAPSE) of 24 mm. The left atrial strain was measured at 16% (Figure 2). Transoesophageal echocardiography did not detect thrombi in the left atrial appendage. Two electrical cardioversions were attempted at 200 J each, resulting in temporary atrial pacing with nodal escape rhythm (Figure 1B).
Holter monitoring revealed first-degree atrioventricular block with a PR interval of 400 ms, second-degree Mobitz 2 atrioventricular block, third-degree atrioventricular block, four sinus pauses, the longest being 3.8 s, and migratory atrial rhythm (Figure 3). Antiarrhythmic therapy was not considered during episodes of paroxysmal atrial fibrillation due to the presence of bradycardia and atrioventricular block. Anticoagulation was also not initiated because the CHA2DS2-VA score was 0 points, and there was no evidence of thrombi on echocardiography. The patient underwent an exercise stress test using the Bruce protocol to assess chronotropic response, revealing sinus rhythm, atrial fibrillation, and nodal rhythm, with a maximum heart rate of 160 b.p.m. (during atrial fibrillation) and achieving 10.2 METS (metabolic equivalents) with functional Class I (<PMC11718385_ytae696f4_A_1_2.webp><PMC11718385_ytae696f4_B_2_2.webp>). Coronary computed tomography angiography showed no evidence of atherosclerotic disease, normal coronary artery origins with left dominance, a calcium score of 0 AU, and CAD-RADS of 0.
The patient was hospitalized for 7 days. Conservative management was chosen because the patient remained asymptomatic and showed no signs of circulatory compromise, leading to gradual recovery observed over a 30-day follow-up. The discharge criterion was based on a good chronotropic response during the exercise stress test. Holter monitoring at 30 days revealed only first-degree atrioventricular block with a minimum heart rate of 39 b.p.m., and at 6 months, the patient presented with sinus rhythm and a resting heart rate of 58 b.p.m. on ECG (Figure 5)."
PMC12923222_01,PMC12923222,Male,,"Case 1: A 32-year adult man working as a daily wage laborer was admitted to the general medicine ward with history of high-grade fever with chills and rigors, not sleeping and not eating for 3 days. The patient loose stools, and generalized body aches since the day of admission. After hospitalization, medical examinations were conducted. The test results showed a positive IgM ELISA for dengue. Further tests indicated a platelet count of 32000/mul; total leukocyte count of 6300/cm with lymphocytes at 52%. The patient was diagnosed with dengue fever accompanied by thrombocytopenia. On 2nd day of admission, a psychiatry referral was given for sudden episodes of irritability and altered behavior. He was overtalkative, overfamiliar, irritable, and had overgrooming behavior and big talks. The patient did not have a history of psychiatric illness, nor did he have any family history of psychiatric illness. MRI of the brain was normal. MSE revealed authoritative behavior with increased motor activity of the patient, increased rate, tone volume of speech with decreased reaction time of speech and ideas of grandiosity. The patient was diagnosed with Secondary mood syndrome with manic symptoms according to ICD 11 considering no prior predisposition to psychiatric illness and direct temporal relation of onset of his psychiatric symptoms to dengue fever. The patient was started on Tab. Divalproate 250 mg and gradually increased to 500mg. He showed improvement within 8 days and complete remission of symptoms in 14 days.
Case 2: A 21-year young man studying BTech was admitted in the general medicine ward with the history of high-grade fever of 3 days duration. Patient had fever, loose stools, vomiting and generalized body ache 2 days. Investigations were done on the 2nd day of fever. His dengue IgM ELISA test resulted in a positive result; other tests showed a platelet count of 24,000/mul, a total leukocyte counts of 7,400/cmm, and 48% lymphocytes. He was diagnosed to have thrombocytopenia and dengue fever. A psychiatry referral was given for sudden episodes of irritability and altered behavior. During interview, he was over talkativeness, restless, and authoritative. He was feeling that his friends are jealous of him and are trying to kill him and reported decreased need for sleep. There was no past or family history of psychiatric disorders. MRI of the brain was normal. MSE revealed authoritative behavior with increased motor activity of the patient, increased rate tone volume of speech with decreased reaction time, grandiose ideas, and delusion of persecution. He was diagnosed to have Secondary mood syndrome with manic symptoms according to ICD 11. He was treated with Tab Risperidone 4 mg and Tab. Trihexyphenidyl 2mg and showed resolution of symptoms within 10 days.
A 37-year adult woman homemaker by profession was admitted to the general medicine ward with the complaints of joints pain, high grade fever, gum bleeding, petechiae, nose bleed and loose stools for 2 days. On the third day of the fever, investigations were conducted. Her dengue IgM ELISA result was positive; other investigations revealed a platelet count of 12000/mul, total leukocyte count: 4700/cmm with lymphocytes 46%. She was found to have thrombocytopenia and dengue hemorrhagic fever. The MRI brain revealed no abnormality. A psychiatry referral was given after 10 days of admission for persistent pervasive low mood, decreased confidence and self-esteem, passive death wishes and suicidal ideations, frequent episodes of apprehension and palpitations and disturbed sleep and appetite for 8 days. On interview, she reported feeling of sadness without any reason. She would feel persistently sad and apprehensive even though she is not worried about her medical condition. The patient did not have a past or family history of psychiatric disorders. MSE revealed oriented patient with anxious mood, reactive distressed affect, worrying thoughts with intact insight and judgement. She was diagnosed with Secondary mood syndrome with depressive symptoms according to ICD 11. She was treated with Tab Sertraline 50 mg and Tab clonazepam 0.25mg and showed improvement within 17 days.
Case 4: A 56-year adult woman, a school teacher by profession, was admitted to the general medicine ward with complaints of joints pain, high grade fever for 2 days. Investigations were done on the 3rd day of fever. Her IgM ELISA for dengue was positive; platelet count of 32000/mul, total leukocyte count: 8300/cc with lymphocytes 48%. She was diagnosed as a case of dengue fever with thrombocytopenia. MRI revealed no abnormalities. A psychiatry referral was given after 3 days of admission for altered behavior. On interviewing, patient had irritability, disturbed sleep, and appetite, decreased interaction with family, suspicious of her family members and fearfulness. Patient had no prior history of psychiatric illness and no family history of psychiatric illness as well. MSE revealed oriented patient with fearful mood, reactive distressed affect with delusion of persecution and reference with poor insight and impaired judgment. The diagnosis of Secondary psychotic syndrome with delusions was made according to ICD 11. She was treated with Tab Risperidone 3 mg and showed improvement in 11 days."
PMC12715675_01,PMC12715675,Female,45.0,"A 45-year-old woman, otherwise fit and well attended the Emergency Department complaining of blurriness of her right eye (OD), since she woke up on the same day. She denied pain, ocular discharge, or redness. She had a history of joint and muscle pain, which started 8 days before. She went to her general practitioner one day after, when fever and vomit started. At this time, she was evaluated, and the diagnosis of dengue fever (DF) was done and confirmed by serology (NS1 antigen). 
At first ophthalmological evaluation, her best corrected visual acuity (VA) was 20/40 in OD, and 20/20 in the left eye (OS). Biomicroscopy showed no evidence of inflammation, and intraocular pressure (IOP) was normal in both eyes (OU). Fundoscopy revealed a discrete well-circumscribed, round yellow-orange lesion localized in the foveal region, retinal hemorrhages, macular oedema, soft exudates, and adjacent perivasculitis in OD. Left eye showed some discrete dot-blot retinal hemorrhages. Autofluorescence (FAF) showed hypoautofluorescence at the level of retinal hemorrhages, and fluorescein angiography (FA) was unremarkable. Optic coherence tomography (OCT) revealed an elevation and disruption of the foveal outer retina photoreceptors and/or retinal pigment epithelium, associated with cystic spaces in the inner retina, and accumulation of sub-retinal fluid (SRF). Central macular thickness (CMT) was 414 micrometers (microm). OS was normal (Figure 1 (Fig. 1)). OCT angiography (OCT-A) showed deep capillary flow deficit. Facing these symptoms and her medical history, the diagnosis of dengue maculopathy was done, and a complete blood count was requested, revealing hemoglobin of 13, hematocrits of 41% and 54,000 platelets. A complete uveitis panel was also requested, as the institution protocol demands - which includes herpes simplex, varicella zoster, and Epstein-Barr virus, HIV, VDRL, FTA-ABS, COVID-19 and rheumatological tests - with normal results. At this moment, no treatment was prescribed, and we have decided only to follow the patient closely.
She returned 3 days later, referring improvement of her visual acuity (OD - 20/25). A new OCT was performed, showing improvement of the macular findings, with some residual SRF. CMT decreased to 246 microm. One week later, she had no complains, visual acuity in the right eye was 20/20. Fundoscopy and OCT were normal (<PMC12715675_OC-15-15-g-002_A_1_4.webp><PMC12715675_OC-15-15-g-002_B_2_4.webp><PMC12715675_OC-15-15-g-002_C_3_4.webp><PMC12715675_OC-15-15-g-002_D_4_4.webp> (<PMC12715675_OC-15-15-g-002_A_1_4.webp><PMC12715675_OC-15-15-g-002_B_2_4.webp><PMC12715675_OC-15-15-g-002_C_3_4.webp><PMC12715675_OC-15-15-g-002_D_4_4.webp>))."
PMC13054369_01,PMC13054369,Male,52.0,"A 52-year-old man came to the emergency room with a sudden loss of consciousness for 1 h. The day prior, the patient had complained of a severe headache with nausea and vomiting more than 5 times. His family denied any other complaints, including seizures, limb weakness, facial drops, and a history of head trauma. This patient had hypertension without any medication. Five days earlier, the patient was hospitalized with DHF. Laboratory findings showed 30,000 thrombocytes and positive immunoglobulin M anti-dengue, and the patient was discharged on the 4th day.
On physical examination, the patient was found to be unresponsive with elevated temperature (38.6 C) and blood pressure (160/90 mmHg). Pulse 102x/min, respiratory rate 24x/min, pulse oximetry 97% on room air. Neurological examination revealed a Glasgow Coma Scale (GCS) of 3/15, without signs of meningeal irritation. Anisocoric pupils (6 mm/2 mm) with a negative light reflex were also noted in this patient. Laboratory findings also showed normal blood glucose levels (136 mg/dL), thrombocytopenia (74.000/muL), hemoglobin 14.3 g/dL, hematocrit 41%, normal leukocyte count, coagulation profile, and kidney function. The patient underwent radiological examinations, including a chest X-ray and non-contrast computed tomography (CT) of the head. A mild cardiomegaly was seen in the patient. CT scan showed a wide, hyperdense lesion in the right frontotemporoparietal region extending to the falc cerebri, with a hypodense transition suggestive of a subacute SDH [Figure 1]. Midline shift, a narrowed left ventricle, and cerebral edema were also noted.
Initial management of the patient included intubation with adequate oxygenation. Symptomatic management, mannitol at an initial dose of 200 cc every 8 h, tapering off, ondansetron injection 4 mg every 12 h, followed by citicoline mecobalamin injection. Antibiotics, ceftriaxone injection, were also given every 12 h. The patient underwent treatment in the intensive care unit under close monitoring, with no surgical intervention. Despite intensive medical therapy, the patient's condition worsened within 2 days of treatment, with signs of brainstem herniation. His pupils remained anisocor and unresponsive to light, and his blood pressure gradually decreased. The patient had a cardiac arrest on the 3rd day of treatment."
