case_id,pmcid,gender,age,case_text
PMC7305490_01,PMC7305490,Male,34.0,"A 34-year-old man, with no previously diagnosed chronic medical conditions, presented to the hospital with a three-day history of fever, myalgia and vomiting, associated with right upper quadrant abdominal pain. He denied any cough, shortness of breath, or other respiratory symptoms. He had no history of diarrhea, constipation or genitourinary symptoms. He had a travel history to Pakistan three months prior to the current presentation and was febrile with a temperature of 39.6  C, blood pressure of 109/72 mmHg, tachycardic with a heart rate of 148 beats per minute, tachypneic with a respiratory rate of 24 breaths per minute, with oxygen saturation of 97 % on room air.
Physical examination revealed a jaundiced man with tenderness in right hypochondrium with no guarding. Laboratory investigations were significant for leukopenia with white blood cell count 3.6 x 103/muL (reference range: 4.0-10.0 x 103/muL), lymphopenia 0.2 x 103/muL (reference range: 1.0-3.0 x 103/muL), hemoglobin 14.5 g/dL (13.0-17.0 g/dL) and thrombocytopenia with platelet count 30 x 103/mL (reference: 150-400/mL), elevated LDH 481 U/L (reference: 135-225U/L) and low haptoglobin < 10 mg/dL (30-200 mg/dL). Further investigations revealed direct hyperbilirubemia [total bilirubin 7.66 mg/dL (reference range: 0.30-1.23 mg/dL) with direct bilirubin 4.27 mg/dL (reference: 0-0.29 mg/dL)], C-reactive protein 238 mg/L (reference: 0-5 mg/L), procalcitonin 61.30 ng/L (reference: 0.5-2.0 ng/L), lactic acid 2.4 mmol/L (reference: 0.5-2.2 mmol/L), elevated ferritin level 1,831.0 mug/L (reference: 48-420 mug/L) and high d-dimer 5.40 mg/L (reference: 0.00-0.44 mg/L). The chest X-ray was unremarkable. The electrocardiogram showed sinus tachycardia.
Ultrasound of the abdomen revealed hypoechoic liver with prominent periportal tracts and no evidence of cholelithiasis. Malaria smear was positive for Plasmodium vivax with a parasitemia of 1.2 % with concomitant positive nasopharyngeal PCR for SARS-CoV-2. Initial treatment with artemether-lumefantrine was initiated with fluid resuscitation. Due to vomiting, artemether-lumefantrine was discontinued and intravenous artesunate was administered at a dose of 2.4 mg/kg at 0, 12, 24, and 48 hours. Once the patient was able to tolerate oral therapy, anti-malarial treatment was continued with artemether-lumefantrine. Repeated ultrasound of the abdomen revealed an interval decrease in the periportal echogenicity and normal echotexture of the hepatic parenchyma.
Upon discharge, laboratory investigations revealed normal white blood cell count 6.8 x 103/muL, hemoglobin 13.6 g/dL, improving platelet count 144 x 103/muL, and total bilirubin 1.35 mg/dL. During the hospital course, the patient did not develop any respiratory symptoms nor required any oxygen supplementation. The patient was discharged to a quarantine facility to complete a 14-day isolation and a primaquine prescription for treatment of P. vivax relapse. Repeated malaria smear after 5 days from initial presentation revealed clearance of parasitemia. COVID-19 nasopharyngeal PCR repeated 7 days after admission was confirmed as negative."
PMC5333739_01,PMC5333739,Male,11.0,"We report the case of an 11-year-old Nigerian boy, living in Italy since 2010. On August, 26th he flew back from a one-month stay in Nigeria, and two days later he started presenting fever. On August, 31st he complained vomiting and abdominal pain and was then conducted to the Emergency Room of our Hospital. Here, after an initial suspect of appendicitis, a diagnosis of Plasmodium falciparum malaria was made, and the patient was admitted to the Infectious Diseases ward. Body temperature was 38 C, while other vital signs were normal. His complete blood count showed leukopenia (WBC 4060, nv 4500-10800) and thrombocytopenia (PLT 59,000, nv 100,000-400,000), while hemoglobin was 13 g/dL (nv 13-16.5 g/dL). His chemistry profile showed hyperbilirubinemia (2.93 mg/dL, nv 0.2-0.5 mg/dL), AST 136 UI/L and ALT 122 UI/L (nv 13-51 UI/L and 15-47 UI/L, respectively), creatinine was 1.06 mg/dL (nv 0.3-0.9 mg/dL) and an increase of LDH values (657 U/L) was present (nv 120-330 U/L); C-reactive protein was 85.6 mg/L (nv <5 mg/L). He started therapy with piperachin/diidroartemisin 320/40 mg, 3 tablets qd, and as long as he kept presenting well-localized right upper quadrant abdominal pain, an ultrasound (US) was performed on September, 1st. The exam showed a starred sky appearance of the liver associated with a slightly enlarged gallbladder, with transonic content and thickened walls, suggestive of cholecystitis. A slight increase of the spleen's dimensions (pole-to-pole diameter 11 cm) was present, and in its context a hypo-anechoic, inhomogeneous ovalar lesion (diameter 1.5 cm) was found, raising a diagnostic doubt (Abscess? Hematoma? Cyst?). The pediatric surgeon confirmed a non-surgical approach for cholecystitis and antibiotic therapy with piperacilline/tazobactam 4.5 g tid (body weight of 42 Kg) was undertaken. As long as he kept presenting fever (<PMC5333739_mjhid-9-1-e2017023f1_undivided_1_1.webp>) although therapy for malaria was considered over (piperachin/diidroartemisin 320/40 mg, 3 tablets qd, from August, 31st to September, 2nd) and hemoscopy resulted negative, as suggested by the radiologist, the next day the US was repeated, showing multiple splenic abscesses. Therefore, serologies for Bartonella, Echinococcus and Entamoeba and blood cultures were sent.
Quantiferon test and coproparasitologic exam were executed, resulting both negative. An echocardiogram showed no endocarditic vegetations. On September, 5th the boy was transferred to the Pediatrics ward for cholecystitis and splenic abscesses. Antimicrobial spectrum was broadened with Claritromicine 250 mg bid per os. Blood tests were performed, including peripheral blood smear, quantitative Ig, total IgE, lymphocyte typing, hemoglobin electrophoresis and dihydrorhodamine 123 test, in order to evaluate any underlying hematologic diseases. On September, 8th, magnetic resonance imaging (MRI) of the abdomen was performed, confirming the presence of seven focal areas of signal alteration, with prevalent peripheral subcapsular distribution (maximum size 1.7 mm).
The morphology of the formations, especially of the most voluminous, was a pyramidal wedge with the apex pointing towards the hilum, and the base of the splenic capsule, while profiles looked finely irregular (<PMC5333739_mjhid-9-1-e2017023f2_undivided_1_1.webp> and 3). The radiographic appearance then made it less likely the possibility of splenic abscesses, in favour of a diagnosis of recent post-infarction outcomes or hematomas in a subacute phase. While all other requested exams resulted negative, on September, 13th, hemoglobin electrophoresis showed a percentage of HbS of 40.6%, HbA was 55.2% while HbA2 and HbF were respectively 3.5 and 0.7%. A diagnosis of SCT was then made.
On September, 15th the boy was discharged, with recommendations to radiologic follow-up and preconception counseling for him and his parents and without further antibiotic therapy.
On October, 13th the boy repeated the US, which showed a normal spleen. The timing of regression is compatible with the diagnosis of splenic infarction."
PMC6798169_01,PMC6798169,Male,51.0,"A 51-year-old man presented to the emergency department of the University Hospital of Basel, Switzerland with malaise, abdominal discomfort, floating yellow stool, jaundice and choluria of 4 days duration and a 6-8 kg weight loss over the last 6 weeks. He had returned from a 4 week trip to Ethiopia 3 weeks before seeking medical care. During his stay in Ethiopia, he consumed 1.25 g of Artemisia annua powder-tea on a daily basis as chemoprophylaxis for malaria. In about 90% of the cases he diluted the powder in boiling water, in the remaining 10% the powder was ingested mixed with food. The supplement had been purchased via the Internet. The patient provided us with the container, which had originally contained 50 g of a dark green powder (<PMC6798169_fmed-06-00221-g0001_undivided_1_1.webp>). At presentation 2 g were in the container, indicating that he had consumed a total of 48 g. During his stay in Ethiopia, he had also consumed other tea-like preparations [black tea (Camellia sinensis) daily for breakfast, coffee-leaf tea (once) and rita graveolens tea (twice)]. To our knowledge, there is no described hepatotoxicity related to these substances. He denied taking any other prescription, over-the-counter, or herbal medications. He had no previous- or family history of liver disease, alcohol or drug abuse, or risk factors for viral hepatitis. He reported that his wife, who accompanied him on his trip to Ethiopia, had also consumed Artemesia annua tea for malaria prophylaxis. She remained well throughout.
Apart from marked jaundice, he was in a good general condition and had unremarkable vital signs (afebrile with normal blood pressure, heart rate and respiratory rate).
Laboratory tests showed: alanine aminotransferase (ALAT) 91 U/L (normal, 9-59); aspartate aminotransferase (ASAT) 42 U/L (normal, 9-34); alkaline phosphatase (ALP) 151 U/L (normal, 40-130); gamma-glutamyl transferase (GGT) 416 U/L (normal, 12-68); total bilirubin 186.6 mumol/L (normal, 0-24) (conjugated bilirubin 168.5 mumol/L); and international normalized ratio (INR) 0.9 (normal, 0.9-1.3). Bile acid level was elevated to al level of 460.5 mumol/L (normal, 0-8.0). Differential blood count and c-reactive protein were normal. Mild hyponatremia and hypochloremia were present, consistent with the patient's increased water intake over the previous days. Serological tests for acute hepatitis A, B, C and E, Epstein-Barr virus and cytomegalovirus infection were negative. Coeruloplasmin was normal. Liver-specific auto-antibodies (anti-nuclear antibody, anti-neutrophil antibody, anti-smooth muscle antibody, anti-mitochondrial antibody, anti-proteinase 3 antibody and anti-myeloperoxidase antibody) were negative and IgA, IgM and IgG were within normal range. Abdominal ultrasonography showed a normal liver parenchyma, vessels and biliary ducts. The liver elastography was elevated (FibroScan, 12.7 kPa, normal range <5 kPa).
The patient was also evaluated at the Swiss Tropical and Public Health Institute for various potential underlying infectious conditions. Antibodies against rickettsia spotted fever were positive, however, this was considered unrelated to the clinical presentation and no antibiotic therapy was started.
The initial liver biopsy showed a portal hepatitis with lymphocytic infiltration of the bile ducts and diffuse intra-canalicular and intra-cytoplasmic bilirubinostasis. Neither fibrosis nor parasitic material was seen (<PMC6798169_fmed-06-00221-g0002_A_1_4.webp><PMC6798169_fmed-06-00221-g0002_B_2_4.webp>). A next generation sequencing analysis on DNA from peripheral blood leukocytes for genetic variants in the genes encoding the 3 most important hepatic transporters for bile acid homeostasis, namely BSEP, MDR3 and FIC1, found no variants typically associated with hereditary cholestatic liver diseases.
The toxicologic analysis of the Artemisia tea by liquid chromatography-mass spectrometry and gas chromatography - mass spectrometry revealed the following ingredients: arteannuin b, deoxyartemisin, camphor and scopoletin.
Treatment with prednisone 20mg twice daily and ursodeoxycholic acid 500 mg twice daily was initiated. Due to persistent jaundice as well as increasing bilirubin over 4 weeks despite treatment, a second liver biopsy was performed. The second biopsy showed a severe intracytoplasmatic as well as intracanalicular bilirubinostasis, with only minimal inflammation compared to the first biopsy (<PMC6798169_fmed-06-00221-g0002_C_3_4.webp><PMC6798169_fmed-06-00221-g0002_D_4_4.webp>). Corticosteroid treatment was discontinued, ursodeoxycholic acid was continued until resolution of jaundice and normalization of bilirubin (15.3 mumol/l) (<PMC6798169_fmed-06-00221-g0003_undivided_1_1.webp>) and relevant decrease of bile acids (19.5 mumol/l) which occurred three months after the disease's onset.
The case was reported to the pharmacovigilance unit of the Swiss national authority for therapeutic products (Swissmedic). Written informed consent was obtained from the participant for the publication of this case report."
PMC10176193_01,PMC10176193,Male,47.0,"A 47-year-old man experienced 2 months of progressive unilateral nasal blockage and recurrent anterior epistaxis. He denied other symptoms such as fever, malaise, weight loss, tinnitus, and diplopia. He was initially diagnosed with a nasal polyp and underwent resection. An initial pathological examination indicated malignancy, and he was referred to our centre. He had a history of 5 repeated falciparum malaria infections within 8 years period during occupational placement in Congo and Papua Island, both of which are malaria-endemic regions. He always received complete treatment for every episode of infection and had not experienced symptoms of malaria for the past 2 years. He lived on Java Island, which is not a malaria-endemic region and where our centre is located. He had no other significant comorbidities, including autoimmune disease and immunodeficiency. Data for previous infection by potential lymphomagenic viruses were not available since examination for these viruses was not available in our region. Upon presentation at our centre, he had a WHO performance status of 0 with an unremarkable physical examination. A repeat biopsy and pathological examination showed CD20 (+), highly proliferative DLBCL (Fig. 1a-c). Contrast CT scan showed a mass on the right maxillary sinus, destroying the posteromedial wall of the maxillary sinus, extending to the nasal cavity, ethmoid sinus, and masticator space, with metastasis to right cervical lymph nodes (Fig. 2a-c). Intracranial spread and distant metastasis were not detected. He was treated with six cycles of R-CHOP every 3 weeks (rituximab 375 mg/m2, cyclophosphamide 750 mg/m2, doxorubicin 50 mg/m2, vincristine 1.4 mg/m2, and prednisone 40 mg/m2 for 5 days) with G-CSF support as needed. He experienced no significant adverse event during chemotherapy. A repeat CT scan was performed 1 month after the completion of chemotherapy, showing a complete response (<PMC10176193_cro530337_f03_a_1_3.webp><PMC10176193_cro530337_f03_b_2_3.webp><PMC10176193_cro530337_f03_c_3_3.webp>). One month after CT scan, he experienced shivering, fever, sweating, and a return to normal temperature, which repeated irregularly for roughly 1 week, suggesting malaria. His complete blood count showed haemoglobin of 8 g/dL, haematocrit of 27.6%, leucocyte of 2,000 cells/muL, and platelet count of 10,000 cells/muL. The presence of falciparum malaria was confirmed through immunochromatographic testing of malarial antigen (Plasmotec Malaria-3, Indec Diagnostics, Jakarta, Indonesia). This case was considered a relapse since our centre is not in the malaria-endemic region. He was treated with a fixed drug combination of dihydroartemisinin (40 mg)-piperaquine (320 mg) 4 tablets qd on day 1-3 and primaquine 15 mg qd on day 1 (bodyweight of 61 kg). The patient completed the anti-malarial regimen without any adverse event. He experienced complete symptom resolution, and normalization of complete blood count, with no detected plasmodium on blood smear evaluation."
PMC6343228_01,PMC6343228,Male,32.0,"An HIV-infected 32-year-old male presented to Mulago National Referral Hospital, Uganda with a 2-week history of headache with fevers and a 1-day history of confusion ( Figure 1). He had been on ART (zidovudine, lamivudine, efavirenz) and co-trimoxazole prophylaxis for 5 years. 5 months prior, he was diagnosed with pulmonary TB by positive sputum Xpert MTB/RIF (Cepheid, Sunnyvale, CA, USA). He had completed 2 months of induction TB therapy (rifampicin, isoniazid, ethambutol, pyrazinamide) and was 3 months into continuation phase (rifampicin, isoniazid). He endorsed poor adherence to both ART and anti-tuberculous medications.
On examination, the patient was febrile (38.6 C). His blood pressure was 112/71 mmHg, pulse 94 beats/minute, respiratory rate 48, and oxygen saturation 98%. He was wasted, dehydrated, and had overt rigors. His Glasgow Coma Scale was 14/15 with nuchal rigidity and positive Kernig's sign. Cranial nerves were intact. He had normal tone and power in all limbs. A clinical diagnosis of HIV-associated meningitis was suspected and he was recruited into the 'Improving Diagnostics and Neurocognitive Outcomes in HIV/AIDS-related Meningitis' study (registration: ISRCTN42218549). Whilst awaiting further investigations, he received empiric therapy of ceftriaxone 2 g twice daily for possible bacterial meningitis.
A finger stick cryptococcal antigen lateral flow assay (CrAg LFA) (IMMY, Norman, Oklahoma, USA) was negative. Liver and renal function tests were normal. Cerebrospinal fluid (CSF) opening pressure was elevated to 33 cm CSF (normal <20 cm CSF), CSF white cells 590 /microl, protein 419 mg/dl (normal range 15-45 mg/dl), CSF lactate 9.5 mmol/L (normal range <2.5 mmol/l). CSF glucose was unavailable. Mycobacterium tuberculosis in CSF was confirmed on Xpert MTB/RIF Ultra; there was no evidence of rifampicin resistance. On day 2, he was initiated on dexamethasone at 0.4 mg/kg/day and induction TB-medications were re-commenced (rifampicin, isoniazid, ethambutol, pyrazinamide) for TBM. The IV ceftriaxone was stopped, his ART was continued. He continued to spike high-grade fevers (39.6 C.) with tachycardia (pulse 118 beats/min). A peripheral blood smear showed P. falciparum parasites (1+ trophozoites), despite a negative malaria histidine rich protein-2 (PfHPR2)-based rapid diagnostic test (Malaria Plasmodium falciparum Rapid Test Cassette, Vaxpert, Florida, USA). Given his ongoing neurological symptoms, which could be compatible with cerebral malaria, the decision was made to treat for severe malaria. Drug-drug interactions (DDIs) between rifampicin and artemisinin compounds, and rifampicin and quinine are recognized ( Table 1); a decision was made to treat with IV artesunate as the most efficacious anti-malarial for severe malaria . He received three doses of IV artesunate (3 mg/kg), after which a repeat peripheral blood smear showed no malaria parasites. He then completed 3 days of oral artemether/lumefantrine. His fevers subsided on day 6. He was discharged on day 8; medication adherence counselling was provided for the patient and his guardian and outpatient follow-up was arranged for the following week."
PMC3290876_01,PMC3290876,Male,54.0,"A 54 years old male Ugandan presented to Kenyatta National Hospital, a major referral tertiary hospital, in Kenya. He had initially reported with headache and joint pain to a local health facility in Uganda and was diagnosed to have severe Plasmodium falciparum malaria infection, and thereafter treatment with intravenous quinine commenced.
Treatment at the facility had been responsive; however two days after the onset, the patient started experiencing episodes of headache, pain, numbness, coldness, and swelling of the extremities. This was followed by darkening of the digits of his toes and hands, which gradually progressed proximally.
On presentation at out institution, he was conscious, alert, oriented, but lethargic and unable to walk. He was a non-smoker and non-alcoholic, and had no history of diabetes, hypertension or any angiopathies. He however had a history of numerous episodes of malaria bouts and a family history of hypertension with his father having succumbed to a stroke.
On physical examination, apart from fever, abdominal, cardiovascular, respiratory, and neurological systems were normal. Jaundice, pallor and cyanosis were absent. A right low paramedian scar was noted secondary to appendicectomy conducted in the year 1995. On local examination, the overlying skin cold, dry, wrinkled, and was darkened with a clear line of proximal demarcation (<PMC3290876_PAMJ-10-46-g001_undivided_1_1.webp>). Pain was present in the regions proximal to the discolouration, and absent in the distal regions.
Investigations tested negative for HIV, HBV, HCV, and VDRL on ELISA. Urea, Electrolyte and creatinine tests were normal. Clotting profile showed a prolonged Prothrombin time of 19sec, Prothrombin time index of 74%, and an INR of 1.36. A haemogram showed macrocytic normochromic anaemia (Hb 9.03 g/dL, MCV 89.9fL, MCH 29.5pg, MCHC 27.2g/dL), Hct 33.2%, RBC 3.69x1012/L. WBC 4.39x109, Neutrophils 2.11x109 (48.2%), Lymphocytes 1.73x109 (39.5%), Monocytes 0.314x109 (7.16%), Eosinophils 0.193x109 (4.4%), Basophils 0.035x109 (0.796%).
An echocardiogram was normal except for type 1 left ventricular dysfunction and mild tricuspid regurgitation. The Dorsalis pedis pulses showed absence of blood flow, and a diagnosis of Symmetrical peripheral gangrene was made. Management was initiated with clopidogrel, Acetylsalicylic Acid, and Atorvastatin, and quad-amputation recommended. Time was allowed for marginalization of the gangrene, which was noted two months later. Meanwhile fresh frozen plasma was regularly administered to counter suspected thrombophilia.
Following satisfactory marginalization of the gangrene, the patient underwent surgical excision of the necrotic tissue. This involved transmetatarsal amputation of both feet and ray amputation of the hands. The wounds healed well thereafter facilitated by vacuum dressing at -7.5mmHg over one month. He was then referred to plastic surgeons for prosthesis."
PMC9972053_01,PMC9972053,Male,34.0,"A 34-year-old male patient returned to a rural region of Colombia on 17 December 2020, from Africa, where he lived for 10 months in the city of Gul, Uganda. He went to the emergency room on 26 December 2020 due to 10-day history of fever, holocranial headache, myalgia, arthralgia, and retroocular pain associated with sudden onset epistaxis and choluria. Physical examination revealed blood pressure 110/80 mmHg, heart rate 89 beats/minute, respiratory rate 16 breaths/minute, temperature 39 C, oxygen saturation 97% room air, cold and sweaty skin without jaundice or skin lesions, with adequate ventilatory dynamics, with hepatosplenomegaly 5 cm below the costal margin, and without any neurological compromise.
Laboratory analysis showed anemia (hemoglobin 10 g/dl reference value 12-14 mg/dl), thrombocytopenia (platelets 97 000/mm3 reference value 150 000-400 000/mm3) and abnormal serum transaminase. Various laboratory investigations were conducted to exclude any other likely cause of the fever and presence of an infection, including those for hepatitis B surface antigen and hepatitis C antibody, both came out normal. Serologic tests for dengue performed on the acute-phase serum (collected 10 days after onset of symptoms) showed the presence of immunoglobulin (Ig) M (titers 1:800) and IgG (titers 1:400; Table 1). Diagnosis of dengue virus infection with warning signs (Group B) was made and admitted to hospitalization for management with intravenous hydration, antipyretic, and total abdominal ultrasound. Ultrasound scan shows pleural effusion in addition to moderate free fluid in the peritoneal cavity surrounding urinary bladder and gallbladder wall thickening, hepatomegaly, splenomegaly, and pleural effusion. A 72 hours after admission, the patient persisted with fever and presented a decrease in hematocrit (34.4%) with an increase in hemoglobin 12 g/dL and platelets to 137 000/mm3 (Table 1).
Although dengue virus infection had been diagnosed, parasitic tests were performed because the patient had returned from an endemic country with persistent prolonged febrile syndrome, a thick and thin blood smear stained with Giemsa was performed and revealed the characteristic intraerythrocytic ring forms of Plasmodium falciparum (trophozoites: a total of 215 000 parasites/mul, parasitemia index of 2.3% and gametocytes), which confirmed the diagnosis of malaria as uncomplicated. Antimalarial management was started with artemether-lumefantrine 20/120 mg twice a day for 3 days. To rule out false positives, the asexual parasites load was performed on the peripheral blood smear and MAC-ELISA (considering more than 5 days illness) was positive for dengue virus type 2 (DENV-2). The MAC-ELISA is based on capturing human IgM antibodies on a microtiter plate using anti-human-IgM antibody followed by the addition of dengue virus antigens. The antigens used for this assay are derived from the envelope proteins of the 4 dengue virus serotypes (DENV-1-4). Considering IgG detection by ELISA in a single serum sample is not useful for diagnostic testing because it remains detectable for life after a dengue virus infection, the patient was asked if he had had dengue infection before, which he denied, and IgG was negative. Therefore, a diagnosis of concurrent malaria and dengue infection was established.
The patient completed antimalarial treatment with clinical and paraclinical improvement, afebrile, without new episodes of epistaxis or obvious bleeding, without skin lesions or jaundice, normalization of platelets and transaminases with normal total abdominal ultrasound. PCR (molecular test) was performed to confirm the presence of dengue virus in the blood, being positive. After 7 days at hospital, he was fully discharged."
PMC4395950_01,PMC4395950,Female,14.0,"A 14-year-old female student was treated at our hospital for PV (diagnosed by slide and antigen test) with antimalarials and discharged uneventfully after 3 days. She presented to us 2 weeks later with acute gait and limb ataxia, dysarthria, and bilateral visual blurring since 2 days. She denied a history of any other symptom. She had not lost consciousness and did not report any history of seizures. There was no history suggestive of any respiratory, gastrointestinal, skin, exanthema or any other infection (except PV) in 4 weeks prior to the current symptoms. On examination, she had bilateral optic neuritis, horizontal gaze-evoked nystagmus, dysarthria, and limb and truncal ataxia. Rest examination was normal. Her complete blood count, renal and hepatic functions, blood glucose, electrolytes, human immunodeficiency virus - enzyme-linked immunosorbent assay, hepatitis B and C and serological test for syphilis were normal. Malaria parasites were not seen on peripheral smear examination, and antigen test for malaria was negative. Brain magnetic resonance imaging (MRI) showed T1-weighted isointense and T2 and fluid-attenuated inversion recovery hyperintense signal in bilateral cerebellar hemispheres including vermis, with minimal diffusion restriction and nongadolinium enhancement [Figure 1]. MRI of the spine was normal. Cerebrospinal fluid (CSF) showed 65 mg/dL proteins, 10 leukocytes, 100% lymphocytes, and glucose 97 mg/dL (matching blood glucose 111 mg/dL). CSF was negative for malarial antigen test, and polymerase chain reaction for herpes simplex virus 1 and 2 and varicella-zoster virus. Other viral markers were not done due to financial constraints. CSF oligoclonal bands and serum anti-aquaporin4 antibody were negative. Visual evoked potentials showed bilaterally delayed P100. Patient was treated with Methylprednisolone 1 g/day for 5 days and began showing visual improvement by day 2 in right eye and by day 4 in left eye. Ataxia and dysarthria also improved by day 4. She was discharged on oral steroids for 6 weeks, after which follow-up examination was completely normal. Repeat MRI of the brain with gadolinium contrast after 3 months showed partial resolution of previous lesions and no new lesions [<PMC4395950_JPN-10-58-g002_a_1_3.webp><PMC4395950_JPN-10-58-g002_b_2_3.webp><PMC4395950_JPN-10-58-g002_c_3_3.webp>]."
PMC7365499_01,PMC7365499,Female,7.0,"We received a bone marrow biopsy measuring 2 cm in length in the Hematology Unit of the Department of Pathology along with the requisition form mentioning the following clinical details: 7-year-old girl, resident of New Delhi, India, and clinical features - fever on and off associated with weakness and abdominal distension for the past 3 weeks. Physical examination revealed pallor and hepatosplenomegaly with no significant lymphadenopathy. Laboratory data showed pancytopenia with a hemoglobin level of 8.7 g/dl, the total leukocyte count of 3400/mm3, and a platelet count of 44,000/mm3. Peripheral smear showed microcytic hypochromic blood picture. Bone marrow aspiration finding reported from an outside center was of hypocellular marrow. Human immunodeficiency virus serology, hepatitis B surface antigen, antibodies against hepatitis C virus, the Epstein-Barr virus, cytomegalovirus, measles, Widal test, K39 test for visceral leishmaniasis, and rapid diagnostic tests (RDTs) for malarial antigen were negative. Her blood, urine, sputum, and stool cultures were sterile. The chest X-ray and the cerebrospinal fluid study were normal.
The bone marrow biopsy that we received was routinely histoprocessed and stained with hematoxylin and eosin stain. Low power microscopic examination of the sections revealed an adequate bone marrow in length with normal bony trabeculae. The marrow was normocellular for the age [Figure 1a]. High-power view of the trephine biopsy exhibited sheets and clusters of histiocytes. These were large cells with abundant pale staining bubbly cytoplasm and a small nucleus. No pleomorphism or any prominent nucleoli were seen. These histiocytes were seen admixed with an increased number of erythroid precursors and lymphocytes. The rest of the marrow hematopoietic elements were suppressed [Figure 1b]. Many of these marrow macrophages demonstrated phagocytosis of red cells, white cells, platelets as well as immature myeloid and erythroid cells (hemophagocytosis) [Figure 2a]. Some of these histiocytes also revealed the presence of a brown-colored pigment [Figure 2b]. Based on these findings, a tentative diagnosis of a mononuclear phagocytic system disorder/histiocytosis was made. Special stains and immunohistochemistry (IHC) were applied for ruling out various differentials under this category of disorder such as storage histiocytosis, dendritic cell-related, inflammatory, and malignant histiocytosis. On IHC, the histiocytes were positive for CD68 and negative for CD1a, S100, CD3, CD20, epithelial membrane antigen, and pancytokeratin, confirming the histiocytic nature of these large cells and ruling out the possibility of dendritic cell-related (Langerhans cell histiocytosis) and malignant histiocytosis [<PMC7365499_TP-10-50-g003_a_1_4.webp><PMC7365499_TP-10-50-g003_b_2_4.webp><PMC7365499_TP-10-50-g003_c_3_4.webp>]. However, on IHC, a finding that was evident was the CD3 positive immunoexpression of the increased lymphocytes [<PMC7365499_TP-10-50-g003_d_4_4.webp>]. Among the special stains, the periodic acid-Schiff (PAS) stain, Oil red O stain, and Perl's iron stain were put. These histiocytes were negative for both the PAS stain as well as the Oil red O stain [<PMC7365499_TP-10-50-g004_a_1_2.webp>], thus ruling out any storage histiocytosis. Another finding that was revealed on Perl's iron stain was that not all histiocytes containing the brown pigment demonstrated hemosiderin, and in most of them, the brown pigment remained unstained [<PMC7365499_TP-10-50-g004_b_2_2.webp>]. Based on all these findings, we arrived at a diagnosis of inflammatory histiocytosis HLH.
A detailed clinical history as well as examination of the child was done as she came with her father to fetch the bone marrow report as her condition was deteriorating day by day. Her birth, family, and past medical or any treatment history was non-contributory. There was no history of contact with tuberculosis, measles, allergy, or any blood transfusion. Currently, she appeared lethargic and had fever with abdominal distention. On physical examination, she was febrile with a temperature of 39.5 C, pale, and had a palpable spleen (6 cm below the left costal margin) and a liver (liver span of 15 cm). The rest of the clinical examination was unremarkable. Her blood sample was taken for hematological investigations. The current complete blood count revealed pancytopenia with hemoglobin of 7.4 g/dL, total leukocyte count of 2500/mm3 (differential being N - 30%, L - 60%, M - 9%, and E - 1%), and a platelet count of 50,000/mm3. Other indices included were red blood cell count of 2.7 million/mm3, mean corpuscular volume - 59 fl, mean corpuscular hemoglobin (MCH) - 20.3 pg, MCH content - 27.8 g/dl, red cell distribution width - 20.7%, and a corrected reticulocyte count of 3.9%. The peripheral smear revealed fragmented red blood cells and on careful examination, schizonts of P. vivax [Figure 5a]. Biochemical tests revealed elevated ferritin (989 mg/dL) and lactate dehydrogenase levels (1022 mu/L) with high triglyceride at 4 mmol/L. Serum haptoglobin and plasma fibrinogen levels were reduced (0.02 g/l and 132 mg/dl, respectively). Glucose-6-phosphate dehydrogenase activity was normal. Renal function tests were normal; however, the liver function tests were deranged. Ultrasonography revealed enlarged liver and spleen. Meanwhile, the trephine biopsy was treated with alcoholic ammonium hydroxide, to which the brown pigment responded by getting bleached, hence, confirming the nature of this pigment to be that of malarial pigment (hemozoin) [Figure 5b]. Based on the clinical, hematological, histopathological, and immunohistochemical parameters, a final diagnosis of pancytopenia due to HLH as a result of P. vivax infection was estabilished. Due to the cost and unavailability, local perforin mutation studies and soluble interleukin (IL) level estimation tests were not performed. The child was administered oral chloroquine and primaquine along with iron supplements. Her condition dramatically improved within few days as she became afebrile, her laboratory parameters such as serum ferritin and fibrinogen levels improved gradually, and the liver and spleen reduced in size. She was discharged in a stable condition (hemoglobin of 10.8 g/dl, total leukocyte count of 10,600/mm3, and a platelet count of 198,000/mm3), and so far, her follow-up period has been uneventful."
PMC3401657_01,PMC3401657,Male,3.0,"A 3-year-old male child resident of Gorakhpur was admitted with complaints of fever for 12 days which was high grade, convulsions (generalized tonic clonic) for 6 days and altered sensorium for 1 day. Examination revealed a febrile child with temperature of 103  F, pulse of 158/min which was feeble, RR of 54/min, blood pressure of 56/32 mm Hg, and Glasgow coma score of 4. Systemic examination revealed hepatosplenomegaly, bilateral rhonchi in chest, tachypnea, tachycardia, extensor planters, and diminished deep tendon reflexes. Investigation of the patient revealed hemoglobin of 9.5 g%, normal cell count and platelet count of 1.8 lakh/ mm3, SGPT of 109 U/ll, urea of 87 mg% and blood glucose of 50 mg%. The CSF study showed a total cell count of 68 cells/ mm3 with 72% lymphocytes and CSF protein of 68 mg% with normal sugar level. As the patient was having long duration of fever with hepatosplenomegaly a clinical suspicion of cerebral malaria as a cause of febrile encephalopathy was made and a rapid diagnostic test for malarial parasites was performed which was positive for both P.vivax and P.falciparum. Peripheral blood smear, both thick and thin film, was sent which showed the presence of both P.vivax and P.falciparum (parasitic count of 6%) [<PMC3401657_JPN-7-52-g001_undivided_1_1.webp>]. The Widal test and viral markers for acute hepatitis were negative and blood cultures were sterile. X-ray chest showed right-sided heterogeneous lung opacities and CT scan head done on the third day was normal. The patient was put on a 7-day course of intravenous quinine and doxycycline. However, fever of the patient persisted even on day 8 of admission. Repeat peripheral smear on day 7 of antimalarial treatment was negative for malarial parasite. As the patient was from a JE endemic area (Gorakhpur) and hepatosplenomegaly with deranged renal functions can also occur in JEV encephalitis, a differential diagnosis of JEV encephalitis was kept in mind and CSF of the patient was sent for a virological study. The CSF sample was tested for the presence of IgM antibodies to JEV. CSF was subjected to reverse transcriptase polymerase chain reaction (RT-PCR) for detection of entero virus genome and JE virus genome. Serum samples were tested for rise in antibody titer for Coxsackie virus, Enterovirus 76, West Nile virus, and JE virus. CSF of the patient showed only the presence of JE IgM in CSF which confirmed JEV encephalitis in our patient. All other virological tests showed negative results.
The patient was managed symptomatically, shock was treated with ionotropes following which shock improved, and phenytoin was given for seizures and primaquine for radical cure. The child started improving and by the 13th day, fever subsided, blood urea became normal, GCS improved to 12, and repeat peripheral blood smear was negative for malaria parasite. The patient was discharged on day 28 of admission without any sequel. The patient is well on follow-up."
PMC10375055_01,PMC10375055,Unknown,10.0,"Seasonal malaria chemoprevention (SMC) is a prevention strategy for children that complements existing malaria control interventions. Previously known as intermittent preventive treatment of malaria in children (IPTc), SMC involves monthly antimalarial treatment with sulfadoxine-pyrimethamine plus amodiaquine (SPAQ) for up to four months to prevent malaria. It has been recommended by the World Health Organization (WHO) since March 2012, for children aged 3-59 months living in areas with intense and highly seasonal malaria transmission in the Sahel sub-region (WHO. Report of the Technical consultation on SMC, 2011.),   . This intervention has been shown to be effective   , cost-effective   , safe and feasible for malaria prevention among children under five years  -  . This strategy has been adopted in many countries in sub-Saharan Africa  ,   for implementation in areas that meet the eligibility criteria ( WHO. Report of the Technical consultation on SMC, 2011.),   . In order to optimize the fight against malaria, Senegal adopted SMC as one of malaria prevention strategies but extended the coverage to children aged between three and 120 months. This decision was based on the results from other studies conducted within the country that have shown that children aged 5-10 years old were as vulnerable as those under five years old  , - , ,  . SMC was implemented in 2013 in the southeastern part of the country. To be more effective and performant, the door-to-door strategy was adopted, and drugs were administered by community volunteers. The effectiveness of this method has been demonstrated in studies conducted in many countries including Senegal, Gambia and Mali ( WHO. Report of the Technical consultation on SMC, 2011.),  ,  . WHO also advocated its regular surveillance based on epidemiological and biological arguments   . In this context, this study was conducted to assess the dynamics of Plasmodium carriage at the beginning and two years after the implementation of SMC in southern Senegal. The objective was to determine the prevalence of malaria before and after the first two mass distribution campaigns of SMC in order to assess the impact of this strategy."
PMC8801417_01,PMC8801417,Male,42.0,"On December 31, 2019, a 42-year-old Caucasian male patient visited the emergency department of Nice University Hospital for abdominal pain. His medical history was marked by cured colon cancer 10 years ago, and uncomplicated P. falciparum malaria with 4% parasitemia, diagnosed on December 13, 2019, 10 days after returning from Togo. He was treated with 3 days of dihydroartemisinin/piperaquine. On December 16 and 24, hemoglobin level was 10.8 and 10.5 g/dl, respectively. The treatment was completed 15 days before his visit to the emergency department. It is important to notice that parasitemia was below 0.025% on day 3 of treatment and was negative on day 11. At the emergency department, clinical examination showed left hypochondrial pain and cutaneous mucosal pallor. The blood test showed macrocytic anemia at 5.4 g/dl, with hemolysis criteria. Indeed, bilirubin was high (45 mumol/l), haptoglobin was under 0.1 g/l, LDH level was 2,835 U/L and reticulocytes were at 297 g/L. Parasitemia was negative. The CT scan revealed splenomegaly with some areas of splenic infarction. The patient was then hospitalized in the infectious disease unit in order to investigate the origin of this hemolytic anemia. Malaria parasitemia control was negative. DAT was positive for anti-C3d, leading to the diagnosis of cold autoimmune hemolytic anemia.
The patient was a Caucasian male without a family history of anemia or hemolysis such as Sickle cell disorders, his diet did not include food/herbal medicine neither in Togo nor in France. A workup for autoimmune hemolytic anemia causes was made. Autoimmune assays (antinuclear antibodies, ANAs, extractable nuclear antigen, ENA, rheumatoid factor) were negative. Blood protein electrophoresis and immunofixation were normal. The lymphocyte immunophenotyping performed in November 2021 (2 years after) was normal. EBV, hepatitis B, C, and E, HIV, HTLV1, Chlamydia pneumonia, and Coxiella burnetti serological tests were negative. CMVIgM and IgG antibodies were both positive, but viral DNA detection in the blood by PCR was negative. Mycoplasma pneumoniae serology showed that IgM and IgG antibodies were positive. Nevertheless, the serological monitoring did not show seroconversion and therefore did not support an acute infection. Finally, Parvovirus B19 IgM and IgG antibodies were close to the positive cutoff, but the patient did not have any consistent symptoms (no flu-like symptoms and no lymphocytosis). Mycoplasma pneumonia, Parvovirus B19, and CMV serologies were considered non-specific reactions. Hemoglobin electrophoresis analysis and G6PD testing were within the normal range.
We finally concluded that an autoimmune process could be involved in this hemolytic anemia following dihydroartemisinin/piperaquine treatment complicated by splenic infarction. At first, red blood cell transfusion was performed before the positive DAT was available and failed to improve the level of hemoglobin, which stayed close to 6 g/dl. Then, an intravenous corticosteroid therapy (methylprednisolone) at 1 mg/kg was started, and hemoglobin increased to 8.3 g/dl in 3 days, and hemolysis markers resolved. The patient was discharged with oral corticosteroid therapy for 3 weeks. On follow-up red blood cell count 2 weeks after he was discharged, hemoglobin was 11.4 g/dl, haptoglobin was 0.22, LDH was 786 U/L, and bilirubin was 9 mumol/L. A follow-up CT scan 1 month later showed a decrease in splenomegaly with the persistence of a splenic infarct area."
PMC5066854_01,PMC5066854,Male,65.0,"A 65-year-old shepherd residing in a malaria-endemic area in Mauritania (Kobeni, Hodh El Gharbi) with no remarkable history of renal disease presented with fever associated with chills, myalgia, vomiting, and loss of consciousness on September 2, 2015. The patient developed a flu-like syndrome (fever, headache, and arthralgia) and abdominal pain 3 days before hospitalization in Aioun hospital (reference hospital of Hodh El Gharbi region). Clinical examination on admission showed severe impairment of consciousness with a Glasgow score of 8, jaundice, dyspnea, and pallor. He had no rashes, edema, or palpable lymph nodes. The patient had hypotension (60/40 mmHg), tachycardia, tachypnea (38 breaths/min), and hyperthermia (40.5 C). The rapid diagnostic test for malaria and microscopic examination of blood smears were positive for P. falciparum. Laboratory examinations showed the following results: hemoglobin, 7 g/dL; mean corpuscular volume, 87 fL; aspartate amino-transferase, 104 IU/L; alanine aminotransferase, 93 IU/L; total bilirubin, 49 mumol/L; direct bilirubin, 77 mumol/L; and random blood glucose, 1.02 g/L. Urinalysis and cerebrospinal fluid tests were negative.
On the second day of hospitalization, the patient developed shortness of breath with no cough and anuria (with only 50 mL urine collected over 24 hours); this was soon followed by hiccups. A chest X-ray was performed, which helped confirm a diagnosis of pulmonary edema. The renal workup revealed serum creatinine of 102 mg/dL, serum urea of 1.17 g/L (high), serum potassium of 5.1 mEq/L, and serum sodium of 142 mEq/L. On the basis of these results, the patient was diagnosed as having severe malaria with acute kidney injury, pulmonary edema, and anemia. The patient was admitted to the hemodialysis unit for emergency dialysis. Quinine (10 mg/kg body weight) was administered every 8 hours in 5% dextrose infusion for 4 days. Volume expansion, antipyretic treatment, and diuretics were administered. After two sessions of consecutive hemodialysis of 4 h/d, the patient became conscious and had urine output of 1900 mL/24 h. Serum creatinine, urea, and potassium were 29 mg/dL, 0.47 g/L, and 4 mEq/L, respectively. The patient was discharged from the hospital 4 days later in good health. The follow-on oral treatment was a full course of artesunate-sulfamethoxypyrazine-pyrimethamine (Co-arinate FDC ; Dafra Pharma, Turnhout, Belgium) for 3 days. The patient was closely followed up after 3 weeks and was found to have normal and stable renal function, and he was also asymptomatic. Adjuvant therapy was prescribed, and no control blood smear for malaria parasites was made."
PMC10182374_01,PMC10182374,Male,6.0,"Patient information: a 6-year-old male presented to the Emergency Department of the University Hospital, Kwame Nkrumah University of Science and Technology (KNUST), Kumasi, Ghana with two days' history of epigastric pain, chest pains, fever, and vomiting. The mother had administered paracetamol syrup prior to reporting to the hospital, but symptoms did not resolve. He had no known chronic illness and no previous history of hospital admission.
Clinical results: on examination, the patient looked restless, pale, and anicteric with a temperature of 36.8 C. Vital signs were unremarkable. The liver was palpable, 2 cm below the right subcostal margin, smooth surface, and mildly tender. The patient had low haemoglobin, elevated white blood cell (WBC), low platelets, elevated liver enzymes, and deranged renal function. Hepatitis B (HBsAg) and C (HCV Ab) were non-reactive (Table 1).
Diagnostic approach and therapeutic intervention: on the first day, the patient was given intravenous (IV) artesunate 3.0 mg/kg body weight (55 mg) at 0, 12, and 24 hours, IV paracetamol 275 mg three times daily, and other supportive therapy. He was also transfused 366 mL of whole blood.
On the second day of admission, the patient started experiencing fever (temperature of 40.1 C) with chills and rigors, altered level of consciousness (Blantyre coma score of 4/5), and breathing difficulty (respiratory rate 30 cycles per minute). On chest examination, air entry was adequate bilaterally with vesicular breath sounds. His oxygen saturation was 99% on intranasal oxygen at 6 liters per minute. Due to these clinical features, a nasopharyngeal sample was taken for COVID-19. Post-transfusion laboratory investigations on day 3 showed an improvement in the haemoglobin level as well as the liver enzymes (Table 1). Routine urine analysis showed leucocytes - trace, blood +, and protein +.
On admission day 5, he was started on suspension cefpodoxime 100mg bd for 5 days and other treatments continued. Laboratory results retrieved showed no malaria parasites and full blood count showed approximately 1g/dl drop in haemoglobin level and normalization of the platelets. The patient s temperature (36.5 C), respiratory rate (18 cycles per minute) and level of consciousness (Blantyre coma scale 5/5) progressively improved and were normal.
Follow-up: the patient was discharged from the ward to self-isolate at home, awaiting the RT-PCR results which were reported positive for COVID-19. Clinical results and diagnostic approach are summarized in Table 1."
PMC10182374_02,PMC10182374,Female,17.0,"Patient information: the patient was a 17-year-old female who is a known asthmatic and presented to the emergency room with a week s history of persistent post-prandial epigastric pain associated with vomiting, diarrhea, and fever. She had reported to a peripheral clinic where she was given analgesics without relief.
Clinical results: at presentation, the patient was lethargic, had a tinge of jaundice, pallor, and had a mild tenderness in the epigastrium, with no palpable abdominal organ. Her temperature was 37.8 C and her pulse rate was 109 beats per minute. Blood pressure (BP) and oxygen saturation were normal. Laboratory results showed malaria parasites of 600,000/mul, reduced haemoglobin level and low platelets, and normal renal function test (Table 2).
Diagnostic approach and therapeutic intervention: a diagnosis of severe malaria with thrombocytopenia and anaemia was made. The patient was started on IV artesunate 125 mg at 0, 12, 24 hours and IV paracetamol 1g every 8 hours for 24 hours and subsequently continued with artemether/lumefantrine 80/480 twice daily for 3 days. The patient s temperature, BP, pulse rate, and other vital signs were monitored every 4 hours, as the patient s temperature continued to rise. Within 12 hours, the highest temperature recorded was 39 C, the BP dropped to 68/38 mmHg and the patient started experiencing respiratory distress. On examination, the patient had a respiratory rate of 35 cycles per minute and flaring of the ala nasi. Chest examination revealed adequate air entry bilaterally, vesicular breath sounds, and bilateral wheezes. Oxygen saturation on room air was 45%. The impression made was severe acute respiratory distress syndrome (ARDS) with a differential diagnosis of septic shock, and acute exacerbation of asthma, to rule out COVID-19. The patient was propped up in bed at 45 C, given oxygen at 10 liters/minute via a non-rebreather mask, and intravenous paracetamol, and was resuscitated with intravenous fluids. A urethral catheter was passed to monitor urine output. She was nebulized with 5 mg of salbutamol for 3 cycles and was given 200 mg of intravenous Hydrocortisone. Oxygen saturation improved to between 75-77% on oxygen, BP 132/78 mmHg, and respiratory rate 40 cpm. The patient was started on intravenous ceftriaxone 2g daily and nebulization with 5 mg of salbutamol was continued.
On the third day of admission, dyspnea had improved, the temperature was 37 C, the pulse rate was 111 bpm, and oxygen saturation of 96% on the non-rebreather mask with the patient propped at an angle of 45 . A chest X-ray taken showed heterogenous opacifications at the upper right lung zones and homogenous opacifications at the lower lung zones. Repeated blood film for malaria parasites showed a reduction in the parasite load (Table 2). The erythrocyte sedimentation rate (ESR) was 100 ml/fall/hr.
On day four of admission, the temperature was 36.7 C, pulse rate 132 bpm, blood pressure of 90/60 mmHg and oxygen saturation was 91%. The impression made was severe malaria complicated by thrombocytopenia, intravascular hemolysis, and acute respiratory distress syndrome with a differential diagnosis of COVID-19. Nasopharyngeal and oropharyngeal samples were taken for COVID-19 testing and the ESR and full blood count were repeated. At this point, the patient was started on tab azithromycin 500 mg immediately and 250 mg daily for 7 days, IV dexamethasone 6 mg daily for 72 hours then tab dexamethasone 6mg daily for 7 days, tab zinc 40 mg daily for 14 days and tab vitamin C 1000 mg daily for 14 days.
On admission day 5, the patient had no new complaints. Vital signs recorded were a temperature of 37.2 C, pulse rate of 83 bpm, blood pressure of 89/62 mmHg, respiratory rate of 32 cpm, and 26 cpm off oxygen and on oxygen, respectively. Oxygen saturation was between 82-84% off oxygen and 96-97% on a non-rebreather mask at 10 L/min. Examination of other systems was unremarkable. All medications were continued.
On day 6, ESR of 100 ml fall/hour. The full blood count showed raised WBC, low haemoglobin level, and higher platelets than on day one (Table 2). The patient s RT-PCR for COVID-19 was confirmed positive on day 9 of admission. The patient had no complaints and no other symptoms. The patient was jaundiced and warm to touch on examination. Vital signs were a temperature of 36.6 C, pulse rate of 101bpm and blood pressure of 105/75mmHg. Air entry was reduced in the lower lung zones with no added sounds. The rest of the examination was unremarkable. Patient was prescribed tab folic acid 5 mg daily, tab cefuroxime 500 mg every 12 hours, tab artemether/lumefantrine 80/480 mg every 12 hours, tab azithromycin 250 mg daily, syp bioferon 15 ml every 8 hours and tab zinc 30 mg daily.
Follow-up: the patient was discharged home on day 17 post-admission. The patient did not report back with any condition.
Informed consent: this was obtained from the adult patient and parents of the child. Approval was obtained from the authorities of the University Hospital, KNUST to use data from the patient s medical records. Privacy, safety, and confidentiality of the patients were strictly ensured."
PMC3396855_01,PMC3396855,Male,0.0,"A previously healthy 12-month old boy was referred from a clinic to the Kintampo Municipal Hospital (Kintampo, Ghana). He had presented at the clinic with a 2-day history of fever and vomiting. On admission to the clinic, diagnosis of severe anaemia secondary to Malaria was made. Despite treatment with IV fluid, IM Quinine and a blood transfusion, his condition deteriorated and he began to pass bloody stools. After two days he was referred to hospital for further management.
On arrival, the child had a reduced conscious level. He was febrile (39.5 C) and pale with pulse and respiration rates 110 beat/min and 60 breaths/min respectively. Abdominal examination was normal apart from periumbilical tenderness.
Blood film was positive for malaria parasites. Haemoglobin was 4.2g/dL and white blood cell count 16.4 x 109. Neither Widal test nor stool cultures were done. Supine abdominal X-ray showed air fluid levels. Erect chest X-ray showed no subphrenic gas. Treatment of severe anaemia secondary to malaria and suspected typhoid was continued. Intranasal oxygen, IV fluids and whole blood were administered along with paracetamol, IM quinine, IV gentamicin and IV metronidazole. After a further 2 days he remained semiconscious and febrile, passing blood clots in his stool. Despite transfusion, haemoglobin remained 4.3g/dL. Abdominal examination remained unremarkable.
An exploratory laparotomy was performed. On entering the peritoneum a large amount of blood-stained fluid was seen. A 1.5cm anterior perforation of the duodenal wall was found, with bleeding from the posterior duodenal wall (<PMC3396855_PAMJ-12-1-g001_undivided_1_1.webp>). The bleeding vessel was clamped and the perforation closed using an omental patch.
Postoperatively the child received a further blood transfusion, antibiotics and IV ranitidine. Ten days post-operatively he was discharged. On follow-up he had no sequelae.
Due to resource constraint no test for Helicobacter pylori was performed. The mother denied giving any medication to the child."
PMC3299142_01,PMC3299142,Male,42.0,"A 42-year-old Italian man, who had been living in Nigeria because of his job since two years, was urgently repatriated following diagnosis of acute Plasmodium falciparum malaria. Fourteen days after anti-malarial treatment started, with quick resolution of fever, he suddenly complained of acute left flank pain.
At emergency department (ED) admission, his vital parameters appeared stable. Physical examination revealed tender left hemiabdomen without frank peritonism. Laboratory tests disclosed severe anemia (hemoglobin 7.7 g/dL), moderate leukocytosis, markedly elevated C-Reactive Protein (232 mg/L), plasma D-Dimer (2188 ug/L), lactic dehydrogenase (654 IU/L) and creatine kinase (1255 IU/L); platelet count and coagulation assays were within normal limits. Rapid blood assay tested positive for P. falciparum antigen, with negative blood cultures for bacteria and parasites.
Prompt investigation with multi-detector CT [<PMC3299142_JETS-5-100-g001_a_1_4.webp><PMC3299142_JETS-5-100-g001_b_2_4.webp><PMC3299142_JETS-5-100-g001_c_3_4.webp><PMC3299142_JETS-5-100-g001_d_4_4.webp>] allowed confident diagnosis of diffuse, moderately hyperdense peritoneal effusion consistent with hemoperitoneum and splenomegaly with hyperdense, stratified subcapsular and perisplenic clotted hematoma. Bilateral pleural effusion and lung base atelectasis were also present.
Urgent laparotomic surgery confirmed abundant hemorrhagic peritoneal effusion without detectable active bleeding. Splenomegaly with multiple blood clots was resected. Pathology specimen reported 850-g enlarged spleen measuring 17x14x8 cm after fixation, with large capsular interruption and underlying hematoma. Histologically, diffuse parenchymal hemorrhage and markedly hypertrophic red pulp were observed, without follicular structure abnormalities nor signs of malignancy."
PMC5530948_01,PMC5530948,Female,8.0,"Doxycycline is has been in clinical use for almost half a century for both its antimicrobial properties as well as its anti-inflammatory ones. Its uses include the management of soft tissue infections, atypical bacterial infections and malaria, as well as acne vulgaris and rosacea where sub-therapeutic doses are thought to control the inflammatory component of the disease although all these indications require a higher dose than malaria prophylaxis. Like chloroquine, its low cost makes it an attractive anti-malarial prophylactic and because of its proven effectiveness as a prophylactic, it is listed as one of the accepted alternatives for such. In addition, it is convenient for last minute travelers as it is started only a few days before travel, and may already be prescribed in the same doses for acne. It would also prevent other infections that an adventurous traveler, like a diver, may come in contact with, including leptospirosis and rickettsial infections. Disadvantages are its requirement for daily dosing as well as its toxicities in certain populations such as pregnant women and children under 8 years old. Furthermore, its side effect profile, though not generally prohibitive to its use (even in divers), requires proper counseling to the traveler to assure both proper measures are taken to mitigate their likelihood as well as self-monitoring for their onset to ensure prompt and appropriate management.
The list of all possible side effects for doxycycline is quite long and the reader is directed elsewhere to the numerous drug reference sources available for a comprehensive list. The focus here will be on those that could be confused with DCS or place the diver at risk for such, ranging from the common related to gastrointestinal tract and skin to the rarer and more idiosyncratic which affect the central nervous system. Nausea (13 %) and vomiting (8 %) are among the more commonly reported side effects and while protean, can certainly be a presenting sign of the more constitutional DCS symptoms. Fortunately these can be mitigated by avoiding administration on an empty stomach and assuring adequate hydration. The latter precaution is also important because the tablets should be taken with plenty of water and not before bedtime, i.e. well prior to laying down, to avoid the pill esophagitis commonly associated with doxycycline and whose symptoms could be mistaken for a diving induced pneumomediastinum, particularly if there is either an esophageal ulcer or perforation present. It should be further noted that there are different formulations of doxycycline and while there have been no direct comparisons of the different forms in clinical trials there is some evidence that the hyclate salt form causes more gastrointestinal side effects than the monohydrate or enteric coated hyclate formulation presumably due to its higher acidity. Thus, selected prescribing of particular salt formulations along with proper patient education on administration could have a considerable effect on lowering the incidence of gastrointestinal side effects.
Photosensitivity is another commonly associated effect of doxycycline administration with rates between 3 and 10.7 % and manifestations ranging from mild papular erythema to exfoliative dermatitides. This has been shown to be dependent both on the dose as well as the intensity of sunlight exposure. This is a particular problem for recreational divers in that cutaneous DCS can present similarly and diving often occurs in tropical environments where there is constant exposure to heat and bright sunlight, posing the dilemma of staying covered versus the risk of overheating and dehydration. While liberal and frequent use of appropriate sunblock can mitigate this effect it is no guarantee with severe dermatitis having been reported even with adequate sunblock use. The one helpful delineator between cutaneous DCS and doxycycline phototoxicity is the predilection of the latter for sun-exposed areas and the former for a truncal distribution. Finally, doxycycline has neurological side effects ranging from the more common headache (2 %) and dizziness to the rarer but concerning intracranial hypertension and its associated symptoms, which all can mimic the more severe neurological presentation of DCS. While tetracycline is more commonly implicated with the latter side effect it has been described with doxycycline to include those taking it for malaria prophylaxis. Fortunately, the incidence for all idiopathic intracranial hypertension is rare with estimates in the United States being 0.9 per 100,000 persons/year, making this an uncommon but noteworthy side effect in the diver for whom doxycycline is being considered. A study of 22 rabbits under hyperbaric conditions demonstrated a 76 % increase in Blood Brain Barrier permeability and higher CSF levels for tetracycline than controls, clearly showing that diving alone affects pharmacology. There was no statistical difference in DCS rates (7 DCS vs. 9 No DCS) among rabbits with elevated brain antibiotic levels, but this is a very underpowered study to comment on the safety of doxycycline in diving and it did not address oxygen toxicity.
In summary, while doxycycline is a recommended second line agent for malaria prophylaxis due to its cost, effectiveness and short period of pre-travel dosing, its side effect profile, though manageable, keeps it in the alternate category for the traveling diver as well.
Atovaquone/proguanil (A-P) is available in many countries as a co-formulated tablet for both adult and pediatric patients. It appears to be very well tolerated with minimal side effects, however it must be taken daily starting 2 days prior to travel and continued on a daily basis throughout the trip and for a week afterwards; it is also quite costly. In a double blind placebo controlled efficacy and toxicity study of more than 1000 patients conducted in 21 travel clinics in Europe, Canada and South Africa, A-P was compared to chloroquine plus proguanil and adverse events were monitored at day 7 and 28 after leaving a malarious region. Twenty-two percent of participants reported adverse effects from A-P with half being gastrointestinal and the other half (10 %) neuropsychiatric; the majority of these side effects were mild. Strange or vivid dreams were most common in among neuropsychiatric side effects (4 %), followed by dizziness (3 %) and visual difficulties (2 %), but no neuropsychiatric side effect appeared more common than chloroquine/proguanil with statistical significance and none required stopping the medication. Only 11 persons (10 in the C-P and one in the entire A-P arm) discontinued medication due to drug attributable side effects (A-P drug allergy not neuropsychiatric).
A-P was also evaluated in a randomized double blind, placebo controlled trial compared to mefloquine among 1000 patients presenting to travel clinics in Europe and South Africa. Patients received mefloquine placebo followed by active A-P or active mefloquine followed by A-P placebo; the mefloquine was started 3 weeks before travel and the A-P 2 days before and continued for 30 or 7 days after return, respectively. Thirty percent of patients in the A-P arm had drug attributable side effects, and of those 14 % were neuropsychiatric, with the majority being strange dreams (7 %), insomnia (3 %) and dizziness (2 %). Adverse effects were significantly less common (2-4 fold) than mefloquine however, and only 3 of 493 persons in the entire trial receiving A-P had to discontinue drug due to adverse effects. The investigators believed the higher rate of neuropsychiatric side effects observed compared to the previous trial against C-P was attributable to mefloquine placebo effect as symptoms often appeared prior to active A-P use.
A third trial conducted in a travel clinic in the Netherlands again randomized 140 patients to mefloquine placebo plus A-P or A-P placebo plus mefloquine. One hundred nineteen patients completed the study and all patients were screened repeatedly with 2 mood index tools. There were no changes noted in tension, depression, anger, fatigue or vigor from baseline in patients taking A-P. This was a marked contrast to patients in the mefloquine arm who experienced significant deterioration in depression, fatigue, anger and vigor. Concentration skills such as hand eye coordination or coding speed were not affected by either medication.
Finally, a Canadian study of A-P vs. primaquine in 28 pilots revealed no significant impact on neurocognitive testing like serial reaction, subtraction, or logical reasoning and no impact on flight simulator performance. There was also no increase in physical fatigue, sleepiness, or mental fatigue. Overall, A-P has one of the lowest neuropsychiatric side effect profiles ranging between 10 and 14 % in 2 large trials, and has other side effects that are generally gastrointestinal in nature, although most patients report all side effects as mild and none required discontinuation for neurological intolerability. The rate of side effects may be overstated in these initial trials however, due to mefloquine placebo bias and drug approval symptom recording methods as no adverse effects were detected in subsequent intensive mood index and neurocognitive trials. Because of its relatively low side effect profile, especially those that could mimic or potentiate a diving related illness, A-P is considered a preferred option for diving travel to malarious regions ahead of all other agents.
Primaquine is an 8-aminoquinoline anti-malarial developed for treatment of P. vivax or P. ovale malaria to prevent relapse. It is now being studied as a gametocytocidal agent in P. falciparum eradication efforts. In addition, it has been studied as primary prophylaxis against both P. falciparum and P. vivax malaria where it has showed an 85-93 % protective efficacy. These studies resulted in Primaquine's inclusion as an recommended alternative agent for malaria chemoprophylaxis, however it is not approved for this use by regulatory agencies and must be used ""off-label"" The dosing however, has the highest pill burden of all prophylaxis at 2 pills a day started 2 days before travel and continued for a week after returning. In a Canadian study of primaquine vs A-P, neurocognitive impact in 28 pilots revealed no significant impact on neurocognitive testing like serial reaction, subtraction, or logical reasoning and no impact on flight simulator performance. There was also no incidence of sleepiness, mental fatigue, or physical fatigue. Observed side effects included abdominal cramps, headache, nausea and diarrhea. All symptoms predominated in the first week, often improved subsequently, and were mild in nature. Other sources suggest GI side effects are mild and can be minimized or eliminated by taking the medication with food. The sole incidence of CNS side effects from primaquine described in the literature is a case report of a 55 y/o male who developed depression, anorexia, confusion, auditory hallucinations, 2 days after starting 15 mg of primaquine; the symptoms resolved 24 h after discontinuing medication. Overall, primaquine's low side effect profile and the relative lack of CNS side effects make it an attractive option for diving travel, however its relatively lower protective efficacy against malaria and higher pill burden relegate it to a second line option compared to other agents."
PMC3469179_01,PMC3469179,Male,40.0,"A 40-year-old man from Sistan-Baluchistan Province, the main endemic focus of malaria in Iran was admitted to Bahonar Hospital in Kerman in September 2010. He had previously undergone splenectomy due to hemolytic anemia. The symptoms subsided after the surgery, but four months later he developed anemia, jaundice, malaise, fever and weakness, for which he was admitted to Bahonar Hospital in the city of Kerman.
Upon admission his blood pressure was 100/60 mmHg, pulse rate 100/min, respiration rate 20/min, body temperature 390C and he appeared pale and icteric.
Laboratory findings included the following; hemoglobin level, 8 g/dl; platelet count 43000 platelets/mm3; erythrocyte sedimentation rate 35 mm/h; and total serum bilirubin 3.7 mg/dl. His prothrombin time (PT) was 16 seconds and partial thromboplastin time (PTT) was 42 seconds, with a noticeable increase (according to normal range PT: 12s and PTT: 24-36s).
The VDRL and PPD tests were negative. In addition, direct agglutination test (DAT) for detection of visceral leishmaniasis (kala-azar), blood and urine culture for bacterial growth were negative. Also rheumatoid factor and negative C-reactive protein (CRP) were negative but a week later CRP was positive. The direct /indirect antiglobulin tests (DAGT/IAGT) were negative but the liver function tests were more than normal limits. No abnormality was detected on chest X-ray and abdominal CT scan showed hepatomegaly, but no lymphadenopathy was observed.. While cerebrospinal fluid examinations were normal. There was no evidence of underlying disorders and diagnostic tests for human immunodeficiency virus (HIV), hepatitis B and C viruses were negative.
From the first day of admission, suspicion of bacterial infection lead to treatment with antibiotics such as; ceftriaxone, vancomycin and imipenem in the recommended doses for two weeks, he also received pack cell and fresh frozen plasma to improve his blood indices.
On the third day of hospital admission peripheral blood smears were examined for presence of malaria parasites for several times, but no malaria parasite was detected. On day 17 the patient's peripheral blood smear (PBS) was sent to the Department of Medical Parasitology and Mycology, at the School of Medicine, Kerman University of Medical Sciences. Examination of blood films showed asexual forms of P. vivax, however neither sexual forms nor P. falciparum stages were observed. On day 18, the patient received oral chloroquine phosphate (600 mg at 0 hours, 300 mg at 6, 24, 48 hours) and then due to the critical condition of the patient he received intramuscular artesunate two times per day for six days and one dose of oral fansidar (24 mg/kg). Unfortunately, after antimalaria treatment on day 24 his clinical state became deteriorated. He was transferred to the intensive care unit (ICU), subsequently, on day 30 he lost consciousness, with convulsions and developed signs of brain involvement and eventually went to coma and died. After 2 weeks, Semi-nested multiplex PCR based on the sequence of the small subunit ribosomal RNA (ssrRNA) gene was performed according to the method of Edoh et al. and Rubio et al., that confirmed the presence of P. vivax in blood smear of the patient (Fig. 1), also the amplicon was sequenced and recorded in the GenBank under the following Accession Number: JN084167."
PMC8213119_01,PMC8213119,Female,6.0,"A 6-year-old female childadmitted to pediatrics emergency with high-grade fever without chills and rigors past 7 days, progressive pallor past 5 days, and bluish spots over the whole body for 2 days. In detailed history, she had a fever without any symptoms of vomiting, jaundice, or hematuria. There was no history oft previous hospitalization. At admission, a child was lethargic, febrile (102 F), severely pallor, petechial rashes, cervical lymphadenopathy, and body pain (paroxysms) with the features of shock. In the systemic examination, hepatosplenomegaly in per abdomen examination and respiratory, cardiovascular finding (except hemic murmur) were within normal limits. In the central nervous system examination, she was in altered sensorium without meningeal signs or focal deficits. Initially, we kept as lymphoreticular malignancy with febrile neutropenia and start supportive as well as symptomatic treatment and malignancy workup planed. After stabilization, bone marrow aspiration as well as biopsy was done. Bone marrow aspiration and biopsy revealed hemophagocytosis [<PMC8213119_TP-11-46-g001_undivided_1_1.webp>]. Due to persistent high-grade fever, fever workup, including rapid malarial antigen test, peripheral smear for malaria parasite, serology for typhoid and rickettsial infection, blood culture, etc., as well as a supportive workup for hemophagocytic lymphohistiocytosis (HLH) (liver transaminases, lactate dehydrogenase, triglyceride, serum ferritin, and fibrinogen) were sent [Table 1]. In peripheral smear, malaria parasite was seen as trophozoites for Pf malaria and revised the diagnosis as malaria-associated secondary HLH (sHLH) and the anti-malarial drug was started. On 3rd day of antimalarial therapy, the child fever responded and 5th-day fever was subsided and discharged the child."
PMC8213119_02,PMC8213119,Male,11.0,"There was another 11-year-old male child admitted to pediatrics emergency with the complaint of fever (15 days), red color urine, black terry color stool, and nasal bleeding past 3 days for whom peripheral smear for Pf malaria came out to be positive. Hematological as well other laboratory parameters were suggestive as HLH and child respond to anti-malarial therapy.
In both cases, sHLH is the cause of pancytopenia. After anti-malarial therapy, both children responded very well and hematological parameters starting to improve within a week of therapy [Table 1]. All these cases are in regular follow-up and till the last follow-up at 6 weeks of discharge there both children were doing well and were hematological parameters also improved."
PMC4138670_01,PMC4138670,Male,32.0,"In January 2001, a 32-year-old man referred to Montaserieh hospital of Mashhad, Iran, with a history of fevers and vomiting 10 days after returning from Pakistan. He also complained of dark urine and hematuria. He had no history of receiving prophylactic antimalarial drugs. He had previously been hospitalized in a small hospital with a diagnosis P. vivax infection and had received oral chloroquine therapy. Then the patient was referred to a specialized hospital in Mashhad city due to worsening symptoms. At admission, he had a temperature of 38.5 C and his other vital signs and consciousness level were normal. On physical examination, the patient had a tender abdomen and his spleen was palpable 5 cm below the left costal margin.
In laboratory studies, hemoglobin was 11.5 g/dL, hematocrit 34%, white blood cell count 16,000/mm3 , and platelet count was 45,000/mm 3 . His creatinine level was 1.9 mg/dL. Serum was assayed for total bilirubin (Bil), lactate dehydrogenase (LDH), aspartate aminotransferase (AST), and alanine aminotransferase (ALT), using commercially available kits. The serum level of Bil was 2.3 mg/dL, LDH 1680 U/L (normal level: 80 - 100 U/L), AST 106 U/L, and ALT 29 U/L. Peripheral blood smear examination showed severe infection with P. falciparum and 75 to 85% of RBCs contained one to five parasites per cell (Figure 1). 
Patient probably had a mixed infection with P. vivax and P. falciparum that the P. vivax infection had been treated with oral chloroquine, but chloroquine-resistant P. falciparum remained and parasitemia had increased.
The patient was treated with intravenous quinine sulfate and oral primaquine. Then, he received primaquine (30 mg a day for 14 days) after the symptoms improvement for treating the probable mixed malaria infection. The improvement was considerable, so that parasitemia decreased by 40% after 24 hours and 1% after 4 days of posttreatment. During the treatment process, the patient developed dark urine and elevated creatine phosphokinase; thus, progression to acute renal failure was considered for him. Acute respiratory distress syndrome (ARDS) was exhibited in bilateral pulmonary infiltrates on the chest X-ray; also, he presented confusion due to cerebral malaria or superimposed a Gram-negative infection, so ceftriaxone was prescribed. However, patient was discharged after 10 days with no requirement for intubation, hemodialysis, or ICU admission. He had a good general condition at the last follow-up visit."
PMC9515355_01,PMC9515355,Male,36.0,"On his return from Cameroon, Africa, a 36-year-old man with no previous exposure to malaria was admitted to the hospital with a fever. He had spent two months traveling across the country. He experienced a high-grade fever (39.8 C), chill, and headache two days after returning. Oral aspirin treatment showed no improvement after 2 days. He went to the hospital on the third day of his illness. Pallor, a fever of 39.3 C, and splenomegaly were discovered during the physical examination.
A normal leukocyte count, hemoglobin (Hb) 8.6 g/dl, thrombocytopenia (platelet 32 x 109/l), C-reactive protein (CRP) 45.5 mg/l, procalcitonin (PCT) 6.62 ng/ml, erythrocyte sedimentation (ESR) 93 mm/h, D-Dimer 1.58 mg/l and total/direct serum bilirubin of 34.2/24.5 mumol/L were discovered in the laboratory. Renal function and blood sugar levels were both within normal limits. The electrocardiogram (ECG) and chest radiography both came back normal. Abdominal computed tomography (CT) showed no hepatosplenomegaly (Figure 1). A blood smear investigation confirmed the Plasmodium falciparum diagnosis. Artesunate tablets were given to the patient, and the first dose was 100 mg orally, 50 mg once from the 2nd day, twice a day. For 2 days, the fever subsided. A full course (5 days) of artesunate tablets was continued. On the fourth day of treatment, the patient complained of pain in his left upper abdomen and a fever of 38.9 C. Plasmodium falciparum is not seen in peripheral blood smears. The spleen was bigger (5 cm) and sensitive on inspection. D-Dimer was found to be 5.24 mg/l in a lab test. Splenomegaly with several rounded, focused, low-density spots in various places (biggest 35 mm x 29 mm) suggested splenic infarct on abdominal CT (Figure 2). His hemodynamic condition was stable. For treatment, Nadroparin-calcium 0.4 mg was injected subcutaneously once a day for 5 days, and acetaminophen oxycodone tablets three times a day for pain relief. On day 3, after analgesic and anticoagulant treatment, abdominal pain was relieved, the fever subsided, and D-Dimer decreased (2.46 mg/l) on day 5. Thus emergent surgery was not required. Six months later, abdominal CT showed that the spleen infarction had recovered (Figure 3)."
PMC5330040_01,PMC5330040,Male,48.0,"A 48-year-old Portuguese man, Caucasian, professional diver, working and living in Angola, with no significant medical history apart from several malaria episodes.
Four days after completing a 3-day prophylactic medication scheme for paludisme (sulfadoxine 500 mg/pyrimethamine 25 mg - S-P), he presented a flu-like syndrome, aggravated with fever and a pruritic facial rash, that extended to the trunk [Figure 1 resumes the progression and presentation of disease]. He was started on amoxicillin plus clavulanic acid, metronidazole, dexamethasone, loratadine, and ibuprofen. In <24 h, developed a severe mucosal damage with odynophagia and dysphagia, extensive bullous lesions on the face and trunk and a fever of 40 C. He was admitted to a medical clinic in Luanda, stopped all the previous medication, initiated fluid therapy and the day after decided to fly to Lisbon and directly to our hospital.
After evaluation by a multidisciplinary team (internal medicine and plastic surgery), a Lyell's syndrome was suspected, and he was admitted in our Burn Unit.
On skin examination, he presented a generalized exanthema with purpuric macules, bullae and erosions, with epidermal detachment - a positive Nikolsky sign [<PMC5330040_JGID-9-23-g002_undivided_1_1.webp><PMC5330040_JGID-9-23-g003_undivided_1_1.webp><PMC5330040_JGID-9-23-g004_undivided_1_1.webp>-4]. Around 70% of TBSA was involved, including head, neck, anterior and posterior trunk, arms, and genitals. The oral mucosae had edema, erythema, and blistering. Ruptured blisters formed hemorrhagic erosions resulting in dysphagia and inability to speak. Ocular involvement, with mild erythema and mucous purulent exudate was present. Vital signs were stable with an elevated body temperature of 39 C, there were no significant changes in the cardiac and pulmonary physical examination. There were no abnormalities detected on chest X-ray and electrocardiogram studies.
Mortality scores, on admission were Simplified Acute Physiology Score II - 19; sequential organ failure assessment (SOFA) - 1. On admission, the severity-of-illness-score for TEN (SCORTEN), was 2 (12.2% of mortality).
A skin biopsy, skin swabs, and blood culture were performed on admission. Femoral central venous catheter (CVC), radial arterial line, nasogastric tube, and urinary catheter were placed. The patient was monitored in the Burn Unit, started on fluids (Parkland formula), along with subcutaneous enoxaparin (40 mg/day); intravenous (IV) pantoprazole (40 mg/day) and morphine perfusion (0.05 mg/kg/h). Topical ophthalmic chloramphenicol and prednisolone every 8 h was instituted. He was followed-up daily by a plastic surgeon, an anesthesiologist, an ophthalmologist and a nurse team.
On the 3rd day after admission, there was a deterioration of the level of consciousness, persistent fever and progression of the cutaneous and mucosal lesions to a TBSA of 80%, becoming more hemorrhagic. SOFA and SCORTEN aggravated to 4 (58.3% of mortality), which led us to initiate a 3-day course of IV immunoglobulin (IVIG) (1 g/kg/day). On the 1st day of IVIG, he developed a mild to moderate side-effect reaction, that subsided with supportive therapy. After the 3rd day of immunoglobulin therapy, the skin lesions began to heal and clinical state improved progressively.
Since his admission, the patient was on spontaneous ventilation (FiO2 40-60% adjusted to keep oxygen-hemoglobin saturation above 94%), despite severe mucosal lesions he maintained protective airway reflexes, no signs of respiratory compromise on chest X-ray or arterial blood gas analysis and good respiratory dynamic. Care to avoid pressure sores and to obtain an adequate temperature and humidity state was taken, daily aseptic dressings with paraffin gauze and iodopovidone and weekly sessions of balneotherapy for mechanical debridement of necrotic areas were done. These were performed under sedoanalgesia with midazolam, fentanyl, propofol and ketamine, maintaining spontaneous breathing. No biologic or synthetic skin substitutes were needed. Hemorrhagic lesions led to coagulopathy requiring topical hemostasis, blood transfusion, and occasional plasma therapy.
The skin biopsy evidenced epidermal necrosis with intense lymphocyte reaction and dermal-epidermal sloughing with preservation of the dermis, compatible with Lyell syndrome.
Infection control and periodic surface and blood cultures of the regions affected were drawn whenever indicated. Due to persistent fever, empiric antibiotic therapy with piperacillin and tazobactam plus gentamicin was initiated and later redirected to a methicillin-sensitive Staphylococcus aureus, identified in blood and CVC culture, to which he completed 7 days of flucloxacilin. It was also isolated, on his 15th day of admission, an Escherichia coli in genital lesions swabs, to which he completed 7 days of cefuroxime. All other blood cultures, skin swabs and urine cultures were sterile.
He presented progressive clinical improvement from the 5th day and epidermalization from the 10th day after admission at our Burn Unit. He was discharged to the plastic surgery ward on the 25th day. We verified total epidermalization of the affected areas, although with dyschromia and cutaneous hypersensibility with no residual mucosal or ophthalmic lesions [<PMC5330040_JGID-9-23-g005_undivided_1_1.webp><PMC5330040_JGID-9-23-g006_undivided_1_1.webp><PMC5330040_JGID-9-23-g007_undivided_1_1.webp>-7].
TEN is a severe mucocutaneous exfoliative reaction. Stevens-Johnson syndrome (SJS) and TEN were considered part of erythema multiforme (EM) spectrum of disease. EM has a less severe presentation with <10% TSBA involved, minimal mucous involvement and typical symmetrical target-lesions. Nowadays, SJS and TEN (but not EM) are considered variants of the same pathologic process, differing only in the extent and severity of mucosal and/or cutaneous involvement. According to Chan et al., TEN is presents with involvement of at least two mucous membranes, loss of confluent sheets of epidermis exposing the dermis of at least 20% of TBSA, fever and a compatible skin biopsy (paucicelular infiltrates and widespread necrotic epidermis involving all layers). In Europe, TEN is indiscriminately classified as being present when more than 30% or 10% of the TBSA is involved whether it presents with or without spots, respectively. In the United States, SJS is defined as epidermal detachment >10% TBSA and TEN is defined as epidermal detachment >30% the TBSA while both SJS and TEN can have mucosal involvement. In between (TBSA 10-30%) there is overlapping of SJS and TEN.
In 90% of cases, TEN is triggered by an idiosyncratic immune-allergic reaction related to a drug. More than 220 medications have been implicated, but only a few of them are most commonly involved [Table 1]. The incidence is higher in extremes of age, and there is a female/male ratio of 1.5:1.
Recently, the EuroSCAR study estimated the risk of different drugs in SJS or TEN. Covering more than 100 million inhabitants in hospitals of five European countries, this study confirmed the risk related to anti-infective sulfonamides, allopurinol, carbamazepine, phenobarbital, phenytoin, and oxicam-nonsteroidal anti-inflammatory drugs. Among newer drugs, strong associations were reported for nevirapine and lamotrigine, and weaker associations for sertraline, pantoprazole, and tramadol.
Plasmodium chloroquine-resistance increased TEN secondary to the association S-P, with a few fatal cases described in the literature.
The possibility of TEN should always be taken into account when prescribing high-risk drugs.
It is common understanding that this disease is the presentation of an unregulated immune reaction against epithelial cells; re-challenging an individual with the same drug can result in fast recurrence of SJS/TEN, pointing to an immunologic mechanism of sensitization and memory.
Two pathogenic immune mechanisms are described: perforin-granzyme mediated cell apoptosis and Fas-FasL mediated cell apoptosis. Drug intake leads to accumulation of toxic metabolites or immunoallergic mechanisms, with reactive metabolites behaving as highly immunogenic haptens. These trigger cytokines release (such as tumor necrosis factor [TNF]-alpha, interleukin [IL]-10 and IL-6), with CD95 receptor activation (Fas) leading to massive apoptosis of keratinocyte and mucosal epithelial cells. The Fas-FasL pathway theory is based on a drug-mediated up-regulation, which triggers a downstream caspase cascade of apoptosis. IVIG is thought to inhibit this reaction, but its effectiveness as a treatment modality remains debated.
Another accepted theory suggests that, in genetically predisposed individuals, drug metabolites accumulate in the epidermis and can induce an immunologic process similar to graft-versus-host disease. On the other hand, several immune-histological studies and blister fluid analysis, point to T lymphocytes as the main character in the pathogenesis of SJS/TEN.
How a drug, in a given patient, regulates the function of these key players leading to SJS/TEN, is still debated.
TEN usually develops 1-3 weeks after contact with a suspect drug with no consistent tests to conclusively prove the link.
TEN is preceded by a prodromal phase (48-72 h) of a flu-like syndrome (fever, dysphagia, cough, gastrointestinal symptoms, myalgia). Later this can progress, although inconsistently, to systemic symptoms with low albumin, leukopenia, anemia and possibly disseminated intravascular coagulation (DIC).
Mucosal and cutaneous lesions are characteristic. Mucosal lesions may be the first to appear, mainly involving the stratified squamous epithelium. Erosion and shedding of conjunctiva, respiratory, oral, pharyngeal, esophagus, urethral, anal, vaginal, and perineal mucosa can be found. However, oral, pharyngeal, conjunctiva and urethral surfaces are most frequently affected. Cutaneous lesions predominate in sun-exposed areas and usually begin symmetrically on the trunk. The scalp, legs, and the distal part of the arms (except palms and soles) are relatively spared. These lesions start as an acute macular erythematous rash with central blistering and target lesions with a dark red center and lighter red halo. Rapidly, they exhibit Nikolsky's sign (epidermal detachment by gentle lateral pressure on the skin). This detachment can become very extensive with a total epidermal loss in 24 h in severe cases. Diagnosis of TEN is largely clinical but has to be confirmed by skin biopsy histology. Histological studies reveal widespread necrotic epidermis involving all layers. To rule out autoimmune blistering diseases, direct immune fluorescence staining should be performed, and no immunoglobulin or complement deposition should be detected.
Re-epithelialization is evident in 1-3 weeks, although fever may persist without culture proven infection.
Other pathologies to include in the differential diagnosis of TEN are EM, impetigo, SJS, staphylococcal scalded skin syndrome, lupus erythematosus, pemphigus vulgaris, linear IgA dermatosis, bullous pemphigoid, cutaneous T-cell lymphoma, toxic shock syndrome, Kawasaki disease, graft versus host disease, and thermal or chemical burns.
Only necrotic skin or detachable skin (Nikolsky +) should be included to evaluate the TBSA involved. The extension of involvement is a major prognostic factor.
No randomized controlled trials or guidelines exist for TEN's treatment. Guidelines proposed by Avakian et al. in 1991 and revised in 2007 by Fromowitz et al. can be considered a starting point. These are built on a multidisciplinary approach, early diagnosis, withdrawal of suspected/causative drug(s), supportive care and definite therapies with three primary goals: hemodynamic stability, pain management, and infection control.
The SCORTEN is now the most commonly used scoring system. Apart from evaluating the severity of the clinical picture, can aid in decision making. A score of 3 or more should be treated in an Intensive Care Unit if possible.
Isolation, appropriate wound management, constant nurse control and the availability of technologically advanced devices, make the Burn Unit the most suitable place for the treatment of TEN patients according to several authors.
Garcia-Doval et al. have shown that early culprit drug withdrawal and the shorter the half-life of the drug, the better the prognosis. After discontinuing unnecessary and suspect medications, first-line management is fluid and electrolyte replacement, acid-base, metabolic regulation and topical skin management. Fluid replacement should be started with crystalloids. The amount to be administered is controversial. Most authors use Parkland's formula and administrate Ringer's solution, as in burn patients. Others state that third space loss phenomenon and changes in vascular permeability are absent, contrary to burn patients, with less need for fluid-aggressive therapy.
TEN patients present several nutrition management difficulties. Oropharyngeal lesions may cause difficulties in eating, drinking and enteral tube placement. High nutritional requirements due to an hypermetabolic response, appear to be related to TBSA affected. Nutrient absorption can be altered by gastrointestinal mucosa involvement. Some authors suggest avoiding nasogastric tube because of gastrointestinal mucosae potential involvement; however, this might be the only feeding alternative. Total parenteral nutrition should be started in patients without an enteral route.
As for other critically ill patients, analgesia, prophylaxis for deep vein thrombosis and erosive gastric ulcer, daily physical therapy, prevention of pressure sores, and infections cannot be overemphasized.
Periodic laboratory analysis and cultures, according to clinical context, should be collected. This is also valid for X-ray and gasometrical analysis to evaluate respiratory compromise.
Antibiotic therapy should be guided by high suspicion of infection, microbiological cultures, and antibiogram, except when there is leukopenia. Invasive procedures should be reduced to a minimum and avoid affected areas.
Topical wound care is essential in the treatment of TEN. The ideal wound dressing for re-epithelialization should preserve physiologic conditions, protecting the wound and allowing unrestricted movements. It must also be permeable, easy to apply, nontoxic, nonadherent, and low priced.
Some authors suggest aggressive operative debridement, while others support a conservative approach since blistered skin acts as a natural biological dressing, which likely favors re-epithelialization. Whichever approach is chosen; the exposed dermis should be protected with some form of coverage.
Detached epidermis should be removed under sedoanalgesia, avoiding general anesthesia and endotracheal intubation. When the dermis is intact, nonadhesive wound dressings are enough, assuring aseptic conditions and daily dressings.
Exposed areas should be sterilized using chlorhexidine or silver nitrate 0.5%, and covered with paraffin gauze, biological materials, synthetic skin substitutes, or adsorbent skin dressings.
Aquacel Ag  was recently reported in TEN wound treatment, does not need daily changing and can remain in place for 3 days or until epithelialization is complete. According to some authors, it is cost effective, reduces wound infection, the frequency of dressing changes and pain levels.
The use of sulfonamide-containing solutions is contraindicated due the possible implication in the pathophysiology of the syndrome and additionally, might delay re-epithelialization.
The role of the immune system in TEN's pathophysiology inspired the administration of various agents with immunologic actions. Some institutions use systemic corticosteroids, immunosuppressives (cyclophosphamide, cyclosporine), anti-TNF-alpha agents, plasmapheresis, and human IVIG. Nevertheless, there is no consensus on treatment effects. Prompt withdrawal of the suspected drug is the first-line therapy and was, for many years, the only validated one to reduce mortality.
Despite some success, corticosteroids and immunosuppressives are not considered as a standard treatment for TEN. Some authors consider there are risks of administering an immunosuppressant drug to an already immunosuppressed individual.
Plasmapheresis is reported to lead to some success. Nevertheless, there is no agreement about the efficacy of this expensive treatment, its benefits are still unclear and there are series of nonresponding patients.
N-acetylcysteine anti-oxidant effects, in high doses, might inhibit cytokines production and release, like TNF-alpha and IL-1, involved in TEN's physiopathology.
IVIG is the most recent therapeutic approach to TEN, 24 proposed in 1998 by Viard et al. It's pharmacokinetics is based on blockage of CD95 cell-surface receptor (Fas) that induces keratinocyte apoptosis. IVIGs are obtained from plasma of blood donors, fractionated and purified until obtaining predominantly IgG (90-98%), traces of IgA, IgM, CD4, CD8, human leukocyte antigen molecules, and cytokines. IVIG dosage, however, is still unclear. Viard et al. indicated a protocol in which IVIG should be infused at doses of 0.7 g/kg daily for 4 days (total dose 2.8 g/kg) and with methylprednisolone 250 mg/6 h for the first 48 h. This protocol was modified successively by different authors. Despite the potential biases and although they are not directly comparable, most studies suggested a benefit, of high-dose IVIG, in TEN's mortality.
Trent et al. conducted a systematic review from 1992 to 2006, to study the dose-response relationship. Despite the study limitations stated by the authors, results showed that within each 1 g/kg increase in IVIG dose, there was a statistically significant 4.2-fold increase in TEN patient survival.
IVIG treatment is still not globally accepted. In Portugal, there are few cases in the literature and none comparing IVIG with other conservative therapies.
About 40% of survivors of TEN have residual and potentially disabling lesions. After the acute period, skin and mucosal sequelae are unfortunately frequent with a threat to life or its quality.
Sepsis is responsible for more than 50% of mortality, especially if it is associated with DIC. Common pathogens in TEN sepsis are S. aureus and Pseudomonas aeruginosa.
Ocular involvement can lead to eyelid fusion, corneal ulcers, and subsequent blindness. Pulmonary sequelae range from chronic bronchitis, bronchiectasis, obliterans bronchiolitis, pneumonia or acute respiratory distress syndrome. These may dictate the need to invasive mechanical ventilation, which can be challenging in these patients. There might also be a reduction in diffusing capacity of the lung for carbon monoxide (DLCO) of 35-40% even in those who do not require mechanical ventilation.
Other sequelae as dysphagia, diarrhea, esophagic stenosis or rupture, hepatitis, vaginal and ureteral stenosis, hair loss, nails dystrophy, hypo or hyperpigmentation can also be seen.
There are several clinical and laboratory factors that influence adversely the prognosis. The TBSA involved, advanced age, significant comorbidities, delay in suspending the culprit drug, concomitant intake of multiple drugs, need for multiples transfusions and a long re-epithelialization time (more than 9 days). Neutropenia is the most consistent laboratory data to prognosis. Another important factor is more than 48 h delay in admission to an Intensive Care/Burn Unit."
PMC4326998_01,PMC4326998,Male,62.0,"A 62-year-old male patient was admitted with after the onset of fever with chills and rigor lasting for 5 days. The sensorium was reportedly altered since the day before admission. He had no headache, vomiting, jaundice, seizure or any weakness. He was neither diabetic nor hypertensive. There was no history of any other recent illness or vaccination.
Physical examination revealed that he was febrile (103 F), tachycardic (pulse rate - 124/min), normotensive (blood pressure [BP] - 110/70), and tachypneic (respiratory rate - 36/min). Neurologic examination showed drowsiness without any focal neurological deficit or meningeal signs. Plantar response was extensor bilaterally. Clinical examinations of respiratory, cardiovascular, and abdominal systems revealed no abnormality.
Full blood count revealed a normocytic anemia (hemoglobin - 10.4 g/dl, mean corpuscular volume - 82 fl), and erythrocytic sedimentation rate (ESR) was 38 mm in 1sth (Westergren method). Thick and thin blood smears were prepared which showed ring forms of Plasmodium falciparum and immunochromatographic test for P. falciparum histidine-rich protein 2 (PfHRP-2)-based assay (ICT, Access Bio. Inc., NJ, USA) was strongly positive. Blood tests revealed impaired renal functions (serum urea - 85 mg/dl and serum creatinine - 2.4 mg/dl), whereas liver function tests (LFTs) and electrolytes were normal. Hence, a diagnosis of severe falciparum malaria with cerebral manifestations and renal failure was made and a treatment with intravenous artesunate was initiated at the dose of 2.4 mg/kg at 0, 12, and 24 h, then once daily. He also underwent hemodialysis once and started improving on the 3rd day. A clear clinical improvement was shown upon treatment, until he became fully conscious and ambulant on day 4.
On day 5 (10 days after the onset of fever), he developed weakness of lower limbs first and then upper limbs, which progressively worsened over the next 3 days, making the patient bed-ridden eventually. Neurologic examination was performed. Higher functions were maintained; cranial nerve functions were intact; a lower motor type of quadriparesis was shown. Muscle strength was reduced to 2/5 in lower limbs and 3/5 in upper limbs. There was hypotonia, but no fasciculations were detected. All deep tendon reflexes were absent. Plantar responses were flexor bilaterally. Nerve conduction studies of both common peroneal and posterior tibial nerves showed prolonged distal latencies, grossly diminished amplitudes and velocities. Sensory nerve conduction in both upper and lower limbs was absent. F-wave latencies were diminished in both upper and lower limbs. These findings were suggestive of mixed demyelinating and axonal neuropathy involving both motor and sensory nerves and radiculopathy-consistent with a diagnosis of Guillain-Barre syndrome (GBS). A study of the cerebrospinal fluid revealed no cells, but a protein content of 500 mg%, confirming the diagnosis of GBS. As the patient could not afford intravenous immunoglobulin and plasmapheresis, he was not given any specific treatment. He did not have further progression of weakness and respiratory muscles or facial nerve was not involved. He improved gradually and was discharged 22 days later (day 27) when his muscle strength was 4/5 in all four limbs."
PMC4326998_02,PMC4326998,Male,25.0,"A 25-year-old male presented with the complaints of fever with chills and rigor accompanied with severe headache, vomiting, convulsions, and altered sensorium for 6 days. He had no history of recreational drug use, diabetes, and hypertension. He also did not reveal any history suggestive of renal parenchymal disease or vasculitis.
On examination, he was comatose, febrile (102 F), pulse - 130/min, and BP - 140/70 mm Hg. Neurological examination revealed a comatose patient with bilateral constricted sluggish-reacting pupils without other cranial nerve deficits. Plantar response was bilaterally extensor. There was decerebrate posturing and neck rigidity was mild. Cardiovascular examination revealed no abnormality of peripheral pulses, bruits or cardiomegaly. Respiratory and abdominal examination revealed no abnormality.
Blood counts revealed a normocytic, normochromic anemia (hemoglobin - 9.7 g/dl, mean corpuscular volume - 90 fl), ESR - 28 mm/h, and platelet count of 75,000/cu.mm. Thick and thin blood smears were prepared and it revealed ring forms and gametocytes of P. falciparum and immunochromatographic test for PfHRP-2 based assay (ICT, Access Bio. Inc., NJ, USA) was strongly positive. Biochemical investigations - LFTs, renal function tests, and serum electrolytes were within the normal limits. No abnormality was found on urine examination with respect to proteinuria, red blood cells, white blood cells or casts. Enzyme-linked immunosorbent assay for human immunodeficiency virus was negative.
A clinical diagnosis of cerebral malaria caused by P. falciparum was established, and the patient was started on intravenous artesunate therapy. Following a lack of improvement in sensorium despite 3 days of antimalarial treatment, a non-contrast computed tomography (CT) scan brain was advised, which surprisingly revealed subarachnoid hemorrhage (SAH) [<PMC4326998_TP-5-61-g001_undivided_1_1.webp>]. A coagulation screen was found to be within normal range. Prothrombin time-international normalized ratio was 1.3 and activated partial thromboplastin time was 32 s. Fibrin degradation products by D-dimer were negative. A magnetic resonance angiography was carried out, which revealed no arterio-venous malformation or aneurysm. Anti-nuclear antibody titers were found to be negative by standard method. There was no family history of sickle cell anemia, and a sickling test on peripheral blood smear using sodium metabisulfite was negative.
The patient had a stormy clinical course and ultimately died 3 days later in spite of aggressive treatment with intravenous artesunate and supporting ventilator measures."
PMC6748458_01,PMC6748458,Male,0.0,"A 2-month-old HIV-exposed male Nigerian infant presented at the pediatric antiretroviral clinic in the company of his mother for follow-up. His mother complained of fever of a week duration occurring every 2 to 3 days, with the child appearing unwell when febrile and well when afebrile. An episode of nonprojectile vomit containing recently ingested milk formula was associated with this fever. There was no history of irritability, excessive crying, jaundice, reduced feeding, or history suggestive of dysuria in the patient. Neither was there a cough, rhinorrhea, or dyspnoea. There was no history suggestive of prolonged rupture of membrane, chorioamnionitis, or maternal infections around the delivery period. The infant had never been transfused with blood or blood products. The mother of the patient was a 38 -year-old nursing officer who was diagnosed to be HIV infected 16 years previously. Mum had adhered to her medications since highly active antiretroviral therapy (HAART) was initiated 7 years prior to the admission of the baby. The father, a 50-year-old accountant, was also HIV infected and had also initiated HAART. The family setting is monogamous and the child is the second in a family of 3.
The index patient was delivered at term by elective cesarean section with a birth weight of 2.8 kg and there was no history suggestive of birth asphyxia. The infant was initially breastfed for 2 weeks and thereafter fed with infant formula because the mother could not bear her neck pains due to cervical spondylosis. Nevirapine prophylaxis was administered from birth for the first 6 weeks of life. Co-trimoxazole prophylaxis was then commenced at the age of 6 weeks.
General examination at presentation revealed an afebrile male infant with a temperature of 37.5 C and a weight of 3.6 kg. He was pale but not jaundiced or cyanosed. He was well hydrated and systemic examination revealed a heart rate of 144/minute with normal heart sounds. Both hepatic and splenic enlargement of 4 cm each were detected on abdominal examination. No abnormalities were detected on examination of the respiratory or central nervous systems. A diagnosis of sepsis was entertained and the patient was admitted and treated with intravenous cefuroxime before complete blood count investigation. Fever resolved 2 days after commencing antibiotics and the patient was discharged home on oral cefuroxime. Complete blood count investigation conducted at the age of 2 months revealed a packed cell volume of 29% and total white cell count of 9800 mm3. The differential lymphocyte and neutrophils counts were 84% and 16%, respectively. Blood film for malaria parasite screening was not done because malaria was not entertained. Blood investigations for HIV by polymerase chain reaction were negative.
The mother re-presented a week later with complaints of fever recurring every 2 to 3 days. Examination findings were similar to those observed before discharge. The unresolved fever pattern was not reported on time by the mother because she felt that the fever would abate with cefuroxime administration. A diagnosis of malaria was therefore entertained, which was confirmed after detection of trophozoites of Plasmodium falciparum in the peripheral blood film following microscopy. The infant was readmitted and treated with oral quinine. A remarkable improvement in his condition was thereafter noted with the intermittent fever resolving by crisis within 24 hours of administration of quinine. The packed cell volume of 26% at readmission increased to 32% on the fourth day of quinine therapy. The child remained well and was discharged home 2 days after."
PMC9092576_02,PMC9092576,Male,47.0,"A 47-year-old man who was a traveling companion of the patient described above presented with a total of 10 lesions on bilateral upper (Figure 2) and lower extremities and flank, all >1 cm with the largest measuring 5 cm. Tissue samples were sent to the Centers for Disease Control and Prevention, Atlanta, GA, USA, for confirmation of diagnosis. Samples from our two patients were positive for Leishmaniasis by immunohistochemistry and histopathologic evidence of amastigotes in both cases. Both received an initial 3-day course of liposomal amphotericin B (Ambisome ) followed by miltefosine (Impavido ). They were treated with a total 28-day course of miltefosine with eventual resolution of lesions. As part of their clinical workup to rule out malaria, a rapid malaria antigen testing for P falciparum was obtained and reported positive in both patients (BinaxNOW malaria, Abbott Laboratories, Elk Grove Village, IL, USA). However, both a qualitative RT-PCR for P falciparum in blood (ARUP Laboratories, Salt Lake City, UT, USA) and repeated thick-and-thin smear direct microscopy were negative in both patients."
PMC5015625_01,PMC5015625,Male,39.0,"We report a 39-year-old caucasian man who has lived in Angola for 4 years. He presented to a hospital in California, during a trip, with a flu-like syndrome, jaundice and altered state of consciousness. On hospital admission, he had hemolytic anemia, thrombocytopenia, acidemia and acute renal failure. After the diagnosis of Plasmodium falciparum malaria, the patient initiated therapy with quinine and doxycycline, although developing severe encephalopathy (coma). After therapy with artesunate, he had hematologic and neurological improvement, and was transferred to Portugal. On initial eye examination at our hospital, he had 20/20 visual acuity in the right eye and a central scotoma in the left eye. Right eye indirect ophthalmoscopy revealed round deep layer retinal hemorrhage, with one disc diameter of radius, in the superior temporal arcade (<PMC5015625_OC-05-13-g-001_undivided_1_1.webp> (<PMC5015625_OC-05-13-g-001_undivided_1_1.webp>)). Left eye indirect ophthalmoscopy showed a foveal hemorrhage, several superficial hemorrhages in the interpapillomacular bundle (<PMC5015625_OC-05-13-g-002_undivided_1_1.webp><PMC5015625_OC-05-13-g-003_undivided_1_1.webp> (<PMC5015625_OC-05-13-g-002_undivided_1_1.webp><PMC5015625_OC-05-13-g-003_undivided_1_1.webp>)) and a deep white-centered peripheral hemorrhagic lesion (Figure 3 (Fig. 3)). Fluorescein angiography was not performed given the deterioration of the renal function warranting hemodialysis. At one-month follow-up, the patient had 20/20 visual acuity in both eyes and on examination almost all lesions shown on retinography had regressed (<PMC5015625_OC-05-13-g-004_undivided_1_1.webp><PMC5015625_OC-05-13-g-005_undivided_1_1.webp> (<PMC5015625_OC-05-13-g-004_undivided_1_1.webp><PMC5015625_OC-05-13-g-005_undivided_1_1.webp>) and Figure 5 (Fig. 5))."
PMC9759007_03,PMC9759007,Unknown,,"On examination, the child was ill-looking, irritable, pale, and febrile with nasal flaring. The child's temperature was 38.8 C, weight was 5 kg, heart rate was 142 b/min, respiratory rate was 38 b/min and oxygen saturation was 97% on room air. Chest examination revealed anterior coarse crepitations bilaterally. All other systemic examinations were normal. An impression of pneumonia and severe anemia r/o malaria was made prior to investigations and the child was referred to the University Teaching Hospital for further management.
Blood investigations revealed a bicytopenia (Hemoglobin, HB 3.7 g/dL, White cell count, WCC 5.2x109/L, Platelets 143x109/L), red cell anomalies (sickle cells, target cells, poikilocytosis, anisocytosis, microcytosis, hypochromia, schistocytes, and slight macrocytic anemia) and raised liver function tests (bilirubin 38.7 micromol/L, AST 43.3 IU/L, protein 67.2 g/L). Blood culture showed Staphylococcus haemolyticus and Streptococcus pneumoniae with common sensitivity to levofloxacin, moxifloxacin, clindamycin, and linezolid. Staphylococcus haemolyticus also showed multidrug resistance to ciprofloxacin, erythromycin, tetracycline, and co-trimoxazole (Table 1). Hemoglobin electrophoresis test results showed a HbS percentage of 90.5% and a HbF percentage of 2.9% (Table 2)."
PMC9759007_04,PMC9759007,Male,,"A diagnosis of Sickle cell disease with sepsis and pneumonia was made after a review of laboratory results. He received two blood transfusions with packed red blood cells (160 cc), intravenous crystalloid fluids, broad-spectrum antibiotics (cefotaxime 200 mg IV TDS, then ciprofloxacin 100 mg PO BD), and oral analgesics (paracetamol 80 mg PO TDS). The patient proceeded to recover well with the resolution of cough, fever, and HB restoration to 8.8 g/dL. He was discharged 13 days post-admission on haematinics (folic acid 5 mg daily) and malaria prophylaxis (deltaprim 1/4 tab weekly)."
PMC9759007_07,PMC9759007,Male,,"The child returned to the hospital 2 weeks post-second discharge with a 3 day history of weakness and reduced activity. On examination, his pulse was 168 b/min, respiratory rate 42 b/min, temperature 37.9 C, and oxygen saturation of 86% on room air. He was conscious, in respiratory distress, and very pale. All other systems were normal. During this admission, the child's laboratory results were positive for Malaria (P.falciparum) on RDT, HB 2.2 g/dL, WCC 50.9x109/L, and MCV 90.1 FL (Table 4). During his third admission, he was treated for Malaria with severe aaemia (hemolytic crisis) in SCD. He received 2 units of packed red blood cells (160 cc) and Artemether-Lumefantrine 1 tablet initial, then 1 tablet after 8 hours, then 1 tablet PO BD for 2 days, folic acid 5 mg PO OD, deltaprim 1/4 tablet PO weekly. He was discharged on day 7 post-admission with an HB of 12.5 g/dL."
PMC8329521_01,PMC8329521,Female,35.0,"We present the case of a previously healthy 35-year-old female, who presented to our emergency department (ED) complaining of high-grade fever of waxing-and-waning nature for five days, associated with vomiting, body aches and sleepiness. She works at a local bank and developed fever during her mandated hotel quarantine upon return from a holiday in Sudan seven days ago, during which she was not on malaria prophylaxis. COVID-19 PCR from nasopharyngeal swab was negative. She did not improve despite anti-pyretics and anti-emetics during the hotel quarantine, and sought medical advice at a private clinic where she tested positive for malaria and was referred to our hospital for inpatient management.
Patient reported that she had previous history of malaria 10 years ago but not as severe. She had no other sick contact in her family or friends.
Her initial labs showed hemoglobin of 12.1 gm/dl, normal white blood cell count of and platelets of 150 with elevated AST and ALT of 58 and 57U/L, respectively and high total bilirubin of 26 mumol/L. Malarial smears were positive for Plasmodium falciparum with a parasitemia level of 27 %. She was admitted to medical intensive care unit (MICU) for further management under close monitoring due to severe malaria with overlapping features of sepsis and acute respiratory distress syndrome (ARDS). In line with guidelines for malaria management, she was started on parenteral artesunate, which was administered until the parasite level decreased to less than 1%. She was then started on oral artemether-lumefantrine for five days thereafter, and the malaria parasite level at the end of the treatment was less than 0.1 %. In the meantime, she received other supportive treatment including intravenous fluids, antiemetics, antipyretics and antibiotics.
She was transferred to medical ward after MICU care, and had significant improvement in her condition, except for persistent fever and a gradual decline in her hemoglobin.
Labs later in the hospital course revealed continuous gradual drop in hemoglobin from 12 g/dL to 6.5 g/dL and she received multiple packed red blood cell transfusions. Her hemoglobin would initially increase post-transfusions, followed by a decrease again within one to two days. <PMC8329521_gr1_undivided_1_1.webp> shows the trend of hemoglobin levels during the hospitalization along with blood transfusions throughout the admission. Later in her clinical course, her platelets dropped from 160 to 70 x 103/muL, but improved without intervention. Liver transaminases also increased up to 150sU/L and total bilirubin was 35 mumol/L. Labs revealed increased lactate dehydrogenase (LDH) of 595 U/L (reference range: 135-214 U/L) and low haptoglobin reported as less than 10 mg/dl (30-200 mg/dl). Coombs' test was positive with low complement 4 (C4). Subsequently, all liver function tests improved within one week.
She continued to spike fever at least once per day and temperatures ranged from 38.5 to 40C and she was on as-needed paracetamol infusion. Sepsis workup including blood cultures and urine culture were negative. She had bilateral pleural effusion, more prominent on the right side associated with dyspnea and increased requirement for oxygen supplementation, thus piperacillin-tazobactam was initiated empirically and she underwent therapeutic and diagnostic thoracentesis on the left side - as the right-sided effusion was complicated with consolidation and collapse. Pleural fluid analysis revealed exudative effusion with predominantly neutrophilic leukocytosis.
In the next few days, she continued to spike fever and had persistent drop in hemoglobin, due to which antimicrobial coverage was escalated to tigecycline to treat suspected empyema, for which right-sided effusion was drained by interventional radiologist, and pleural fluid analysis showed the same results as those from left pleural effusion. Once the results of all cultures from pleural fluid and peripheral blood were negative, the antibiotics were discontinued.
Despite all measures, there was no further improvement in her fever. Further workup to investigate possible fever of unknown origin included ultrasound of the abdomen to evaluate for any intrabdominal collections and it showed an ill-defined hypoechogenicity in the pancreatic head (<PMC8329521_gr2_A_1_2.webp><PMC8329521_gr2_B_2_2.webp>) and multiple ill-defined hypoechoic lesions in the spleen and recommended for further evaluation by magnetic resonance imaging (MRI). The ultrasound also incidentally noted multiple gallbladder polyps, minimal pelvic free fluid and bilateral pleural effusion. Contrast-enhanced MRI of the abdomen confirmed multiple splenic infarcts, mildly enlarged liver and annular pancreas with no focal pancreatic lesion.
As no significant improvement was noted in her clinical condition, further workup was performed to exclude connective tissue disease, involving ANA which was positive. Direct antiglobulin test was also positive, along with high LDH and low haptoglobin, confirming autoimmune hemolytic anemia. Bone marrow aspiration (BMA) was not performed as the patient declined the procedure after discussion of benefits of BMA in diagnosis and potential risks of the procedure including hematoma and bleeding, especially considering thrombocytopenia. After ruling out all other causes including hemolytic anemia due to autoimmune etiologies or related to sepsis, along with resolution of the fever, the delayed autoimmune hemolytic anemia was deemed most likely attributable to parenteral artesunate in our case.
After one-week follow-up, she had stable hemoglobin and her fever chart showed no more spikes with good over all condition as per the patient.
As per our conclusions, with accumulating available information, it appears our patient had a rare case of artesunate-induced delayed hemolysis by exclusion of all other possible diagnoses and we highlight the challenges of diagnosis of PADH due to its rare occurrence and as the concept is not yet well-recognized."
PMC10756375_01,PMC10756375,Female,30.0,"The patient was a 20-30-year-old multiparous pregnant woman from sub-Saharan Africa who came to an emergency department at Providence Portland Medical Center, Portland, Oregon, USA, during her third trimester; she had inadequate prenatal care and a 2-week history of loose stools and abdominal pain before defecation. She reported chills and night sweats without fevers. She denied nausea, vomiting, epigastric pain, runny nose, cough, sore throat, lymphadenopathy, dysuria, or vaginal discharge. The patient was tachycardic; fetal heart rate (FHR) tracing showed a normal FHR, moderate variability, accelerations, and late and variable decelerations. Initial laboratory evaluation on the woman showed microcytic anemia, leukocytopenia, thrombocytopenia, and an increased level of bilirubin (Table).
Testing results were negative for HIV, SARS-CoV-2, influenza, hepatitis B, hepatitis C, rubella, and syphilis. The result of a rapid point-of-care BinaxNOW malaria test (Abbott Laboratories, https://www.globalpointofcare.abbott) was positive for P. falciparum. Thick and thin malaria blood smears showed P. falciparum (Figure 1). Initial parasitemia was 0.2%. We submitted blood smears to the Division of Parasitic Diseases and Malaria diagnostic laboratory, Center for Global Health, Centers for Disease Control and Prevention, and P. falciparum morphologic identification was confirmed. A pretreatment blood sample was not available for molecular speciation or whole-genome sequencing.
We initiated a 3-day course of artemether/lumefantrine, and percentage parasitemia decreased to 0.1% within 24 hours. No parasites were observed by day 3 of therapy. The patient received intravenous fluids and 1 unit of packed red blood cells. Maternal tachycardia resolved, and FHR tracing displayed normal FHR with moderate variability, accelerations, and resolution of decelerations. The patient's anemia and thrombocytopenia improved, and her leukocyte count normalized. The patient gave birth to a healthy postterm infant without evidence of placental insufficiency. Placental pathologic analysis showed sickled maternal erythrocytes, pigment in perivillous fibrin, and mild lymphocytic deciduitis without immunohistochemical evidence of parasites.
The patient immigrated to the United States with her family 11 years before she sought care. She had lived in a metropolitan area of Oregon during the 5 years before she sought care and denied any history of foreign or domestic travel. The patient reported a history of malaria during childhood 19 years earlier, for which treatment was received while living in sub-Saharan Africa. She denied any history of blood transfusions or recent insect bites. The most recent visit to the patient's home by a person from sub-Saharan Africa occurred 2 years before her illness. She had a history of anemia during previous pregnancies, and her first pregnancy was complicated by thrombocytopenia and preeclampsia. She had a history of sickle cell trait diagnosed by hemoglobin fractionation.
We explored the plausibility of local malaria transmission by evaluating current mosquito surveillance data and conducting case finding with temporospatial proximity to the case. The investigation was anchored to month of symptom onset (September 2022). We used mapping to visualize spatial associations between mosquito surveillance, malaria case reports, syndromic surveillance, and death surveillance (<PMC10756375_23-1231-F2_undivided_1_1.webp>).
Anopheles freeborni and An. punctipennis mosquitoes were identified during Washington County Public Health's 2022 Mosquito Control trapping season, May-September 2022. However, during the period of our investigation, temperatures had decreased, and Anopheles mosquitos were not active in the area. P. falciparum case finding within the statewide reportable disease database showed 1 travel-associated malaria case with an onset 2 months before this patient and  4 miles away. There was no epidemiologic link between the cases; whole blood was not available to identify microsatellite parasite signatures. A search of Oregon's Electronic Surveillance System for the Early Notification of Community-Based Epidemics for emergency department encounters with a discharge diagnosis of fever of unknown origin (FUO) showed greater than expected activity in the week of the patient's onset of symptoms. However, the trend was not isolated to the proximity of the case-patient, and many encounters noted manifestations consistent with viral infections.
An Early Notification of Community-Based Epidemics query for mosquito bites and arboviral diseases did not show greater than expected activity. A vital records query for deaths with an associated diagnosis of FUO showed 1 death temporospatially related to the case. Medical record review by the Malaria Branch, Center for Global Health, Division of Parasitic Diseases and Malaria, Centers for Disease Control and Prevention, ruled out the death as related to malaria due to clinical and laboratory incompatibility. Thus, there was no evidence to support local mosquitoborne transmission."
PMC10838024_01,PMC10838024,Female,0.0,"A 5-week-old female presented to hospital with 3 days of diarrhea, poor feeding, decreased activity, and two episodes of unilateral leg shaking that self-resolved in less than 1 min. of 2 weeks prior, she had 1 day of fever. She had no respiratory symptoms, vomiting, rash, or decreased level of consciousness.
The infant's mother migrated from Nigeria 9 years prior. This pregnancy was conceived during travel to Nigeria. The mother returned to Canada at 5-months gestation. Testing for HIV, hepatitis B, and syphilis was negative at 7-months gestation.
The infant was delivered by caesarean section at 37 + 5 weeks gestation for breech presentation. The mother had fever at delivery and on post-operative day one, then defervesced without antibiotics. The baby's birth weight was 3.1 kg. Neonatal examination was normal. She fed and gained weight appropriately until the current illness.
In the Emergency Department (ED), the infant was afebrile, with vital signs in normal range. Examination revealed lethargy and a soft flow murmur. Hemoglobin was 64 g/L, hematocrit 20%, white blood cells 8.5 x 109/L, platelets 331 x 109/L, and glucose 5.2 mmol/L.
The Hematology technician contacted the ED to report having seen malaria parasites (at 0.1% parasitemia) on the blood smear performed for complete blood count with manual differential. Rapid diagnostic test for malaria (BinaxNOW; Abbott, Chicago, IL, USA) was done and was negative.
Further history revealed that the mother was treated for malaria at 6-weeks' gestation in Nigeria (see case timeline in Supplemental Figure 1). She did not know the causative species or medication. Fever recurred at 6-months gestation in Canada. The mother contacted her physician in Nigeria, who advised to take a course of antimalarial therapy she had brought back from Nigeria. Fever resolved.
The infant was transferred to the pediatric hospital and the Infectious Diseases service was consulted. The infant was alert but pale, and noted to have tachycardia, retractions, and desaturations with feeding. Hepatosplenomegaly was palpated. Hemoglobin was 55 g/L, hematocrit 17.3%, and lactate 2.1 mmol/L. Liver panel, creatinine, and C-reactive protein were normal.
Red blood cells were transfused due to symptomatic anemia. Congenital malaria was presumed given absence of endemic malaria transmission in Canada, and managed as a severe case given progressive anemia and possible seizures. IV artesunate was initiated (3.0 mg/kg/dose at 0, 12, 24, and 48 h). Ceftriaxone, vancomycin, and acyclovir were started pending full septic workup. Repeat peripheral blood smear confirmed 0.1% parasitemia, and Plasmodium ovale was identified by microscopy and polymerase chain reaction at the provincial reference laboratory."
PMC10838024_02,PMC10838024,Female,,"The infant clinically improved. Hemoglobin rose to 91 g/L. Septic workup and HIV screen were negative. Malaria smears showed parasite clearance at 72 h. The infant was transitioned to oral quinine and clindamycin for a total 7-day course. She remained well in follow-up, with no parasite recrudescence or post-artesunate delayed hemolysis. The mother was assessed by the local Tropical Disease Unit. She was clinically well, and malaria thick and thin blood films and rapid diagnostic test were negative. Given the diagnosis of congenital P. ovale malaria in her child, she was treated with 3 days of oral atovaquone-proguanil followed by 14 days of oral primaquine 30 mg (base) per day, following G6PD testing. Infant G6PD testing was not done due to recent red blood cell transfusion and cessation of breastfeeding prior to maternal primaquine course."
PMC10941984_01,PMC10941984,Female,0.0,"A previously healthy 18-month-old girl was transferred to Assosa General Hospital, Ethiopia from Beghi Primary Hospital in the Western Oromia region of Ethiopia, where the healthcare system is significantly impacted by conflict and war. Armed conflicts are causing destruction to the public health infrastructure and disrupting healthcare services in Oromia. These conflicts are displacing individuals from their homes, compelling them to reside in makeshift shelters, which could lead to significant health crises. The effects of these conflicts on public health infrastructure and the resulting limitations on providing essential public healthcare services would be significant. This has alarmingly led to a high number of deaths among children due to malaria and anemia.
This little girl had been experiencing symptoms such as fatigue, vomiting, cough, loss of appetite, and dizziness for a week. She had difficulty breastfeeding. Her vital signs indicated an oxygen saturation of 90%, body temperature of 36.6  C, blood pressure of 100/70 millimeter of mercury(mmHg), heart rate of 132 beat per minutes(bpm), and respiratory rate of 47 breaths per minute. She exhibited signs of Pale Conjunctivitis and severe palmar paleness, weighed 7 kg, and had a mid-upper arm circumferences(MUAC) of 11.5. She was noticeably weak and had difficulty latching onto the breast during feeding. Her mucous membranes and conjunctiva were noticeably pale. She was having difficulty breathing in room air and showed signs of breathlessness.
Immediately upon she arrived at emergency room she was admitted directly to the pediatrics ward with her mother, The laboratory examination for a complete blood count was requested, which confirmed clinical signs of severe anemia with a hemoglobin level of 0.8 g/dL, as determined by the CBC machine, significantly below the normal range. The test was done before any medical intervention. After gathering additional information about the past from the family, that she has experienced anemia.
The initial laboratory findings from complete blood count (CBC) are outlined in Table 1. Upon arrival, girls level of hemoglobin (Hgb) was alarmingly low at 0.8 g/dL, along with below 70.0 fL mean corpuscular volume (MCV). Additionally, her hematocrit was significantly low at 3.1%. The red blood cell distribution width (RDW) was 45.2%, and the red blood cell (RBC) count was 0.44 x 10^6u/L. 
Blood group- O+ve
RBS 186
Blood Film-positive for plasmodium falciparum
The other laboratory test result 
The correct course of antibiotic treatment was initiated, and a blood transfusion was requested. However, the transfusion was postponed due to a shortage of blood at the Assosa Hospital's blood bank. While waiting, an IV line was established for the girl, and she was started on antibiotics. She was also placed on a concentrator for duration of three days. The child's condition was critical and she was on the verge of death when the blood for transfusion finally became available. The transfusion was successfully performed without any issues, leading to a substantial rise in her hemoglobin level from 0.5 g/dl to 9 g/dl, and her hematocrit increased from 3.1% to 36%. Despite the blood transfusion, the child still exhibited symptoms of respiratory distress, a fast heart rate (known as tachycardia), quick breathing (referred to as tachypnea), and heightened irritability. To alleviate these symptoms, oxygen therapy was administered.
A woman of 35 years, accompanied by her daughters, was referred from Beghi Primary Hospital in Ethiopia with a diagnosis of severe anemia and a history of severe malaria. Her husband brought her to the hospital. Upon her arrival at the emergency room, the physician reviewed her referral sheet and additional diagnoses such as blood sugar test, stool examination, and blood type. The physician then ordered a complete blood count (CBC) as indicated on Table 1, and a blood film for malaria testing. The test results confirmed that she was positive for malaria and was suffering from severe anemia, with a hematocrit level of 8.3% and an RBC count of 0.44 x 10^6u/L. She was immediately admitted for a blood transfusion and other necessary treatments, along with her daughter.
Blood group- O+ve
RBS 124g/dl
Blood film-positive for plasmodium falciparum
The other laboratory test result for case 2 
Treatment with antimalarial and antibiotics was started to address co-infections and prevent potential secondary bacterial infections. However, even though a blood transfusion was requested, it was postponed for 3 days after admission due to a lack of blood in the blood bank. After the blood transfusion was performed, the patient's hemoglobin level rose significantly from 3g/dl to 10 g/dl after receiving just one unit of blood. Importantly, the patient did not need an additional unit of blood transfusion.
While the mother was in the pediatric ward, nurses from the medical ward continued to monitor her. During their hospital stay of 5 days, both the mother and daughter each received a unit of whole blood transfusion, and the daughter was also given an artesunate injection, ceftriaxone, and a paracetamol suppository. On the 5th day, both patients were discharged with plans for follow-up care. At the time of discharge, the post-test results showed hemoglobin and hematocrit levels of 10 g/dL and 30%, and 12 g/dL and 36%, respectively. Blood smears were taken prior to discharge to confirm that the malaria infection had been cleared. Both patients were able to eat and showed relief from their symptoms, with their vital signs returning to normal. Specifically, their oxygen saturation was at 99% and 98%, body temperatures were 36  C and 36.2 C, blood pressures were 110/70 mmHg and 120/60mmHg, heart rates were 137 and 65 beats per minute, and respiratory rates were 37 and 16 breaths per minute, respectively for the first and second case."
PMC10800722_01,PMC10800722,Female,40.0,"A total of 20 CHWs were invited for the training program, 14 (70%) from Suriname employer organizations and 6 (30%) from Brazil employer organization. Disparities of participants between Suriname and Brazil were due to the recruitment framework (final selection before vs. after the training program) and the number of Curema inclusion sites in Brazil vs. Suriname (2 vs. 5). The characteristics of the trainees are summarized in Table 3. The majority of CHWs belonged to female sex, were over 40 years old, and spoke Portuguese as their mother tongue. Five CHWs had Spanish as their mother tongue but could proficiently speak and understand Portuguese. In total, 20% of CHWs had previously worked in research. Of the 20 CHWs, four took part in individual semi-structured interviews during evaluation step 2.
CHW profiles were different in Brazil and Suriname because of different recruitment criteria and frameworks. For instance, 33.3% of CHWs from Brazil has already worked in research-related field, although only 14.3% of Surinamese has worked in the research-related field. In addition, 100% of CHWs from Brazil employer organization were recruited, whereas 64.3% from Suriname employer organization were recruited.
Contextual elements have been identified through indirect observation, particularly through documentary research.
Two elements were identified as levers for the training. The first is the political, economic, and intellectual environment in which the Curema project:and consequently the training program:navigates. In fact, Suriname and French Guiana have committed to eliminate malaria from their territories by 2025 (World Health Organization's E-2025 initiative) and Brazil by 2035. There is no doubt that this commitment ensured good conditions for the start of the Curema intervention and its training program. Second, previous lessons learned during the Malakit project by our team in training the same community in a similar context and partners' experiences were precious in guiding the design and development of the ToT program, particularly regarding the methodology, the time, and the appropriate tools for the audience.
On the other hand, the complexity of the Curema project also influenced the training because of a large number of interacting components that are sometimes difficult to align for the training program development. In fact, Curema is an international project that means several organizational levels, country-specific features for implementation on the field, communication in different foreign languages depending on the actors, and logistical issues linked to differences in bureaucracy and regulatory requirements between countries. Moreover, it was important to consider that the number and level of articulations of the activities required by CHWs complexified the training program design. Finally, differences in recruitment and employment frameworks made CHW group composition heterogeneous: Previous baseline knowledge was dissimilar due to previous experiences and to a pre-work organized separately for Brazil and Suriname.
Among the CHWs who attended the training program, four (20.0%) had already worked in the research field and ten (50%) had already collaborated with one of the three employer organizations involved in the Curema project. We observed that, for these CHWs, prior knowledge of certain procedures increased mastery of the subject and reduced the time needed to learn. In addition, owing to a participatory approach and to the inclusion in the schedule of practical sessions of pair and group work, peer education dynamics took place. The attention to the choice of the classroom and the setting is also decisive in the generation of these dynamics. Thus, these CHWs became a resource for supporting training. However, certain disadvantages were also identified such as the transfer of some erroneous automatisms already adopted in their practice. Feedback activities allowed to readjust practices.
""Teamwork is always very good to bring together (experiences) [...] often Brazil works in one way. We work in another way [...] and this interaction helps us a lot, I learn from you and you learn from me, and vice versa."" (Interview verbatim, CHW from Suriname).
The observed interpersonal relationships among CHWs had a strong influence on group dynamics for learning, active participation in training, and engagement in the project. Because of the different recruitment framework, at the beginning of the training program CHWs appeared to form two distinct groups. Based on team building and adult learning principles, more collaborative activities were implemented to facilitate exchanges and integration. Some spontaneous team-building initiatives were also pointed out.
 ""Afterwards, the group work was done, which [...] allowed people to feel more in tune with each other and communication improved [...] which was fun and at the same time a joint learning process, it was very good."" (Interview verbatim, CHW from Suriname). 
The training was delivered in 105 hours over 3 consecutive weeks (Table 1). The training program was designed to be part of a continuous professional development approach centered on CHWs. Thus, it was flexible and evolutive. Numerous adaptations were made to ensure constant improvement of CHW knowledge and practice and to perfect training (schedule, activities, and tools) and project elements. Indeed, many of those elements had already been co-designed through community involvement. The bidirectional working space during the training sessions enabled to adapt the vocabulary and content of the inclusion questionnaire, add supplementary material in the facilitation manual, and make a video for the informed consent procedure. As they reported during informal conversations and semi-structured interviews, CHWs greatly appreciated the opportunity to be part of this evolution process.
 ""I read the informative note [...] But thanks to the video activity, I read and memorized (the informative note). What I had to say in the video, that's what I learned, I do not forget it."" (Interview verbatim, CHW from Suriname). 
The reaction has been assessed through participant observations, informal conversations with participants, the group discussion, satisfaction test, and semi-structured interviews.
Overall, CHWs affirmed to be very satisfied with the training. The methodology used for the training was particularly appreciated by CHWs with reference to activities using a kinesthetic learning model, practice-based activities, group work, and a bidirectional approach. All items explored on a scale of 1-5, ranging from ""not at all satisfied"" to ""completely satisfied,"" were ranked over 4. Satisfaction is shown to be directly linked to learning:
""It was fun, creative, and useful for memorizing, because you remember [what you learn using these techniques], is not it? We do not forget. The games were very good"" (Interview verbatim, CHW from Suriname).
Indeed, 61.1% of the 18 CHWs answering the satisfaction test declared had reached ""optimum mastery,"" the 27.8% reported ""sufficient mastery but needed support during the launch in the field""; and only one person felt ""insufficient mastery,"" asking for ""more time for training.""
CHWs were observed to be satisfied also during the on-the-job training. In fact, some of them stated that the sessions provided the knowledge and practice needed to start the job in the field.
Learning has been evaluated through knowledge surveys and observations (particularly using the systematic inclusion process monitoring checklist). Self-assessment of achieved learning goals also provided data for this section through informal conversations and semi-structured interviews.
The knowledge survey evaluation found a knowledge improvement with a significant increase in the average scores of the test between pre- and post-surveys (basic knowledge) with a p-value of <0.05 both for test scores at t0-t1 and t0-t2 (<PMC10800722_fpubh-11-1306432-g003_A_1_4.webp><PMC10800722_fpubh-11-1306432-g003_B_2_4.webp><PMC10800722_fpubh-11-1306432-g003_C_3_4.webp><PMC10800722_fpubh-11-1306432-g003_D_4_4.webp>). On the contrary, differences in scores between tests at t1 and t2 were not significant both for basic and for advanced knowledge (p = 0.26 and p = 0.68, respectively). The same trend was shown for analyzing individual scores' increase for CHWs who underwent the knowledge survey at t0, t1, and t2. The bivariate analysis (Table 4) for age, sex, recruitment country, mother tongue, and previous collaboration did not show any differences in these categories, apart from a better basic knowledge in the t2 test among those with previous experience in the research field (p < 0.05).
A total of 24 inclusion simulations have been studied during the evaluation step 1. Systematic inclusion process monitoring through the checklist pointed out that two-thirds of the observed inclusion simulations (n = 16) contained inaccuracies in the step-by-step process. Nevertheless, inaccuracies often concerned the same steps. The highest rate of inaccuracy was found for the explanation of the patient information note for the informed consent procedure, which was inaccurate in 29.2% of the observed inclusion simulations, followed by the process of installing the Curema smartphone application, which had an inaccuracy rate of 16.7%.
These results are in line with the results of the qualitative analyses based on informal conversations and interviews with CHWs who also reported reasons why those two steps were difficult in their opinions. First, the information note, using scientific terms and constructions, was dense with complex concepts and difficult to be understood by people with a poor level of scholarity.
 ""What really frightened us, I can say for myself and several other people, was the informative note [...] What really complicates things for me is the informative note."" (Interview verbatim, CHW from Suriname). 
Second, the Curema smartphone application was not sufficiently explored during the training program. Indeed, at that time, some technical developments of the application were still in progress. Thus, the final version and procedure to use it were not integrally exposed during the initial training.
 ""(The Curema application procedure), we have only seen it one day, have not we? We have not tested it much yet."" (Interview verbatim, CHW from Suriname). 
Behavior was assessed during evaluation step 2 using observation techniques and semi-structured interviews.
During the observed launch at the Curema inclusion sites, the level of concordance of CHWs' practices with the Curema standard procedures was adequate even if, during on-the-job training, further support by trainers was needed to guide CHWs toward autonomy. Moreover, CHWs expressed the need for more time and fieldwork to master the step-by-step process and re-elaborate concepts for an effective knowledge transfer to the community.
 ""I think everything went well. Now it's just a matter of practice, in my opinion."" (Informal conversation, CHW from Brazil). 
Constructive professional relationships, good teamwork, and a sense of belonging to a common cause were also pointed out by CHWs as factors able to influence behavior in the field, leading to engagement and proactive participation in the intervention.
 ""If you do not feel good in the team, this can have an influence on your motivation, for example, in the way the work is run."" (Interview verbatim, CHW from Suriname)."
PMC10932508_01,PMC10932508,Female,52.0,"A 52-year-old female presented to the emergency department of a rural community hospital in New Hampshire, complaining of severe fatigue. Except for being diagnosed with COVID-19 three weeks prior to presentation, she was otherwise healthy and took no medications. She had not received any treatment for COVID-19 after self-diagnosing herself with a home test. Except for the fatigue, the rest of her symptoms had improved. On presentation, she was afebrile with a heart rate of 126 beats/min, blood pressure 102/58 mm Hg, respiratory rate 20 breaths/min, and saturating 98% on room air. Patient was alert, oriented, in no apparent distress and the physical exam was significant for scleral icterus. Laboratory tests are shown in Table 1.
Given significant abnormalities, laboratory tests were repeated after 5 h and showed a further drop in Hb to 7.8 g/dl and persistent thrombocytopenia. Given the anemia and thrombocytopenia, a peripheral blood smear was performed and the preliminary lab report indicated presence of numerous intraerythrocytic parasitic forms.
Unaware of her travel history and given the endemicity of Babesiosis in the New England region, the patient was initiated on oral atovaquone and azithromycin with plans for inpatient admission. Given her elevated lactate, tachycardia and borderline hypotension, fluid resuscitation was initiated for presumed sepsis secondary to a parasitic infection. When evaluated by the hospitalist, the patient provided additional history of recent travel to Sierra Leone to work in a gold mine as a part of her family business. She had not taken any chemoprophylaxis for malaria as a part of this trip. During the time of her travel, Sierra Leone was not known to have any active Ebola outbreaks either.
Given this history and her seeming to be confused during this interaction, the on call pathologist was asked to review the smear, who in turn reported, numerous ring-formed parasitic trophozoites, and occasional cluster schizont forms within RBCs, consistent with malaria and a very high parasite load estimated at 39.3% as shown in <PMC10932508_jchim-14-01-001f1_undivided_1_1.webp> Concurrent microbiology testing was positive for Plasmodium falciparum antigen. In the light of these findings, the patient was diagnosed with severe malaria due to Plasmodium falciparum (see <PMC10932508_jchim-14-01-001f2_undivided_1_1.webp><PMC10932508_jchim-14-01-001f3_undivided_1_1.webp> and 3).
The current first-line agent for severe malaria or central nervous system malaria is parenteral Artesunate therapy. Unfortunately, given the lack of Infectious Diseases coverage at our hospital over the weekend, there was confusion regarding availability of antimalarials on campus and the process of acquiring it. We called the CDC hotline and were informed of the process to procure IV Artesunate and to start oral antimalarials in the interim. As the patient had a high parasite load with impending signs of deterioration, we initiated a prompt transfer to the tertiary academic medical center within our health system to help facilitate evaluation, diagnosis and treatment for the patient. Unfortunately, the tertiary facility also only had the oral antimalarial Artemether/Lumefantrine in stock, which they started, while awaiting a shipment of IV Artesunate from another facility within the region and the regional distributor.
Within 24 h of transfer, IV Artesunate was procured and initiated on the patient. Subsequent peripheral smears showed an improving parasite load. Given the patient's confusion, a non-contrast head CT was done, which showed no acute findings. Since the patient was already on IV Artesunate and because of severe thrombocytopenia, lumbar puncture was not done. Ophthalmology was consulted and diagnosed malaria retinopathy via dilated ophthalmologic examination, confirming severe malaria.
After 3 days of IV artesunate treatment, a repeat peripheral blood smear showed <1% parasitemia and artesunate was replaced with artemether/lumefantrine for three more days of treatment. Her vitals, clinical exam and blood counts improved and she was discharged on hospital day 6, fully recovered."
PMC10911190_01,PMC10911190,Female,78.0,"Here, we report the case of a 78-year-old female with a history relevant for multiple trips to the African Continent on missionary work over the last 25 years using mefloquine as prophylaxis against malaria as directed. She gave no previous history of symptomatic malaria despite her multiple trips to Sub-Saharan Africa. She presented approximately 1 month after returning to the U.S.A from her trip to Africa with a 10-day history of fever and chills. On presentation, she had a high fever of 103.7 F. Laboratory data were relevant for leukopenia, anemia, mildly elevated liver function tests, and an ultrasound with nonobstructing gallstones without murphy sign. She was admitted with a working diagnosis of possible cholecystitis and was expected to undergo surgery. Malaria was suspected due to her relevant travel history and appropriate labs were requested. Peripheral blood smear for parasites showed intraerythrocytic inclusion body suggestive of malaria, identified as malaria with specific Malaria Protein Antigen [<PMC10911190_TP-14-45-g001_undivided_1_1.webp>]. Species was confirmed as P. malariae by Plasmodium species polymerase chain reaction (PCR) methodology. She was started on Artemether-Lumefantrine with excellent response with reduction of parasitemia after initiation of treatment with improvement in her symptoms and laboratory values in complete blood count, liver function tests and parasitemia [Table 1-3]."
PMC11019078_01,PMC11019078,Male,75.0,"A previously healthy 75-year-old male patient presented to his general practitioner (GP) in early August 2023 with a constellation of symptoms including myalgia, arthralgia, fever, nausea, anorexia, vomiting, severe abdominal pain, headaches and constipation. He had travelled to the USA 6 weeks prior to presentation. On arrival he experienced 'flu-like symptoms and subsequently tested positive for severe acute respiratory syndrome coronavirus 2 (SARS-CoV-2). A week after arrival, the patient continued his journey to Maine, where he resided in his brother's lake house for about 3 weeks. During his stay he partook in outdoor leisure activities. On his return to South Africa, he reported extreme fatigue and tiredness.
He was symptomatically managed by his GP for a few days. When the patient returned for review, the possibility of Lyme disease was considered (although he did not recall being bitten by ticks), and he was referred to hospital for further management.
Upon admission, the patient was acutely ill and pyrexial. Vital signs remained within acceptable limits. Physical examination revealed no overt signs of organ-specific abnormalities. The respiratory examination was unremarkable. Abdominal examination unveiled tenderness in the epigastrium, with no hepatosplenomegaly. On dermatological examination, the skin exhibited Campbell de Morgan spots. There were no mucocutaneous rashes, eschars or erythema migraines. The rest of the examination was unremarkable.
The working diagnosis encompassed several possibilities, including suspected Lyme disease related to the patient's travel history, Gram-negative sepsis complicated by disseminated intravascular coagulopathy, and malaria. The treatment plan involved a combination of medications, including ceftriaxone, amikacin, doxycycline, pantoprazole and paracetamol, together with intravenous fluid therapy.
The patient's full blood and differential count reflected a mild normocytic anaemia (10.9 g/L), moderate true thrombocytopenia (54 x 109/L) with normal leucocyte count (Table 1). Thin blood smear examination was initially reported as negative for malaria parasites, with negative rapid pan-malaria and Plasmodium falciparum antigen tests. A subsequent quantitative buffy coat (QBC) procedure was unequivocally positive for fluorescence (<PMC11019078_SAJID-39-588-g001_undivided_1_1.webp>) and was referred to the haematologist for diagnostic review. Quantitative buffy coat method utilises the fluorescent dye acridine orange that non-specifically stains blood parasite DNA in a capillary tube, which is then centrifuged to concentrate any parasites that are present.
Subsequently, telephonic consultation with the treating physician confirmed specific travel history raising suspicion of a non-Plasmodium infection. On smear review scanty ring forms were visualised (<PMC11019078_SAJID-39-588-g002_a_1_4.webp><PMC11019078_SAJID-39-588-g002_b_2_4.webp><PMC11019078_SAJID-39-588-g002_c_3_4.webp><PMC11019078_SAJID-39-588-g002_d_4_4.webp>) and when interpreted with the clinical history, negative malaria antigen tests and positive QBC, microbiological consultation was then pursued for further epidemiological insights. Malaria polymerase chain reaction (PCR) was performed to exclude a false-negative antigen result and this was negative.
The thin smear was reviewed by microbiologists, who considered the possibility of babesiosis, given the associated travel history as well as the presence of as extra-erythrocytic parasites on microscopy. The National Institute for Communicable Diseases (NICDs) was consulted, and the consensus was that this was a likely case of travel-related babesiosis. After discussion with the treating physician ceftriaxone and amikacin were discontinued, and the patient was transitioned to clindamycin, quinine and doxycycline.
At NICD the organism was confirmed to be B. microti by PCR and Sanger sequencing. The parasitaemia was determined to be 0.2% on blood smear review. Lyme disease was excluded by serological testing (two-tiered serology algorithm). Co-infection with other possible tick-transmitted pathogens such as A. phagocytophilum and Ehrlichia spp. could not be excluded, and it was decided to continue further treatment with doxycycline. Two sets of blood cultures remained negative after 5 days' incubation.
The patient's condition gradually improved, and he was subsequently discharged after 6 days, with a directive to complete a 10-day course of doxycycline, quinine and clindamycin."
PMC11380894_01,PMC11380894,Male,53.0,"A previously healthy 53-year-old male of average build and height was brought to the emergency department by his family due to a severe and continuous headache accompanied by vomiting persisting for 5 days. He reported feeling dizzy and experiencing difficulty walking. In addition, the patient had been in a drowsy state for 1 day. Upon inquiry, it was disclosed that the patient had been involved in a road traffic accident (RTA) 1 month prior, resulting in a mild contusion and right frontal lobe hematoma, which was managed conservatively [<PMC11380894_SNI-15-304-g001_a_1_2.webp><PMC11380894_SNI-15-304-g001_b_2_2.webp>]. The patient had no known comorbid conditions and provided no significant drug history. Initially, his Glasgow Coma Scale (GCS) score was 13/15, with bilaterally equally reactive pupils. Laboratory workup revealed normal ranges, with hemoglobin of 10.9 g/dL and platelets of 169 x 103/mL. However, his GCS deteriorated rapidly, prompting a swift computed tomography (CT) scan, which revealed bilateral acute on chronic subdural hematomas (SDHs) with midline shift and subfalcine herniation toward the right side of the brain [<PMC11380894_SNI-15-304-g002_a_1_2.webp><PMC11380894_SNI-15-304-g002_b_2_2.webp>]. Consequently, a left frontotemporoparietal craniotomy and evacuation of the SDHs were promptly performed, and the patient was admitted to the trauma intensive care unit postoperatively and intubated.
Postoperatively, the patient's level of consciousness deteriorated further, with a GCS dropping to E2VtM5. A repeat CT scan revealed a recurrent left SDH with a midline shift of 9.5 mm [<PMC11380894_SNI-15-304-g003_a_1_2.webp><PMC11380894_SNI-15-304-g003_b_2_2.webp>]. Subsequently, the patient underwent a second surgery to evacuate the newly formed SDH, during which an extradural hematoma was discovered beneath the bone flap. However, the patient's headache worsened postoperatively, and he became increasingly drowsy and confused. A repeat CT scan revealed a new intraparenchymal hematoma in the left frontal region, with a reduced SDH volume and midline shift [<PMC11380894_SNI-15-304-g004_a_1_2.webp><PMC11380894_SNI-15-304-g004_b_2_2.webp>], aligning with the second surgery. Due to the consecutive recurrent intracranial bleeds, a hematology consultation was sought. Platelet aggregation studies, fibrinogen, factor 13, and other clotting tests were conducted, alongside tests for malaria and dengue, which returned positive for Falciparum species. The remaining conventional clotting tests were normal, and dengue was negative. The patient received two units of packed cell volume and six units of platelets promptly, along with initiation of intravenous artesunate therapy (2.4 mg/kg), followed by the same dose after 12 h and continued once daily for 5 days. Following the diagnosis of Falciparum-induced coagulopathy, the new intraparenchymal hemorrhage in the left frontal region was conservatively managed with antiepileptics and anti-edema drugs.
The patient was extubated after stabilization on the 5th postoperative day from the first craniotomy. Throughout platelet transfusions and antimalarial therapy, the patient's general condition and GCS significantly improved, with platelets reaching 138 x 103/mL. He was discharged home on the 6th postoperative day from the first craniotomy, in a stable condition, with oral Artemether/Lumefantrine 80/480 mg twice daily for 3 days after consulting with infectious disease specialists. In subsequent follow-up after a month, his GCS remained stable, he reported no new complaints, and the hematoma was completely resolved. Repeated malarial parasite and dengue tests also came out negative."
PMC11682824_01,PMC11682824,Male,50.0,"On June 14, 2024, an otherwise healthy 50-year-old male former military service member sought care at a primary care center in Bogota (capital city of Colombia) after 7 days of fever (up to 39 C), chills, diaphoresis, myalgias, arthralgias, and headache. He reported a 2-day history of epigastric pain, loose stools, and dark urine. His illness was considered an unspecific viral infection, and he was discharged. His signs/symptoms had begun 10 days after he returned from Grande Comore Island, where he had stayed for 2 weeks while providing military training. Until his travel to the Comoros, he had not been in another P. vivax/P. falciparum-endemic area in the previous 5 years. On June 15, 2024, he was admitted to Hospital Militar Central, a reference military hospital in Bogota, for a syncopal episode, disorientation, and jaundice. Physical examination revealed hypothermia, tachycardia with Kussmaul breathing, and reduced oxygen saturation. The patient was jaundiced and stuporous with no bleeding.
Laboratory tests revealed leukocytosis, anemia, severe thrombocytopenia, malarial hepatopathy, renal impairment, metabolic acidosis, and hyperlactatemia (Table). Thick and thin blood smears showed P. falciparum (17,840 trophozoites/muL; parasitemia of 0.35%) with gametocytes and P. vivax (8,320 trophozoites/muL). Severe malaria was diagnosed, and treatment with intravenous artesunate was initiated (2.4 mg/kg) in addition to fluid resuscitation and invasive mechanical ventilation support. However, the patient experienced 2 episodes of cardiopulmonary arrest and died. Autopsy and histopathologic examination of heart and brain samples revealed multiple parasitic structures compatible with Plasmodium trophozoites (Appendix Figures 1, 2). PCR performed on blood smears confirmed the presence of P. falciparum and P. vivax (Appendix). DNA gene fragments from the small subunit rRNA 18S gene were sequenced from the positive specimens, and phylogenetic analyses positioned the obtained sequences in the same subclade as P. falciparum sequences detected in South Africa and as P. vivax sequences detected in Cameroon, Nigeria, China, and India (Figure; Appendix). Sequences were deposited in GenBank (P. falciparum accession no. PQ408861, P. vivax accession no. PQ408862).
In the most recent study that used PCR to assess the distribution of Plasmodium spp. on Grande Comore Island, among 159 positive samples collected during 2012-2013, nearly all (98.11%) were positive for P. falciparum and only 1.25% were positive for P. vivax. At that time, the authors indicated that routinely, without PCR testing, the rapid diagnostic tests used in the Comoros were able to identify P. falciparum but no other Plasmodium spp., which is in accordance with a recent published editorial that discusses the contemporary concern with regard to the need to re-evaluate the spread of P. vivax in sub-Saharan Africa. The editorial mentioned that during 2017-2021, among 1.57 billion malaria rapid diagnostic tests purchased for use by sub-Saharan Africa national malaria control programs, 79.4% were focused on identifying P. falciparum and the remainder were combination tests lacking P. vivax specificity; thus, the predominant approach for malaria diagnosis across Africa was unable to specifically detect P. vivax. Our report highlights the value of strengthening laboratory diagnostic tools with good performance for detecting and accurately identifying Plasmodium spp. in clinical settings and of conducting more genetic-epidemiologic studies in the Comoros and other sub-Saharan Africa countries."
PMC11831090_01,PMC11831090,Male,23.0,"A 23-year-old Indian man, with no significant past medical history, presented to the emergency department with a three-day history of severe abdominal pain and fever. He arrived in Saudi Arabia eight months ago and had no other travel history. There were no changes in bowel habits or recurrent fever episodes. The patient reported no preceding trauma, allergies, previous hospital admissions, or surgeries. On physical examination, he appeared ill, drowsy, and jaundiced. His abdomen was distended, with generalized tenderness most pronounced in the left upper quadrant and right lower quadrant. There was no rebound tenderness. He was hypotensive, with a blood pressure reading of 82/72 mmHg.
Initial laboratory investigations revealed a venous blood gas (VBG) with a pH of 7.32, with pCO2 at 49 mmHg, HCO3 at 22 mmol/L, and an elevated lactate level at 4.4 mmol/L (Table 1). The complete blood count (CBC) showed a white blood cell (WBC) count of 20,000/mm3. Notably, the hemoglobin (Hb) level dropped from 13 g/dL to 10 g/dL within one hour, which, along with a platelet count of 19,000/mm3, raised concerns for acute hemorrhage and possible disseminated intravascular coagulation (DIC). Liver function tests showed normal aspartate aminotransferase (AST) and alanine aminotransferase (ALT) levels, but an elevated alkaline phosphatase (ALP) level of 157 U/L and a total bilirubin level of 33 micromol/L, with conjugated bilirubin at 7 micromol/L. Renal function tests were within normal limits. The coagulation profile was abnormal, with a prolonged prothrombin time (PT) of 23 seconds, a partial thromboplastin time (PTT) of 45 seconds, and an international normalized ratio (INR) of 1.76, further supporting the diagnosis of DIC.
Enhanced abdominal CT imaging revealed mild splenomegaly, with a calculated splenic ellipsoid volume of 535.5 mL, compared to the average normal spleen volume of 236.89 +- 77.58 mL. There were signs of splenic rupture, with at least two peripheral splenic lacerations present, associated with mild to moderate intra-abdominal hemoperitoneum and no active arterial contrast extravasation. These findings are illustrated in Figures 1-3. Given the imaging findings and the lab results, a working diagnosis of splenic rupture with secondary peritonitis was considered, and the underlying infectious etiology was suspected.
The patient was closely monitored by the General Surgery team and underwent an infectious diseases evaluation. A rapid blood assay confirmed the presence of the Plasmodium vivax antigen, and the diagnosis was further validated by a peripheral blood smear, which identified the parasite. This workup indicated P. vivax malaria as a likely contributor to the splenic rupture and associated complications.
Initial management
The patient was given supportive care, including three units of packed red blood cells (PRBCs); nil per os (NPO, nothing by mouth) status was maintained, with intravenous fluids (D5 1/2 normal saline at 120 mL/h) and antibiotics (ceftriaxone 1 g IV twice daily, metronidazole 500 mg IV three times daily). For symptom relief, paracetamol 1 g IV three times daily was given for fever, and omeprazole 40 mg orally once daily was prescribed.
After initial treatment, the patient's hemoglobin improved to 12, and we decided against splenectomy. Although splenectomy is the usual treatment for splenic rupture caused by malaria, it comes with significant risks, especially infections. In areas with malaria, splenectomy can make future malaria infections more dangerous and requires long-term prevention. Splenectomy also increases the risk of infections such as pneumococcus, Haemophilus influenzae, and Neisseria meningitidis infections, which are common in tropical regions. Additionally, it may affect the immune response to diseases like schistosomiasis. For these reasons, we chose to preserve the spleen, especially since the patient had exposure to tropical regions.
Antimalarial treatment
Upon confirmation of malaria, the patient was started on an antimalarial regimen based on the local malaria management guidelines in Saudi Arabia and the WHO recommendations. The treatment included artesunate (AS) 150 mg IV every 12 hours for two doses, followed by once-daily dosing, sulfadoxine/pyrimethamine (SP) 1500/75 mg orally as a single dose, and primaquine 0.5 mg/kg orally once daily for seven days. According to the local guidelines, the first-line treatment for malaria consists of AS combined with SP. Additionally, a single dose of primaquine (0.25 mg base/kg body weight, with a maximum dose of 15 mg) should be administered on the first day of treatment as a gametocytocidal agent to reduce transmission. The patient's regimen adhered to these guidelines, with adjustments made to ensure proper dosing and duration of therapy.
Follow-up and outcome
After six days of treatment, repeat malaria screening results came negative, indicating a successful clearance of parasitemia. The patient exhibited significant clinical improvement, regaining consciousness, orientation, and hemodynamic stability. His abdomen was soft, non-tender, and less distended, reflecting the resolution of the acute abdominal findings. The patient was discharged in a stable condition, with instructions for follow-up care."
PMC11760772_02,PMC11760772,Unknown,,"Only one patient received an anti-pneumococcal vaccine on the second day of surgery. The three patients who had laparotomy and splenectomy recovered and were discharged with a prescription for oral Amoxycillin, to be taken at a dose of one gram daily for one month. Follow-up was for one week for one patient, two weeks for five patients, and eight weeks for two patients.
Histopathological analysis of the spleen revealed a laceration in the splenic capsule and malaria pigment with phagocytes in the swollen white pulp."
PMC11722198_01,PMC11722198,Male,40.0,"We present a case of a 40-year-old male who was admitted to our facility with a 2-day history of altered mental status and loss of consciousness on the day of admission. There was no trauma or seizures reported.
Four days before his admission, the patient was diagnosed with severe malaria and was undergoing treatment for it. He had experienced two previous episodes of malaria in the past two months, making this his third episode. During these malaria episodes, his main symptoms were headaches and generalized body malaise.
This was the patient's first admission. There is no history of chronic illnesses, and there is no personal or family history of coagulopathies. The patient has no history of smoking or alcohol consumption.
During the general examination, no positive findings were noted. The neurological examination revealed that the patient had a Glasgow Coma Scale score of 12 (Eye - 3, Motor - 6, Verbal - 3). There were no signs of meningeal irritation or neurological deficits observed. The patient's vital signs were as follows: blood pressure of 145/84 mmHg, pulse rate of 62 beats per minute, respiratory rate of 14 breaths per minute, body temperature of 36.6  C, and oxygen saturation of 98 % in room air. A CT scan of the head revealed an acute left subdural hematoma with mass effect and a 13 mm midline shift as seen in <PMC11722198_gr1_A_1_3.webp>.
Initial Investigations revealed a white blood cell count of 8.13 x 109/L (reference range: 4-11 x 109/L), with haemoglobin count of 11.9 g/dL (reference range: 11-16.5 g/dL), platelet count of 349 x 109/L (reference range: 150-450 x 109/L), a C-reactive protein concentration of 2.46 mg/dL (reference range < 5 mg/dL), Blood Urea Nitrogen of 4.6 mmol/L (reference range: 1.79-6.43 mmol/L), Serum creatinine of 51.36 umol/L (reference range: 59-104 umol/L), Total Serum bilirubin was 8.08 umol/L (reference range: 0-21 umol/L), Direct Serum Bilirubin was 4.48 umol/L (reference range: 0-5 umol/L), Serum SGOT/AST of 14.2 IU/L (reference range: 0-40 IU/L), Serum SGPT/ALT of 33.58 (reference range: 0-40 IU/L), Serum Gamma GT of 91.73 IU/L (reference range: 8-61 IU/L), Serum Alkaline Phosphatase of 50.98 IU/L (reference range: <250 IU/L), Serum Sodium of 133 mmol/L (reference range: 135-145 mmol/L), Serum Potassium of 4.11 mmol/L (reference range: 3.5-5 mmol/L), Serum Chloride of 95.78 mmol/L (reference range: 98-107 mmol/L), Prothrombin time of 12.8 s, Activated Partial thromboplastin time of 30.7 s, and International Normalized Ratio (INR) of 1.16 The rapid test for malaria antigen was positive for plasmodium falciparum with a parasite count of 50 trophozoites per 200 white blood cells. He had received a full dose of artesunate injections as treatment for malaria before his admission to our facility. Upon admission, he continued with a dose of four tablets of artemether-lumefantrine (40/480 mg strength) at 0 and 8 h on the first day, followed by 12-h intervals for the next two days as part of his ongoing malaria management.
Emergency surgical intervention was done whereby, two left frontoparietal and parietal occipital burr holes were drilled. There was liquified blood in the subdural space with membrane formation compressing the brain tissue, which was noted to be pulsating. All membranes were opened to expose the brain. About 50 cc of old blood was evacuated and irrigation with normal saline was done. After 24 h, a post-operative computed tomography (CT) scan of the head revealed that a significant hematoma had been evacuated. The scan showed a resolution of the mass effect with minimal evidence of midline shift. Additionally, a pocket of air was noted in the left frontal subdural space as seen in <PMC11722198_gr1_B_2_3.webp>.
The patient was discharged after 72 h, and a Computed Tomography Angiography (CTA) was performed to rule out other vascular causes of the subdural hematoma, as shown in <PMC11722198_gr1_C_3_3.webp>. Two weeks after discharge, the patient returned with a severe throbbing headache. However, there were no accompanying symptoms such as nausea, vomiting, visual changes, seizures, or alterations in mental status. Upon suspicion of a recurrent subdural hemorrhage, a repeat CT scan was performed, revealing a subacute on chronic left subdural hemorrhage with a mass effect and a midline shift of 9.2 mm, along with left-sided cerebral edema as seen in <PMC11722198_gr2_A_1_3.webp>.
Magnetic resonance imaging of the brain revealed acute on chronic subdural hemorrhage, significant midline shift, subtle subfalcine herniation, and early onset hydrocephalus as shown in Fig. 2B.
The left burr holes were opened, and blood was evacuated, with simultaneous irrigation of previous burr holes and opening of the pseudo membrane. The brain was expanded completely to obliterate the space.
The patient received preoperative dexamethasone, starting with an initial dose of 8 mg every 8 h. Postoperatively, the dosage was tapered down to 6 mg every 8 h for two days. Additionally, the patient was administered an intravenous dose of tranexamic acid at 1000 mg as a STAT dose, followed by 500 mg every 8 h for 48 h. The patient was also prescribed atorvastatin at a dosage of 40 mg to be taken at night for 2 weeks. After completing this regimen, he was discharged and advised to continue follow-up as an outpatient."
PMC12413939_01,PMC12413939,Female,29.0,"A 29-year-old primigravida with fetal demise presented at the Emergency Obstetric Care Unit of Hopital Autonome de Ngozi, Ngozi, Burundi. Upon admission, she was pyrexial (38 C), clinically septic, hypotensive (85/55 mmHg), and tachycardic, with a respiratory rate of 22 breaths per minute, a heart rate of 120 bpm, and a shock index of 1.4. Additionally, she was hypoglycemic (57 mg/dL), with a Glasgow Coma Scale (GCS) score of 14. The patient was 158-cm tall, weighed 48 kg, with a BMI of approximately 19.2.
The patient presented with generalized abdominal tenderness and had been in spontaneous labor since the previous day. An emergency cesarean section (CS) was performed due to prolonged labor, with a closed internal cervical OS and marked hemodynamic instability attributable to sepsis. A demised fetus at 22 weeks of gestation, as determined by the last menstrual period (LMP), was delivered. No signs of ascites or other intra-abdominal pathology were observed during the CS.
After CS, the woman was transferred to the local intensive care unit (ICU) of the hospital due to respiratory and hemodynamic instability. She was pyrexial, confused, and presented with severe hypotension (BP immeasurable) and hypoglycemia (40 mmHg). The hemoglobin color scale (HbCS, showed a hemoglobin level of 6.5 g/dL (Copack GmbH, Germany). In addition, due to the poor and rural conditions of the hospital, no hemoculture or other laboratory parameters were available to better define the septicemic state of the patient.
Medical therapy began with dopamine (initial infusion rate of 5 mug/kg/min, increasing at need) and ampicillin (1000 mg, IV) every 8 h, gentamicin (1 mg/kg) every 8 h, oxygen (4 L/min), and 50% glucose solution. Based on an initial clinical suspicion of malaria, quinine treatment was initiated, diluted in 500 mL of 5% glucose solution, with a loading dose of 20 mg/kg administered over 4 h, followed by a maintenance dose of 10 mg/kg every 8 h. Malaria was confirmed by the identification of Plasmodium falciparum upon microscopic examination of Giemsa-stained thick blood smear, and quinine treatment was subsequently continued. No other pharmacological options, such as artesunate or artemether, were available at the Hopital Autonome de Ngozi. The patient was also tested for HIV, and the result was negative.
The day after her CS, the patient's condition improved, but she complained of right upper quadrant pain and substantial hepatic tenderness. An ultrasonographic exam was performed, revealing an 11 x 12-cm liver abscess located in the right upper quadrant (Figure 1). The sonographic pattern was described as a collected ALA according to the N'Gbesso criteria.
Thus, we decided to treat the abscess via percutaneous drainage under sonographic guidance. The percutaneous treatment procedure was performed under local anesthesia (2% lidocaine) and continuous real-time sonographic guidance using the freehand technique. For sonographic guidance, a portable device (LOGIC Book XP; General Electric Medical Systems, Milwaukee, WI) and a 4-MHz convex transducer were used. An 18-gauge needle was used to aspirate the abscess cavity, and 200 mL of ""anchovy paste"" was drained from the abscess. Repeated washings with physiological solution were performed, and local metronidazole was instilled in the abscess cavity. Therapy with systemic metronidazole was initiated at a dose of 500 mg every 8 h; when microscopy of the pus revealed Entamoeba histolytica, although no organism was cultured, metronidazole was continued. To drain the remaining 500 mL of liquid, repeated percutaneous drainage was performed the day after, with the same settings.
On the third day after her recovery in the ICU, the patient's condition deteriorated with marked hypotension, hypoglycemia, and a semiconscious state. Therapy with dopamine was restarted, but it was ineffective. HbCS showed a hemoglobin level of 5 g/dL, likely due to a hemolytic crisis secondary to malaria infection. Thus, we decided to perform a blood transfusion; however, neither blood nor colloid was available, so therapy with two units of frozen plasma was set. Moreover, as there was no 50% glucose solution, three repeated infusions with 10% glucose solution were ordered to improve glycemic balance.
On the fourth day, BP was stable at 105/60 mmHg, glycemic profile was 80 mg/100 mL, and the patient was conscious. Paracentesis was performed to remove 1000 mL of straw-colored peritoneal fluid. Bedside abdominal ultrasound was used both pre- and intraoperatively to confirm the presence and distribution of the fluid. The ascites was likely reactive, associated with the underlying septic state and systemic inflammatory response.
Antibiotic, antimalarial, and antiamoebic therapy was continued for the following days. Thereafter, the patient left the ICU with a favorable outcome."
